cohort,bdchm_label,phv,pht,var_desc,var_units,bdchm_entity,bdchm_varname,bdchm_unit,participantidphv,associatedvisit,source_unit,target_unit,conversion_rule,equivalent_units,has_pht,has_onto,unit_match,unit_convert,unit_expr,row_good,varlist,bad_map,expr,add_var_units,note,added_phv
"fhs","8-epi-pgf2a in urine","phv00520369","pht012880","8-epi-isoprostane (sample type: urine)","","MeasurementObservation","isoprostane_8_epi_pgf2a","pg/mL","phv00520362","GENERATION 3 EXAM 1, NEW OFFSPRING SPOUSE EXAM 1, AND OMNI 2 EXAM 1","","","",,1,1,,0,0,0,"","","","","",""
"fhs","8-epi-pgf2a in urine","phv00520401","pht012882","8-epi-isoprostane, average concentration (sample type: urine)","","MeasurementObservation","isoprostane_8_epi_pgf2a","pg/mL","phv00520395","OFFSPRING EXAM 8 AND OMNI 1 EXAM 3","","","",,1,1,,0,0,0,"","","","","",""
"fhs","8-epi-pgf2a in urine","phv00520386","pht012881","original isoprostane (sample type: urine)","","MeasurementObservation","isoprostane_8_epi_pgf2a","pg/mL","phv00520376","OFFSPRING EXAM 7 AND OMNI 1 EXAM 2","","","",,1,1,,0,0,0,"","","","","",""
"fhs","8-epi-pgf2a in urine","phv00520387","pht012881","urine creatinine corrected isoprostane (sample type: urine)","","MeasurementObservation","isoprostane_8_epi_pgf2a","pg/mL","phv00520376","OFFSPRING EXAM 7 AND OMNI 1 EXAM 2","","","",,1,1,,0,0,0,"","","","","",""
"fhs","activity lp-pla2 in blood","phv00520364","pht012880","lp-pla2 activity (sample type: plasma)","","MeasurementObservation","lppla2_act","nmol/min/mL","phv00520362","GENERATION 3 EXAM 1, NEW OFFSPRING SPOUSE EXAM 1, AND OMNI 2 EXAM 1","","","",,1,1,,0,0,0,"","","","","",""
"fhs","activity lp-pla2 in blood","phv00520378","pht012881","lp-pla2 activity (sample type: plasma)","","MeasurementObservation","lppla2_act","nmol/min/mL","phv00520376","OFFSPRING EXAM 7 AND OMNI 1 EXAM 2","","","",,1,1,,0,0,0,"","","","","",""
"fhs","activity lp-pla2 in blood","phv00520397","pht012882","lp-pla2 activity concentration (sample type: plasma)","","MeasurementObservation","lppla2_act","nmol/min/mL","phv00520395","OFFSPRING EXAM 8 AND OMNI 1 EXAM 3","","","",,1,1,,0,0,0,"","","","","",""
"fhs","ahi apnea-hypopnea index","phv00056501","pht000395","ahi > 50","","MeasurementObservation","apnea_hypop_index","/h","phv00056635","FHS OFFSPRING OR OMNI 1 SHHS EXAM 1","","","",,1,1,,0,0,0,"","","","","",""
"fhs","ahi apnea-hypopnea index","phv00055553","pht000395","obstructive (all desats) apnea hypopnea (4% desat) index)","","MeasurementObservation","apnea_hypop_index","/h","phv00056635","FHS OFFSPRING OR OMNI 1 SHHS EXAM 1","","","",,1,1,,0,0,0,"","","","","",""
"fhs","ahi apnea-hypopnea index","phv00057941","pht000397","obstructive (all desats) apnea hypopnea (4% desat) index)","","MeasurementObservation","apnea_hypop_index","/h","phv00057982","FHS OFFSPRING AND OMNI 1 SHHS 2","","","",,1,1,,0,0,0,"","","","","",""
"fhs","ahi apnea-hypopnea index","phv00057873","pht000397","qs - medical alert - ahi > 50","","MeasurementObservation","apnea_hypop_index","/h","phv00057982","FHS OFFSPRING AND OMNI 1 SHHS 2","","","",,1,1,,0,0,0,"","","","","",""
"fhs","albumin creatinine ratio in urine","phv00462179","pht010725","microalbumin/creatinine ratio (uacr)","","MeasurementObservation","albumin_creatinine","mg/g{creat}","phv00462160","OFFSPRING EXAMS 5, 6, 7 AND OMNI 1 EXAMS 1, 2","","","",,1,1,,0,0,0,"","","","","",""
"fhs","albumin in blood","phv00008089","pht000031","albumin","","MeasurementObservation","albumin_bld","g/dL","phv00008379","FHS OFFSPRING EXAM 2","","","",,1,1,,0,0,0,"","","","","",""
"fhs","albumin in blood","phv00276863","pht006018","albumin - protein labs date same as onset","","MeasurementObservation","albumin_bld","g/dL","phv00276803","FHS ORIGINAL, OFFSPRING, GENERATION 3, NEW OFFSPRING SPOUSE, OMNI 1, OMNI 2 CASE REVIEW","","","",,1,1,,0,0,0,"","","","","",""
"fhs","albumin in blood","phv00462190","pht010726","albumin sample type: serum","","MeasurementObservation","albumin_bld","g/dL","phv00462185","FHS EXAM LAB ASSAYS, GENERATION 3 EXAM 3, NEW OFFSPRING SPOUSE EXAM 3, OMNI 2 EXAM 3","","","",,1,1,,0,0,0,"","","","","",""
"fhs","albumin in blood","phv00422388","pht006013","albumin: serum albumin - 3707-12 (p02768) (sample type: citrated plasma)","","MeasurementObservation","albumin_bld","g/dL","phv00275427","FHS OFFSPRING EXAM 5","","","",,1,1,,0,0,0,"","","","","",""
"fhs","albumin in urine","phv00462181","pht010725","24 hour urine albumin","","MeasurementObservation","albumin_urine","mg/L","phv00462160","OFFSPRING EXAMS 5, 6, 7 AND OMNI 1 EXAMS 1, 2","","","",,1,1,,0,0,0,"","","","","",""
"fhs","albumin in urine","phv00219549","pht004363","measurable range indicator for urine albumin","","MeasurementObservation","albumin_urine","mg/L","phv00219544","FHS OFFSPRING EXAM 7, OMNI 1 EXAM 2","","","",,1,1,,0,0,0,"","","","","",""
"fhs","albumin in urine","phv00227069","pht004802","measurable range indicator for urine albumin","","MeasurementObservation","albumin_urine","mg/L","phv00227023","FHS OFFSPRING EXAM 9, OMNI 1 EXAM 4","","","",,1,1,,0,0,0,"","","","","",""
"fhs","albumin in urine","phv00461329","pht006006","numerical data - part ii: urinalysis specimen - albumin","","MeasurementObservation","albumin_urine","mg/L","","","","","",,,1,,0,0,0,"","","","","",""
"fhs","albumin in urine","phv00251080","pht004814","numerical data - part ii: urinalysis specimen obtained - albumin","","MeasurementObservation","albumin_urine","mg/L","phv00250718","FHS OMNI 1 EXAM 2","","","",,1,1,,0,0,0,"","","","","",""
"fhs","albumin in urine","phv00009568","pht000034","urinalysis specimen - albumin","","MeasurementObservation","albumin_urine","mg/L","phv00009579","FHS OFFSPRING EXAM 5","","","",,1,1,,0,0,0,"","","","","",""
"fhs","albumin in urine","phv00001039","pht000010","urinalysis: albumin","","MeasurementObservation","albumin_urine","mg/L","phv00001187","FHS ORIGINAL EXAM 8","","","",,1,1,,0,0,0,"","","","","",""
"fhs","albumin in urine","phv00001192","pht000011","urinalysis: albumin","","MeasurementObservation","albumin_urine","mg/L","phv00001363","FHS ORIGINAL EXAM 9","","","",,1,1,,0,0,0,"","","","","",""
"fhs","albumin in urine","phv00001369","pht000012","urinalysis: albumin","","MeasurementObservation","albumin_urine","mg/L","phv00001559","FHS ORIGINAL EXAM 10","","","",,1,1,,0,0,0,"","","","","",""
"fhs","albumin in urine","phv00001566","pht000013","urinalysis: albumin","","MeasurementObservation","albumin_urine","mg/L","phv00001803","FHS ORIGINAL EXAM 11","","","",,1,1,,0,0,0,"","","","","",""
"fhs","albumin in urine","phv00009106","pht000033","urinalysis: albumin","","MeasurementObservation","albumin_urine","mg/L","phv00009127","FHS OFFSPRING EXAM 4","","","",,1,1,,0,0,0,"","","","","",""
"fhs","albumin in urine","phv00009585","pht000035","urinalysis: albumin","","MeasurementObservation","albumin_urine","mg/L","phv00010138","FHS OFFSPRING EXAM 6","","","",,1,1,,0,0,0,"","","","","",""
"fhs","albumin in urine","phv00010517","pht000036","urinalysis: albumin","","MeasurementObservation","albumin_urine","mg/L","phv00010694","FHS OFFSPRING EXAM 7","","","",,1,1,,0,0,0,"","","","","",""
"fhs","albumin in urine","phv00002422","pht000016","urinalysis: albumin (dip stick) trace=10","","MeasurementObservation","albumin_urine","mg/L","phv00002425","FHS ORIGINAL EXAM 14","","","",,1,1,,0,0,0,"","","","","",""
"fhs","albumin in urine","phv00002662","pht000017","urinalysis: albumin (dip stick) trace=10","","MeasurementObservation","albumin_urine","mg/L","phv00002668","FHS ORIGINAL EXAM 15","","","",,1,1,,0,0,0,"","","","","",""
"fhs","albumin in urine","phv00007968","pht000031","urinalysis: albumin (dipstick) trace=10","","MeasurementObservation","albumin_urine","mg/L","phv00008379","FHS OFFSPRING EXAM 2","","","",,1,1,,0,0,0,"","","","","",""
"fhs","albumin in urine","phv00002418","pht000016","urinalysis: albumin (quantitest)","","MeasurementObservation","albumin_urine","mg/L","phv00002425","FHS ORIGINAL EXAM 14","","","",,1,1,,0,0,0,"","","","","",""
"fhs","albumin in urine","phv00002658","pht000017","urinalysis: albumin (quantitest)","","MeasurementObservation","albumin_urine","mg/L","phv00002668","FHS ORIGINAL EXAM 15","","","",,1,1,,0,0,0,"","","","","",""
"fhs","albumin in urine","phv00007964","pht000031","urinalysis: albumin (quantitest)","","MeasurementObservation","albumin_urine","mg/L","phv00008379","FHS OFFSPRING EXAM 2","","","",,1,1,,0,0,0,"","","","","",""
"fhs","albumin in urine","phv00000522","pht000009","urinalysis: albumin, exam 1","","MeasurementObservation","albumin_urine","mg/L","phv00001036","FHS ORIGINAL EXAM 1-7","","","",,1,1,,0,0,0,"","","","","",""
"fhs","albumin in urine","phv00000577","pht000009","urinalysis: albumin, exam 2","","MeasurementObservation","albumin_urine","mg/L","phv00001036","FHS ORIGINAL EXAM 1-7","","","",,1,1,,0,0,0,"","","","","",""
"fhs","albumin in urine","phv00000639","pht000009","urinalysis: albumin, exam 3","","MeasurementObservation","albumin_urine","mg/L","phv00001036","FHS ORIGINAL EXAM 1-7","","","",,1,1,,0,0,0,"","","","","",""
"fhs","albumin in urine","phv00000769","pht000009","urinalysis: albumin, exam 5","","MeasurementObservation","albumin_urine","mg/L","phv00001036","FHS ORIGINAL EXAM 1-7","","","",,1,1,,0,0,0,"","","","","",""
"fhs","albumin in urine","phv00000840","pht000009","urinalysis: albumin, exam 6","","MeasurementObservation","albumin_urine","mg/L","phv00001036","FHS ORIGINAL EXAM 1-7","","","",,1,1,,0,0,0,"","","","","",""
"fhs","albumin in urine","phv00000925","pht000009","urinalysis: albumin, exam 7","","MeasurementObservation","albumin_urine","mg/L","phv00001036","FHS ORIGINAL EXAM 1-7","","","",,1,1,,0,0,0,"","","","","",""
"fhs","albumin in urine","phv00008722","pht000032","urinalysis: albumine (dip)","","MeasurementObservation","albumin_urine","mg/L","phv00008743","FHS OFFSPRING EXAM 3","","","",,1,1,,0,0,0,"","","","","",""
"fhs","albumin in urine","phv00008724","pht000032","urinalysis: albumine (qnt)","","MeasurementObservation","albumin_urine","mg/L","phv00008743","FHS OFFSPRING EXAM 3","","","",,1,1,,0,0,0,"","","","","",""
"fhs","albumin in urine","phv00462175","pht010725","urine microalbumin","","MeasurementObservation","albumin_urine","mg/L","phv00462160","OFFSPRING EXAMS 5, 6, 7 AND OMNI 1 EXAMS 1, 2","","","",,1,1,,0,0,0,"","","","","",""
"fhs","alt sgpt","phv00462188","pht010726","alanine aminotransferase sample type: serum","","MeasurementObservation","alt_sgpt","[IU]/L","phv00462185","FHS EXAM LAB ASSAYS, GENERATION 3 EXAM 3, NEW OFFSPRING SPOUSE EXAM 3, OMNI 2 EXAM 3","","","",,1,1,,0,0,0,"","","","","",""
"fhs","alt sgpt","phv00422390","pht006013","alt: alanine aminotransferase 1 - 3709-4 (p24298) (sample type: citrated plasma)","","MeasurementObservation","alt_sgpt","[IU]/L","phv00275427","FHS OFFSPRING EXAM 5","","","",,1,1,,0,0,0,"","","","","",""
"fhs","alt sgpt","phv00227066","pht004802","measurable range indicator for alanine aminotransferase","","MeasurementObservation","alt_sgpt","[IU]/L","phv00227023","FHS OFFSPRING EXAM 9, OMNI 1 EXAM 4","","","",,1,1,,0,0,0,"","","","","",""
"fhs","alt sgpt","phv00172202","pht002889","measurable range indicator for alt","","MeasurementObservation","alt_sgpt","[IU]/L","phv00172159","FHS GENERATION 3, NEW OFFSPRING SPOUSE, OMNI 2 EXAM 2","","","",,1,1,,0,0,0,"","","","","",""
"fhs","alt sgpt","phv00008098","pht000031","sgpt","","MeasurementObservation","alt_sgpt","[IU]/L","phv00008379","FHS OFFSPRING EXAM 2","","","",,1,1,,0,0,0,"","","","","",""
"fhs","ast sgot","phv00462189","pht010726","aspartate aminotransferase sample type: serum","","MeasurementObservation","ast_sgot","[IU]/L","phv00462185","FHS EXAM LAB ASSAYS, GENERATION 3 EXAM 3, NEW OFFSPRING SPOUSE EXAM 3, OMNI 2 EXAM 3","","","",,1,1,,0,0,0,"","","","","",""
"fhs","ast sgot","phv00422716","pht006013","got1: aspartate aminotransferase, cytoplasmic - 4912-17 (p17174) (sample type: citrated plasma)","","MeasurementObservation","ast_sgot","[IU]/L","phv00275427","FHS OFFSPRING EXAM 5","","","",,1,1,,0,0,0,"","","","","",""
"fhs","ast sgot","phv00008093","pht000031","sgot","","MeasurementObservation","ast_sgot","[IU]/L","phv00008379","FHS OFFSPRING EXAM 2","","","",,1,1,,0,0,0,"","","","","",""
"fhs","basophils count","phv00008120","pht000031","basophils","","MeasurementObservation","basophil_ncnc_bld","10*3/uL","phv00008379","FHS OFFSPRING EXAM 2","","","",,1,1,,0,0,0,"","","","","",""
"fhs","bilirubin conjugated direct","phv00008097","pht000031","direct bilirubin","","MeasurementObservation","bilirubin_con","mg/dL","phv00008379","FHS OFFSPRING EXAM 2","","","",,1,1,,0,0,0,"","","","","",""
"fhs","bilirubin total","phv00008090","pht000031","bilirubin","","MeasurementObservation","bilirubin_tot","mg/dL","phv00008379","FHS OFFSPRING EXAM 2","","","",,1,1,,0,0,0,"","","","","",""
"fhs","bilirubin total","phv00255363","pht005144","bilirubin","","MeasurementObservation","bilirubin_tot","mg/dL","phv00255349","FHS GENERATION 3 EXAM 1","","","",,1,1,,0,0,0,"","","","","",""
"fhs","bilirubin total","phv00521148","pht012889","qi1144-bilirubin (compound - metabolite)","","MeasurementObservation","bilirubin_tot","mg/dL","","","","","",,,1,,0,0,0,"","","","","",""
"fhs","bilirubin total","phv00521385","pht012890","qi1144-bilirubin (compound - metabolite)","","MeasurementObservation","bilirubin_tot","mg/dL","","","","","",,,1,,0,0,0,"","","","","",""
"fhs","bmi","phv00056833","pht000397","body mass index (bmi = pm202/((pm207/100)*(pm207/100)))","","MeasurementObservation","bmi","kg/m2","phv00057982","FHS OFFSPRING AND OMNI 1 SHHS 2","","","",,1,1,,0,0,0,"","","","","",""
"fhs","bnp","phv00462542","pht010727","bnp (pf) - olink cardiovascular ii(v.5004) - p16860 - oid00455","","MeasurementObservation","bnp","pg/mL","phv00462203","OFFSPRING EXAM 7","","","",,1,1,,0,0,0,"","","","","",""
"fhs","bnp","phv00369623","pht007776","bnp - criteria","","MeasurementObservation","bnp","pg/mL","phv00369587","FHS EVENT REVIEW ORIGINAL, OFFSPRING, GENERATION 3, NEW OFFSPRING SPOUSE, OMNI 1, OMNI 2","","","",,1,1,,0,0,0,"","","","","",""
"fhs","bnp","phv00462541","pht010727","bnp - olink cardiovascular ii(v.5004) - p16860 - oid00455 (sample type: edta plasma)","","MeasurementObservation","bnp","pg/mL","phv00462203","OFFSPRING EXAM 7","","","",,1,1,,0,0,0,"","","","","",""
"fhs","bnp","phv00369625","pht007776","bnp lab normal","","MeasurementObservation","bnp","pg/mL","phv00369587","FHS EVENT REVIEW ORIGINAL, OFFSPRING, GENERATION 3, NEW OFFSPRING SPOUSE, OMNI 1, OMNI 2","","","",,1,1,,0,0,0,"","","","","",""
"fhs","bnp","phv00369624","pht007776","bnp level","","MeasurementObservation","bnp","pg/mL","phv00369587","FHS EVENT REVIEW ORIGINAL, OFFSPRING, GENERATION 3, NEW OFFSPRING SPOUSE, OMNI 1, OMNI 2","","","",,1,1,,0,0,0,"","","","","",""
"fhs","bnp","phv00422396","pht006013","bnp-32: brain natriuretic peptide 32 - 3723-1 (p16860) (sample type: citrated plasma)","","MeasurementObservation","bnp","pg/mL","phv00275427","FHS OFFSPRING EXAM 5","","","",,1,1,,0,0,0,"","","","","",""
"fhs","body weight","phv00520310","pht006026","weight (pounds), exam 3","","MeasurementObservation","bdy_wgt","kg","phv00277015","FHS GENERATION 3, NEW OFFSPRING SPOUSE, OMNI 2 EXAM 1-3","","","",,1,1,,0,0,0,"","","","","",""
"fhs","bun","phv00008085","pht000031","bun","","MeasurementObservation","bun","mg/dL","phv00008379","FHS OFFSPRING EXAM 2","","","",,1,1,,0,0,0,"","","","","",""
"fhs","bun creatinine ratio","phv00227285","pht004809","urine urea nitrogen","g/d","MeasurementObservation","bun_creatinine","{ratio}","phv00227261","FHS OFFSPRING EXAM 9, OMNI 1 EXAM 4","","","",,1,1,,0,0,0,"","","","","",""
"fhs","c-reactive protein crp","phv00520365","pht012880","c-reactive protein (sample type: serum)","","MeasurementObservation","crp","mg/L","phv00520362","GENERATION 3 EXAM 1, NEW OFFSPRING SPOUSE EXAM 1, AND OMNI 2 EXAM 1","","","",,1,1,,0,0,0,"","","","","",""
"fhs","c-reactive protein crp","phv00520381","pht012881","c-reactive protein (sample type: serum)","","MeasurementObservation","crp","mg/L","phv00520376","OFFSPRING EXAM 7 AND OMNI 1 EXAM 2","","","",,1,1,,0,0,0,"","","","","",""
"fhs","c-reactive protein crp","phv00520398","pht012882","c-reactive protein (sample type: serum)","","MeasurementObservation","crp","mg/L","phv00520395","OFFSPRING EXAM 8 AND OMNI 1 EXAM 3","","","",,1,1,,0,0,0,"","","","","",""
"fhs","c-reactive protein crp","phv00462196","pht010726","c-reactive protein sample type: serum","","MeasurementObservation","crp","mg/L","phv00462185","FHS EXAM LAB ASSAYS, GENERATION 3 EXAM 3, NEW OFFSPRING SPOUSE EXAM 3, OMNI 2 EXAM 3","","","",,1,1,,0,0,0,"","","","","",""
"fhs","c-reactive protein crp","phv00422577","pht006013","crp: c-reactive protein - 4337-49 (p02741) (sample type: citrated plasma)","","MeasurementObservation","crp","mg/L","phv00275427","FHS OFFSPRING EXAM 5","","","",,1,1,,0,0,0,"","","","","",""
"fhs","c-reactive protein crp","phv00463198","pht010728","rna levels (cycle threshold): crp, run1, leukocyte","","MeasurementObservation","crp","mg/L","","","","","",,,1,,0,0,0,"","","","","",""
"fhs","c-reactive protein crp","phv00463150","pht010728","rna levels (cycle threshold): crp, run1, platelet","","MeasurementObservation","crp","mg/L","","","","","",,,1,,0,0,0,"","","","","",""
"fhs","cac score","phv00023196","pht000144","aortic artery calcium score (agatston)","","MeasurementObservation","cac_score","{score}","phv00023198","FHS GENERATION 3 EXAM 1","","","",,1,1,,0,0,0,"","","","","",""
"fhs","cac score","phv00023202","pht000145","aortic artery calcium score (agatston)","","MeasurementObservation","cac_score","{score}","phv00023204","FHS OFFSPRING EXAM 7","","","",,1,1,,0,0,0,"","","","","",""
"fhs","cac score","phv00257670","pht005161","coronary artery calcium score (agatston)","","MeasurementObservation","cac_score","{score}","phv00257668","FHS OFFSPRING, GENERATION 3, OMNI 1, OMNI 2","","","",,1,1,,0,0,0,"","","","","",""
"fhs","cac score","phv00023235","pht000147","coronary artery calcium score - score: total","","MeasurementObservation","cac_score","{score}","phv00023247","FHS OFFSPRING EXAM 6-7","","","",,1,1,,0,0,0,"","","","","",""
"fhs","cac score","phv00023194","pht000144","coronary artery scan 1 calcium score (agatston)","","MeasurementObservation","cac_score","{score}","phv00023198","FHS GENERATION 3 EXAM 1","","","",,1,1,,0,0,0,"","","","","",""
"fhs","cac score","phv00023200","pht000145","coronary artery scan 1 calcium score (agatston)","","MeasurementObservation","cac_score","{score}","phv00023204","FHS OFFSPRING EXAM 7","","","",,1,1,,0,0,0,"","","","","",""
"fhs","cac score","phv00023195","pht000144","coronary artery scan 2 calcium score (agatston)","","MeasurementObservation","cac_score","{score}","phv00023198","FHS GENERATION 3 EXAM 1","","","",,1,1,,0,0,0,"","","","","",""
"fhs","cac score","phv00023201","pht000145","coronary artery scan 2 calcium score (agatston)","","MeasurementObservation","cac_score","{score}","phv00023204","FHS OFFSPRING EXAM 7","","","",,1,1,,0,0,0,"","","","","",""
"fhs","cac volume","phv00023230","pht000147","coronary artery calcium score - volume/w.e.: total","","MeasurementObservation","cac_volume","[hnsf'U]","phv00023247","FHS OFFSPRING EXAM 6-7","","","",,1,1,,0,0,0,"","","","","",""
"fhs","cac volume","phv00257671","pht005161","coronary artery calcium volume","mm3","MeasurementObservation","cac_volume","[hnsf'U]","phv00257668","FHS OFFSPRING, GENERATION 3, OMNI 1, OMNI 2","","","",,1,1,,0,0,0,"","","","","",""
"fhs","cd40 in blood","phv00462900","pht010727","cd40 (pf) - olink inflammation(v.3012) - p25942 - oid00542","","MeasurementObservation","cd40","pg/mL","phv00462203","OFFSPRING EXAM 7","","","",,1,1,,0,0,0,"","","","","",""
"fhs","cd40 in blood","phv00462899","pht010727","cd40 - olink inflammation(v.3012) - p25942 - oid00542 (sample type: edta plasma)","","MeasurementObservation","cd40","pg/mL","phv00462203","OFFSPRING EXAM 7","","","",,1,1,,0,0,0,"","","","","",""
"fhs","cd40 in blood","phv00520380","pht012881","cd40 ligand (sample type: serum)","","MeasurementObservation","cd40","pg/mL","phv00520376","OFFSPRING EXAM 7 AND OMNI 1 EXAM 2","","","",,1,1,,0,0,0,"","","","","",""
"fhs","cd40 in blood","phv00520379","pht012881","cd40 ligand - plasma (sample type: plasma)","","MeasurementObservation","cd40","pg/mL","phv00520376","OFFSPRING EXAM 7 AND OMNI 1 EXAM 2","","","",,1,1,,0,0,0,"","","","","",""
"fhs","cd40 in blood","phv00422332","pht006013","cd40 ligand, soluble: cd40 ligand - 3534-14 (p29965) (sample type: citrated plasma)","","MeasurementObservation","cd40","pg/mL","phv00275427","FHS OFFSPRING EXAM 5","","","",,1,1,,0,0,0,"","","","","",""
"fhs","cd40 in blood","phv00462395","pht010727","cd40-l - olink cardiovascular ii(v.5004) - p29965 - oid00382 (sample type: edta plasma)","","MeasurementObservation","cd40","pg/mL","phv00462203","OFFSPRING EXAM 7","","","",,1,1,,0,0,0,"","","","","",""
"fhs","cd40 in blood","phv00462396","pht010727","cd40_l (pf) - olink cardiovascular ii(v.5004) - p29965 - oid00382","","MeasurementObservation","cd40","pg/mL","phv00462203","OFFSPRING EXAM 7","","","",,1,1,,0,0,0,"","","","","",""
"fhs","cd40 in blood","phv00463192","pht010728","rna levels (cycle threshold): cd40, run1, leukocyte","","MeasurementObservation","cd40","pg/mL","","","","","",,,1,,0,0,0,"","","","","",""
"fhs","cd40 in blood","phv00463144","pht010728","rna levels (cycle threshold): cd40, run1, platelet","","MeasurementObservation","cd40","pg/mL","","","","","",,,1,,0,0,0,"","","","","",""
"fhs","cd40 in blood","phv00463186","pht010728","rna levels (cycle threshold): cd40lg, run1, leukocyte","","MeasurementObservation","cd40","pg/mL","","","","","",,,1,,0,0,0,"","","","","",""
"fhs","cd40 in blood","phv00463138","pht010728","rna levels (cycle threshold): cd40lg, run1, platelet","","MeasurementObservation","cd40","pg/mL","","","","","",,,1,,0,0,0,"","","","","",""
"fhs","cesd score","phv00023792","pht000160","center for epidemiological studies depression scale","","MeasurementObservation","cesd_score","{score}","phv00023794","FHS PSIP ORIGINAL, OFFSPRING","","","",,1,1,,0,0,0,"","","","","",""
"fhs","cesd score","phv00023899","pht000172","center for epidemiological studies depression scale","","MeasurementObservation","cesd_score","{score}","phv00023901","FHS PSIP ORIGINAL, OFFSPRING","","","",,1,1,,0,0,0,"","","","","",""
"fhs","cesd score","phv00010605","pht000036","cesd: i could not ""get going"". see note above","","MeasurementObservation","cesd_score","{score}","phv00010694","FHS OFFSPRING EXAM 7","","","",,1,1,,0,0,0,"","","","","",""
"fhs","cesd score","phv00010587","pht000036","cesd: i did not feel like eating; my appetite was poor see note above","","MeasurementObservation","cesd_score","{score}","phv00010694","FHS OFFSPRING EXAM 7","","","",,1,1,,0,0,0,"","","","","",""
"fhs","cesd score","phv00010601","pht000036","cesd: i enjoyed life. see note above","","MeasurementObservation","cesd_score","{score}","phv00010694","FHS OFFSPRING EXAM 7","","","",,1,1,,0,0,0,"","","","","",""
"fhs","cesd score","phv00010591","pht000036","cesd: i felt depressed. see note above","","MeasurementObservation","cesd_score","{score}","phv00010694","FHS OFFSPRING EXAM 7","","","",,1,1,,0,0,0,"","","","","",""
"fhs","cesd score","phv00010595","pht000036","cesd: i felt fearful. see note above","","MeasurementObservation","cesd_score","{score}","phv00010694","FHS OFFSPRING EXAM 7","","","",,1,1,,0,0,0,"","","","","",""
"fhs","cesd score","phv00010593","pht000036","cesd: i felt hopeful about the future. see note above","","MeasurementObservation","cesd_score","{score}","phv00010694","FHS OFFSPRING EXAM 7","","","",,1,1,,0,0,0,"","","","","",""
"fhs","cesd score","phv00010588","pht000036","cesd: i felt like i could not shake off the blues, even with help from my family and friends. see note above","","MeasurementObservation","cesd_score","{score}","phv00010694","FHS OFFSPRING EXAM 7","","","",,1,1,,0,0,0,"","","","","",""
"fhs","cesd score","phv00010599","pht000036","cesd: i felt lonely. see note above","","MeasurementObservation","cesd_score","{score}","phv00010694","FHS OFFSPRING EXAM 7","","","",,1,1,,0,0,0,"","","","","",""
"fhs","cesd score","phv00010603","pht000036","cesd: i felt sad. see note above","","MeasurementObservation","cesd_score","{score}","phv00010694","FHS OFFSPRING EXAM 7","","","",,1,1,,0,0,0,"","","","","",""
"fhs","cesd score","phv00010592","pht000036","cesd: i felt that everything i did was an effort. see note above","","MeasurementObservation","cesd_score","{score}","phv00010694","FHS OFFSPRING EXAM 7","","","",,1,1,,0,0,0,"","","","","",""
"fhs","cesd score","phv00010589","pht000036","cesd: i felt that i was just as good as other people. see note above","","MeasurementObservation","cesd_score","{score}","phv00010694","FHS OFFSPRING EXAM 7","","","",,1,1,,0,0,0,"","","","","",""
"fhs","cesd score","phv00010604","pht000036","cesd: i felt that people disliked me. see note above","","MeasurementObservation","cesd_score","{score}","phv00010694","FHS OFFSPRING EXAM 7","","","",,1,1,,0,0,0,"","","","","",""
"fhs","cesd score","phv00010602","pht000036","cesd: i had crying spells. see note above","","MeasurementObservation","cesd_score","{score}","phv00010694","FHS OFFSPRING EXAM 7","","","",,1,1,,0,0,0,"","","","","",""
"fhs","cesd score","phv00010590","pht000036","cesd: i had trouble keeping my mind on what i was doing. see note above","","MeasurementObservation","cesd_score","{score}","phv00010694","FHS OFFSPRING EXAM 7","","","",,1,1,,0,0,0,"","","","","",""
"fhs","cesd score","phv00010598","pht000036","cesd: i talked less than usual. see note above","","MeasurementObservation","cesd_score","{score}","phv00010694","FHS OFFSPRING EXAM 7","","","",,1,1,,0,0,0,"","","","","",""
"fhs","cesd score","phv00010594","pht000036","cesd: i thought my life had been a failure. see note above","","MeasurementObservation","cesd_score","{score}","phv00010694","FHS OFFSPRING EXAM 7","","","",,1,1,,0,0,0,"","","","","",""
"fhs","cesd score","phv00010586","pht000036","cesd: i was bothered by things that usually don't bother me see note above","","MeasurementObservation","cesd_score","{score}","phv00010694","FHS OFFSPRING EXAM 7","","","",,1,1,,0,0,0,"","","","","",""
"fhs","cesd score","phv00010597","pht000036","cesd: i was happy. see note above","","MeasurementObservation","cesd_score","{score}","phv00010694","FHS OFFSPRING EXAM 7","","","",,1,1,,0,0,0,"","","","","",""
"fhs","cesd score","phv00010596","pht000036","cesd: my sleep was restless. see note above","","MeasurementObservation","cesd_score","{score}","phv00010694","FHS OFFSPRING EXAM 7","","","",,1,1,,0,0,0,"","","","","",""
"fhs","cesd score","phv00010600","pht000036","cesd: people were unfriendly. see note above","","MeasurementObservation","cesd_score","{score}","phv00010694","FHS OFFSPRING EXAM 7","","","",,1,1,,0,0,0,"","","","","",""
"fhs","cesd score","phv00423842","pht009758","during the past week, i could not ""get going""","","MeasurementObservation","cesd_score","{score}","","","","","",,,1,,0,0,0,"","","","","",""
"fhs","cesd score","phv00423824","pht009758","during the past week, i did not feel like eating; my appetite was poor","","MeasurementObservation","cesd_score","{score}","","","","","",,,1,,0,0,0,"","","","","",""
"fhs","cesd score","phv00423838","pht009758","during the past week, i enjoy life","","MeasurementObservation","cesd_score","{score}","","","","","",,,1,,0,0,0,"","","","","",""
"fhs","cesd score","phv00423828","pht009758","during the past week, i felt depressed","","MeasurementObservation","cesd_score","{score}","","","","","",,,1,,0,0,0,"","","","","",""
"fhs","cesd score","phv00423832","pht009758","during the past week, i felt fearful","","MeasurementObservation","cesd_score","{score}","","","","","",,,1,,0,0,0,"","","","","",""
"fhs","cesd score","phv00423830","pht009758","during the past week, i felt hopeful about the future","","MeasurementObservation","cesd_score","{score}","","","","","",,,1,,0,0,0,"","","","","",""
"fhs","cesd score","phv00423836","pht009758","during the past week, i felt lonely","","MeasurementObservation","cesd_score","{score}","","","","","",,,1,,0,0,0,"","","","","",""
"fhs","cesd score","phv00423840","pht009758","during the past week, i felt sad","","MeasurementObservation","cesd_score","{score}","","","","","",,,1,,0,0,0,"","","","","",""
"fhs","cesd score","phv00423829","pht009758","during the past week, i felt that everything i did was an effort","","MeasurementObservation","cesd_score","{score}","","","","","",,,1,,0,0,0,"","","","","",""
"fhs","cesd score","phv00423825","pht009758","during the past week, i felt that i could not shake off the blues, even with help from my family and friends","","MeasurementObservation","cesd_score","{score}","","","","","",,,1,,0,0,0,"","","","","",""
"fhs","cesd score","phv00423826","pht009758","during the past week, i felt that i was just as good as other people","","MeasurementObservation","cesd_score","{score}","","","","","",,,1,,0,0,0,"","","","","",""
"fhs","cesd score","phv00423841","pht009758","during the past week, i felt that people disliked me","","MeasurementObservation","cesd_score","{score}","","","","","",,,1,,0,0,0,"","","","","",""
"fhs","cesd score","phv00423839","pht009758","during the past week, i had crying spells","","MeasurementObservation","cesd_score","{score}","","","","","",,,1,,0,0,0,"","","","","",""
"fhs","cesd score","phv00423827","pht009758","during the past week, i had trouble keeping my mind on what i was doing","","MeasurementObservation","cesd_score","{score}","","","","","",,,1,,0,0,0,"","","","","",""
"fhs","cesd score","phv00423835","pht009758","during the past week, i talked less than usual","","MeasurementObservation","cesd_score","{score}","","","","","",,,1,,0,0,0,"","","","","",""
"fhs","cesd score","phv00423831","pht009758","during the past week, i thought my life had been a failure","","MeasurementObservation","cesd_score","{score}","","","","","",,,1,,0,0,0,"","","","","",""
"fhs","cesd score","phv00423823","pht009758","during the past week, i was bothered by things that usually don't bother me","","MeasurementObservation","cesd_score","{score}","","","","","",,,1,,0,0,0,"","","","","",""
"fhs","cesd score","phv00423834","pht009758","during the past week, i was happy","","MeasurementObservation","cesd_score","{score}","","","","","",,,1,,0,0,0,"","","","","",""
"fhs","cesd score","phv00423833","pht009758","during the past week, my sleep was restless","","MeasurementObservation","cesd_score","{score}","","","","","",,,1,,0,0,0,"","","","","",""
"fhs","cesd score","phv00423837","pht009758","during the past week, people were unfriendly","","MeasurementObservation","cesd_score","{score}","","","","","",,,1,,0,0,0,"","","","","",""
"fhs","chloride in blood","phv00008103","pht000031","chloride","","MeasurementObservation","chloride_bld","mmol/L","phv00008379","FHS OFFSPRING EXAM 2","","","",,1,1,,0,0,0,"","","","","",""
"fhs","creatinine in blood","phv00161767","pht002234","creatinine","","MeasurementObservation","creat_bld","mg/dL","phv00159494","FHS OFFSPRING EXAM 5","","","",,1,1,,0,0,0,"","","","","",""
"fhs","creatinine in blood","phv00166800","pht002566","creatinine","","MeasurementObservation","creat_bld","mg/dL","phv00166779","FHS OFFSPRING EXAM 5","","","",,1,1,,0,0,0,"","","","","",""
"fhs","creatinine in blood","phv00172326","pht002895","creatinine","","MeasurementObservation","creat_bld","mg/dL","phv00172304","FHS OFFSPRING EXAM 5","","","",,1,1,,0,0,0,"","","","","",""
"fhs","creatinine in blood","phv00520294","pht006026","creatinine (mg/dl), exam 3","","MeasurementObservation","creat_bld","mg/dL","phv00277015","FHS GENERATION 3, NEW OFFSPRING SPOUSE, OMNI 2 EXAM 1-3","","","",,1,1,,0,0,0,"","","","","",""
"fhs","creatinine in blood","phv00462191","pht010726","creatinine sample type: serum","","MeasurementObservation","creat_bld","mg/dL","phv00462185","FHS EXAM LAB ASSAYS, GENERATION 3 EXAM 3, NEW OFFSPRING SPOUSE EXAM 3, OMNI 2 EXAM 3","","","",,1,1,,0,0,0,"","","","","",""
"fhs","creatinine in urine","phv00462182","pht010725","24 hour urine creatinine","","MeasurementObservation","creat_urin","mg/dL","phv00462160","OFFSPRING EXAMS 5, 6, 7 AND OMNI 1 EXAMS 1, 2","","","",,1,1,,0,0,0,"","","","","",""
"fhs","creatinine in urine","phv00070900","pht000685","concentration of urine creatinine, mm","mm","MeasurementObservation","creat_urin","mg/dL","phv00069668","FHS OFFSPRING EXAM 7","","","",,1,1,,0,0,0,"","","","","",""
"fhs","creatinine in urine","phv00219357","pht004362","creatinine (hilic) (sample type: urine)","","MeasurementObservation","creat_urin","mg/dL","phv00219228","FHS OFFSPRING EXAM 6","","","",,1,1,,0,0,0,"","","","","",""
"fhs","creatinine in urine","phv00520394","pht012881","urinary creatinine (sample type: urine)","","MeasurementObservation","creat_urin","mg/dL","phv00520376","OFFSPRING EXAM 7 AND OMNI 1 EXAM 2","","","",,1,1,,0,0,0,"","","","","",""
"fhs","creatinine in urine","phv00462178","pht010725","urine creatinine","","MeasurementObservation","creat_urin","mg/dL","phv00462160","OFFSPRING EXAMS 5, 6, 7 AND OMNI 1 EXAMS 1, 2","","","",,1,1,,0,0,0,"","","","","",""
"fhs","creatinine in urine","phv00080752","pht001039","urine creatinine 24 hour total","mg/d","MeasurementObservation","creat_urin","mg/dL","phv00080759","OFFSPRING EXAMS 5, 6, AND OMNI 1 EXAM 1","","","",,1,1,,0,0,0,"","","","","",""
"fhs","creatinine in urine","phv00520387","pht012881","urine creatinine corrected isoprostane (sample type: urine)","","MeasurementObservation","creat_urin","mg/dL","phv00520376","OFFSPRING EXAM 7 AND OMNI 1 EXAM 2","","","",,1,1,,0,0,0,"","","","","",""
"fhs","creatinine in urine","phv00227286","pht004809","urine creatinine mg/d","mg/d","MeasurementObservation","creat_urin","mg/dL","phv00227261","FHS OFFSPRING EXAM 9, OMNI 1 EXAM 4","","","",,1,1,,0,0,0,"","","","","",""
"fhs","cystatin c in blood","phv00421868","pht006013","cystatin c: cystatin-c - 2609-59 (p01034) (sample type: citrated plasma)","","MeasurementObservation","cysc_bld","mg/L","phv00275427","FHS OFFSPRING EXAM 5","","","",,1,1,,0,0,0,"","","","","",""
"fhs","d-dimer","phv00422711","pht006013","d-dimer: d-dimer - 4907-56 (p02671 p02675 p02679) (sample type: citrated plasma)","","MeasurementObservation","d_dimer","ug/mL","phv00275427","FHS OFFSPRING EXAM 5","","","",,1,1,,0,0,0,"","","","","",""
"fhs","d-dimer","phv00021744","pht000085","fibrin degradation fragment (ng/ml)","ng/mL","MeasurementObservation","d_dimer","ug/mL","phv00021746","FHS OFFSPRING EXAM 6","","","",,1,1,,0,0,0,"","","","","",""
"fhs","diastolic blood pressure","phv00520258","pht000396","average diastolic blood pressure","","MeasurementObservation","bp_diastolic","mm[Hg]","phv00056722","FHS SHHS OFFSPRING AND OMNI 1 EXAM 2","","","",,1,1,,0,0,0,"","","","","",""
"fhs","diastolic blood pressure","phv00520296","pht006026","average diastolic blood pressure (mmhg), exam 3","","MeasurementObservation","bp_diastolic","mm[Hg]","phv00277015","FHS GENERATION 3, NEW OFFSPRING SPOUSE, OMNI 2 EXAM 1-3","","","",,1,1,,0,0,0,"","","","","",""
"fhs","diastolic blood pressure","phv00461939","pht010724","blood pressure: 2nd reading: diastolic","","MeasurementObservation","bp_diastolic","mm[Hg]","","","","","",,,1,,0,0,0,"","","","","",""
"fhs","diastolic blood pressure","phv00461870","pht010724","blood pressure: first reading - diastolic","","MeasurementObservation","bp_diastolic","mm[Hg]","","","","","",,,1,,0,0,0,"","","","","",""
"fhs","diastolic blood pressure","phv00000722","pht000009","blood pressure: second examiner, diastolic, exam 4","","MeasurementObservation","bp_diastolic","mm[Hg]","phv00001036","FHS ORIGINAL EXAM 1-7","","","",,1,1,,0,0,0,"","","","","",""
"fhs","diastolic blood pressure","phv00522554","pht012897","diastolic blood pressure at 75 watts","","MeasurementObservation","bp_diastolic","mm[Hg]","","","","","",,,1,,0,0,0,"","","","","",""
"fhs","diastolic blood pressure","phv00522568","pht012897","diastolic blood pressure at peak exercise","","MeasurementObservation","bp_diastolic","mm[Hg]","","","","","",,,1,,0,0,0,"","","","","",""
"fhs","diastolic blood pressure","phv00520252","pht000396","diastolic blood pressure: first reading","","MeasurementObservation","bp_diastolic","mm[Hg]","phv00056722","FHS SHHS OFFSPRING AND OMNI 1 EXAM 2","","","",,1,1,,0,0,0,"","","","","",""
"fhs","diastolic blood pressure","phv00461005","pht004813","diastolic blood pressure: physician's first reading","","MeasurementObservation","bp_diastolic","mm[Hg]","","","","","",,,1,,0,0,0,"","","","","",""
"fhs","diastolic blood pressure","phv00021093","pht000074","diastolic blood pressure: physician's first reading (to nearest 2mm hg)","","MeasurementObservation","bp_diastolic","mm[Hg]","phv00021427","FHS GENERATION 3 EXAM 1","","","",,1,1,,0,0,0,"","","","","",""
"fhs","diastolic blood pressure","phv00461060","pht004813","diastolic blood pressure: physician's second reading","","MeasurementObservation","bp_diastolic","mm[Hg]","","","","","",,,1,,0,0,0,"","","","","",""
"fhs","diastolic blood pressure","phv00021148","pht000074","diastolic blood pressure: physician's second reading (to nearest 2mm hg)","","MeasurementObservation","bp_diastolic","mm[Hg]","phv00021427","FHS GENERATION 3 EXAM 1","","","",,1,1,,0,0,0,"","","","","",""
"fhs","diastolic blood pressure","phv00520254","pht000396","diastolic blood pressure: second reading","","MeasurementObservation","bp_diastolic","mm[Hg]","phv00056722","FHS SHHS OFFSPRING AND OMNI 1 EXAM 2","","","",,1,1,,0,0,0,"","","","","",""
"fhs","diastolic blood pressure","phv00461150","pht004813","diastolic blood pressure: technician's reading","","MeasurementObservation","bp_diastolic","mm[Hg]","","","","","",,,1,,0,0,0,"","","","","",""
"fhs","diastolic blood pressure","phv00520256","pht000396","diastolic blood pressure: third reading","","MeasurementObservation","bp_diastolic","mm[Hg]","phv00056722","FHS SHHS OFFSPRING AND OMNI 1 EXAM 2","","","",,1,1,,0,0,0,"","","","","",""
"fhs","diastolic blood pressure","phv00461320","pht006006","numerical data - part i: nurse's blood pressure - diastolic (nearest 2mm hg)","","MeasurementObservation","bp_diastolic","mm[Hg]","","","","","",,,1,,0,0,0,"","","","","",""
"fhs","diastolic blood pressure","phv00274824","pht006007","physical exam - physician blood pressure 2nd reading - diastolic (nearest 2mm hg)","","MeasurementObservation","bp_diastolic","mm[Hg]","phv00274708","FHS ORIGINAL EXAM 31","","","",,1,1,,0,0,0,"","","","","",""
"fhs","diastolic blood pressure","phv00275181","pht006008","physical exam - physician blood pressure 2nd reading - diastolic (nearest 2mm hg)","","MeasurementObservation","bp_diastolic","mm[Hg]","phv00275063","FHS ORIGINAL EXAM 32","","","",,1,1,,0,0,0,"","","","","",""
"fhs","diastolic blood pressure","phv00461588","pht006006","physical exam - physician blood pressure first reading - diastolic (nearest 2mm hg)","","MeasurementObservation","bp_diastolic","mm[Hg]","","","","","",,,1,,0,0,0,"","","","","",""
"fhs","diastolic blood pressure","phv00461679","pht006006","physical exam - physician blood pressure second reading - diastolic (nearest 2mm hg)","","MeasurementObservation","bp_diastolic","mm[Hg]","","","","","",,,1,,0,0,0,"","","","","",""
"fhs","diastolic blood pressure","phv00522549","pht012897","resting diastolic blood pressure","","MeasurementObservation","bp_diastolic","mm[Hg]","","","","","",,,1,,0,0,0,"","","","","",""
"fhs","diastolic blood pressure","phv00055257","pht000395","seated diastolic blood pressure","","MeasurementObservation","bp_diastolic","mm[Hg]","phv00056635","FHS OFFSPRING OR OMNI 1 SHHS EXAM 1","","","",,1,1,,0,0,0,"","","","","",""
"fhs","e-selectin in blood","phv00163434","pht002425","total number of cd62e+ endothelial microparticles in events (sample: platelet poor plasma - citrate)","{#}/uL","MeasurementObservation","eselectin","ng/mL","phv00163426","FHS OFFSPRING EXAM 8","","","",,1,1,,0,0,0,"","","","","",""
"fhs","eosinophils count","phv00008119","pht000031","eosinophils","","MeasurementObservation","eosinophil_ncnc_bld","10*3/uL","phv00008379","FHS OFFSPRING EXAM 2","","","",,1,1,,0,0,0,"","","","","",""
"fhs","factor vii","phv00422150","pht006013","coagulation factor vii: coagulation factor vii - 3184-25 (p08709) (sample type: citrated plasma)","","MeasurementObservation","factor_7","%{normal}","phv00275427","FHS OFFSPRING EXAM 5","","","",,1,1,,0,0,0,"","","","","",""
"fhs","factor vii","phv00024570","pht000198","factor vii (%)","","MeasurementObservation","factor_7","%{normal}","phv00024576","FHS OFFSPRING EXAM 5","","","",,1,1,,0,0,0,"","","","","",""
"fhs","factor vii","phv00422621","pht006013","fgf7: fibroblast growth factor 7 - 4487-1 (p21781) (sample type: citrated plasma)","","MeasurementObservation","factor_7","%{normal}","phv00275427","FHS OFFSPRING EXAM 5","","","",,1,1,,0,0,0,"","","","","",""
"fhs","factor viii","phv00422586","pht006013","fgf-8a: fibroblast growth factor 8 isoform a - 4394-71 (p55075) (sample type: citrated plasma)","","MeasurementObservation","factor_8","[IU]/mL","phv00275427","FHS OFFSPRING EXAM 5","","","",,1,1,,0,0,0,"","","","","",""
"fhs","factor viii","phv00421833","pht006013","fgf-8b: fibroblast growth factor 8 isoform b - 2443-10 (p55075) (sample type: citrated plasma)","","MeasurementObservation","factor_8","[IU]/mL","phv00275427","FHS OFFSPRING EXAM 5","","","",,1,1,,0,0,0,"","","","","",""
"fhs","factor viii","phv00423043","pht006013","myostatin: growth/differentiation factor 8 - 14583-49 (o14793) (sample type: citrated plasma)","","MeasurementObservation","factor_8","[IU]/mL","phv00275427","FHS OFFSPRING EXAM 5","","","",,1,1,,0,0,0,"","","","","",""
"fhs","fasting blood glucose","phv00520299","pht006026","fasting (>= 8 hours) blood glucose (mg/dl), exam 3","","MeasurementObservation","fast_gluc_bld","mg/dL","phv00277015","FHS GENERATION 3, NEW OFFSPRING SPOUSE, OMNI 2 EXAM 1-3","","","",,1,1,,0,0,0,"","","","","",""
"fhs","fasting lipids","phv00001592","pht000013","blood analysis, fasting lipids re-code: serum vs plasma units for cholesterol in deck 141","","MeasurementObservation","fast_lipids","mg/dL","phv00001803","FHS ORIGINAL EXAM 11","","","",,1,1,,0,0,0,"","","","","",""
"fhs","fasting lipids","phv00001585","pht000013","blood analysis, recode:","","MeasurementObservation","fast_lipids","mg/dL","phv00001803","FHS ORIGINAL EXAM 11","","","",,1,1,,0,0,0,"","","","","",""
"fhs","fasting lipids","phv00007980","pht000031","blood analysis-fasting lipids beta top fraction","","MeasurementObservation","fast_lipids","mg/dL","phv00008379","FHS OFFSPRING EXAM 2","","","",,1,1,,0,0,0,"","","","","",""
"fhs","fasting lipids","phv00007984","pht000031","blood analysis-fasting lipids infranate after 12 hrs. at 4 degree","","MeasurementObservation","fast_lipids","mg/dL","phv00008379","FHS OFFSPRING EXAM 2","","","",,1,1,,0,0,0,"","","","","",""
"fhs","fasting lipids","phv00007979","pht000031","blood analysis-fasting lipids origin top fraction (1.006)","","MeasurementObservation","fast_lipids","mg/dL","phv00008379","FHS OFFSPRING EXAM 2","","","",,1,1,,0,0,0,"","","","","",""
"fhs","fasting lipids","phv00007977","pht000031","blood analysis-fasting lipids origin whole plasma","","MeasurementObservation","fast_lipids","mg/dL","phv00008379","FHS OFFSPRING EXAM 2","","","",,1,1,,0,0,0,"","","","","",""
"fhs","fasting lipids","phv00007982","pht000031","blood analysis-fasting lipids pre-beta bottom fraction","","MeasurementObservation","fast_lipids","mg/dL","phv00008379","FHS OFFSPRING EXAM 2","","","",,1,1,,0,0,0,"","","","","",""
"fhs","fasting lipids","phv00007981","pht000031","blood analysis-fasting lipids pre-beta top fraction","","MeasurementObservation","fast_lipids","mg/dL","phv00008379","FHS OFFSPRING EXAM 2","","","",,1,1,,0,0,0,"","","","","",""
"fhs","fasting lipids","phv00007976","pht000031","blood analysis-fasting lipids triglyceride","","MeasurementObservation","fast_lipids","mg/dL","phv00008379","FHS OFFSPRING EXAM 2","","","",,1,1,,0,0,0,"","","","","",""
"fhs","fasting lipids","phv00007983","pht000031","blood analysis-fasting lipids whole plasma appearance","","MeasurementObservation","fast_lipids","mg/dL","phv00008379","FHS OFFSPRING EXAM 2","","","",,1,1,,0,0,0,"","","","","",""
"fhs","fasting lipids","phv00007978","pht000031","blood analysis-fasting lipids whole plasma pre-beta","","MeasurementObservation","fast_lipids","mg/dL","phv00008379","FHS OFFSPRING EXAM 2","","","",,1,1,,0,0,0,"","","","","",""
"fhs","fasting lipids","phv00007987","pht000031","blood analysis-fasting lipids: confirmation type 3","","MeasurementObservation","fast_lipids","mg/dL","phv00008379","FHS OFFSPRING EXAM 2","","","",,1,1,,0,0,0,"","","","","",""
"fhs","fasting lipids","phv00007985","pht000031","blood analysis-fasting lipids: cream after 12 hrs. or more","","MeasurementObservation","fast_lipids","mg/dL","phv00008379","FHS OFFSPRING EXAM 2","","","",,1,1,,0,0,0,"","","","","",""
"fhs","fasting lipids","phv00007986","pht000031","blood analysis-fasting lipids: fasting 12 hrs. or more","","MeasurementObservation","fast_lipids","mg/dL","phv00008379","FHS OFFSPRING EXAM 2","","","",,1,1,,0,0,0,"","","","","",""
"fhs","fasting lipids","phv00007990","pht000031","blood analysis-fasting lipids: fredrickson classification","","MeasurementObservation","fast_lipids","mg/dL","phv00008379","FHS OFFSPRING EXAM 2","","","",,1,1,,0,0,0,"","","","","",""
"fhs","fasting lipids","phv00007988","pht000031","blood analysis-fasting lipids: pre-beta band","","MeasurementObservation","fast_lipids","mg/dL","phv00008379","FHS OFFSPRING EXAM 2","","","",,1,1,,0,0,0,"","","","","",""
"fhs","fasting lipids","phv00007989","pht000031","blood analysis-fasting lipids: sinking pre-beta band","","MeasurementObservation","fast_lipids","mg/dL","phv00008379","FHS OFFSPRING EXAM 2","","","",,1,1,,0,0,0,"","","","","",""
"fhs","ferritin","phv00422088","pht006013","ferritin: ferritin - 3031-66 (p02794 p02792) (sample type: citrated plasma)","","MeasurementObservation","ferritin","ng/mL","phv00275427","FHS OFFSPRING EXAM 5","","","",,1,1,,0,0,0,"","","","","",""
"fhs","ferritin","phv00423118","pht006013","ferritin: ferritin - 5934-1 (p02794 p02792) (sample type: citrated plasma)","","MeasurementObservation","ferritin","ng/mL","phv00275427","FHS OFFSPRING EXAM 5","","","",,1,1,,0,0,0,"","","","","",""
"fhs","fev1 - forced expiratory volume in 1 sec","phv00465060","pht010742","forced expiratory volume at 1 second (fev1) - highest value among acceptable maneuvers","","MeasurementObservation","fev1","L","","","","","",,,1,,0,0,0,"","","","","",""
"fhs","fev1 - forced expiratory volume in 1 sec","phv00465033","pht010740","forced expiratory volume at 1 second - best effort","","MeasurementObservation","fev1","L","","","","","",,,1,,0,0,0,"","","","","",""
"fhs","fev1 - forced expiratory volume in 1 sec","phv00465047","pht010741","forced expiratory volume at 1 second - best effort","","MeasurementObservation","fev1","L","","","","","",,,1,,0,0,0,"","","","","",""
"fhs","fibrinogen","phv00520382","pht012881","fibrinogen (sample type: plasma)","","MeasurementObservation","fibrin","mg/dL","phv00520376","OFFSPRING EXAM 7 AND OMNI 1 EXAM 2","","","",,1,1,,0,0,0,"","","","","",""
"fhs","fibrinogen","phv00520366","pht012880","fibrinogen (sample type: serum)","","MeasurementObservation","fibrin","mg/dL","phv00520362","GENERATION 3 EXAM 1, NEW OFFSPRING SPOUSE EXAM 1, AND OMNI 2 EXAM 1","","","",,1,1,,0,0,0,"","","","","",""
"fhs","fibrinogen","phv00421971","pht006013","fibrinogen: fibrinogen - 2796-62 (p02671 p02675 p02679) (sample type: citrated plasma)","","MeasurementObservation","fibrin","mg/dL","phv00275427","FHS OFFSPRING EXAM 5","","","",,1,1,,0,0,0,"","","","","",""
"fhs","fruits","phv00523878","pht012909","apple juice/cider","","MeasurementObservation","fruit_serving","{#}/wk","","","","","",,,1,,0,0,0,"","","","","",""
"fhs","fruits","phv00479147","pht010754","apple juice/cider: (servings/week)","","MeasurementObservation","fruit_serving","{#}/wk","","","","","",,,1,,0,0,0,"","","","","",""
"fhs","fruits","phv00524534","pht012910","apple juice/cider: (servings/week)","","MeasurementObservation","fruit_serving","{#}/wk","","","","","",,,1,,0,0,0,"","","","","",""
"fhs","fruits","phv00524725","pht012911","apple juice: % of 'calor' intake (org)","","MeasurementObservation","fruit_serving","{#}/wk","","","","","",,,1,,0,0,0,"","","","","",""
"fhs","fruits","phv00524913","pht012912","apple juice: % of 'calor' intake (org)","","MeasurementObservation","fruit_serving","{#}/wk","","","","","",,,1,,0,0,0,"","","","","",""
"fhs","fruits","phv00524724","pht012911","apple: % of 'calor' intake (org)","","MeasurementObservation","fruit_serving","{#}/wk","","","","","",,,1,,0,0,0,"","","","","",""
"fhs","fruits","phv00524912","pht012912","apple: % of 'calor' intake (org)","","MeasurementObservation","fruit_serving","{#}/wk","","","","","",,,1,,0,0,0,"","","","","",""
"fhs","fruits","phv00523877","pht012909","apples/pears, fresh","","MeasurementObservation","fruit_serving","{#}/wk","","","","","",,,1,,0,0,0,"","","","","",""
"fhs","fruits","phv00479146","pht010754","apples/pears, fresh: (servings/week)","","MeasurementObservation","fruit_serving","{#}/wk","","","","","",,,1,,0,0,0,"","","","","",""
"fhs","fruits","phv00524533","pht012910","apples/pears, fresh: (servings/week)","","MeasurementObservation","fruit_serving","{#}/wk","","","","","",,,1,,0,0,0,"","","","","",""
"fhs","fruits","phv00524734","pht012911","apricots: % of 'calor' intake (org)","","MeasurementObservation","fruit_serving","{#}/wk","","","","","",,,1,,0,0,0,"","","","","",""
"fhs","fruits","phv00524922","pht012912","apricots: % of 'calor' intake (org)","","MeasurementObservation","fruit_serving","{#}/wk","","","","","",,,1,,0,0,0,"","","","","",""
"fhs","fruits","phv00479156","pht010754","apricots: (servings/week)","","MeasurementObservation","fruit_serving","{#}/wk","","","","","",,,1,,0,0,0,"","","","","",""
"fhs","fruits","phv00524543","pht012910","apricots: (servings/week)","","MeasurementObservation","fruit_serving","{#}/wk","","","","","",,,1,,0,0,0,"","","","","",""
"fhs","fruits","phv00524723","pht012911","avocado: % of 'calor' intake (org)","","MeasurementObservation","fruit_serving","{#}/wk","","","","","",,,1,,0,0,0,"","","","","",""
"fhs","fruits","phv00524911","pht012912","avocado: % of 'calor' intake (org)","","MeasurementObservation","fruit_serving","{#}/wk","","","","","",,,1,,0,0,0,"","","","","",""
"fhs","fruits","phv00479145","pht010754","avocado: (servings/week)","","MeasurementObservation","fruit_serving","{#}/wk","","","","","",,,1,,0,0,0,"","","","","",""
"fhs","fruits","phv00524532","pht012910","avocado: (servings/week)","","MeasurementObservation","fruit_serving","{#}/wk","","","","","",,,1,,0,0,0,"","","","","",""
"fhs","fruits","phv00523874","pht012909","bananas","","MeasurementObservation","fruit_serving","{#}/wk","","","","","",,,1,,0,0,0,"","","","","",""
"fhs","fruits","phv00070793","pht000689","bananas (1)","","MeasurementObservation","fruit_serving","{#}/wk","","","","","",,,1,,0,0,0,"","","","","",""
"fhs","fruits","phv00524721","pht012911","bananas: % of 'calor' intake (org)","","MeasurementObservation","fruit_serving","{#}/wk","","","","","",,,1,,0,0,0,"","","","","",""
"fhs","fruits","phv00524909","pht012912","bananas: % of 'calor' intake (org)","","MeasurementObservation","fruit_serving","{#}/wk","","","","","",,,1,,0,0,0,"","","","","",""
"fhs","fruits","phv00479143","pht010754","bananas: (servings/week)","","MeasurementObservation","fruit_serving","{#}/wk","","","","","",,,1,,0,0,0,"","","","","",""
"fhs","fruits","phv00524530","pht012910","bananas: (servings/week)","","MeasurementObservation","fruit_serving","{#}/wk","","","","","",,,1,,0,0,0,"","","","","",""
"fhs","fruits","phv00523885","pht012909","blueberries","","MeasurementObservation","fruit_serving","{#}/wk","","","","","",,,1,,0,0,0,"","","","","",""
"fhs","fruits","phv00524732","pht012911","blueberries: % of 'calor' intake (org)","","MeasurementObservation","fruit_serving","{#}/wk","","","","","",,,1,,0,0,0,"","","","","",""
"fhs","fruits","phv00524920","pht012912","blueberries: % of 'calor' intake (org)","","MeasurementObservation","fruit_serving","{#}/wk","","","","","",,,1,,0,0,0,"","","","","",""
"fhs","fruits","phv00479154","pht010754","blueberries: (servings/week)","","MeasurementObservation","fruit_serving","{#}/wk","","","","","",,,1,,0,0,0,"","","","","",""
"fhs","fruits","phv00524541","pht012910","blueberries: (servings/week)","","MeasurementObservation","fruit_serving","{#}/wk","","","","","",,,1,,0,0,0,"","","","","",""
"fhs","fruits","phv00524722","pht012911","cantalope: % of 'calor' intake (org)","","MeasurementObservation","fruit_serving","{#}/wk","","","","","",,,1,,0,0,0,"","","","","",""
"fhs","fruits","phv00524910","pht012912","cantalope: % of 'calor' intake (org)","","MeasurementObservation","fruit_serving","{#}/wk","","","","","",,,1,,0,0,0,"","","","","",""
"fhs","fruits","phv00523875","pht012909","cantaloupe","","MeasurementObservation","fruit_serving","{#}/wk","","","","","",,,1,,0,0,0,"","","","","",""
"fhs","fruits","phv00479144","pht010754","cantaloupe: (servings/week)","","MeasurementObservation","fruit_serving","{#}/wk","","","","","",,,1,,0,0,0,"","","","","",""
"fhs","fruits","phv00524531","pht012910","cantaloupe: (servings/week)","","MeasurementObservation","fruit_serving","{#}/wk","","","","","",,,1,,0,0,0,"","","","","",""
"fhs","fruits","phv00070796","pht000689","canteloupe or honeydew melon (small slice)","","MeasurementObservation","fruit_serving","{#}/wk","","","","","",,,1,,0,0,0,"","","","","",""
"fhs","fruits","phv00070795","pht000689","cup of blackberries, blueberries, raspberries","","MeasurementObservation","fruit_serving","{#}/wk","","","","","",,,1,,0,0,0,"","","","","",""
"fhs","fruits","phv00070799","pht000689","cup of fresh or canned cherries","","MeasurementObservation","fruit_serving","{#}/wk","","","","","",,,1,,0,0,0,"","","","","",""
"fhs","fruits","phv00070794","pht000689","cup of fresh, frozen or canned strawberries","","MeasurementObservation","fruit_serving","{#}/wk","","","","","",,,1,,0,0,0,"","","","","",""
"fhs","fruits","phv00172492","pht002900","derived field: fruits pass through bubble","","MeasurementObservation","fruit_serving","{#}/wk","phv00172393","FHS GENERATION 3, NEW OFFSPRING SPOUSE, OMNI 2 EXAM 2","","","",,1,1,,0,0,0,"","","","","",""
"fhs","fruits","phv00477371","pht010751","derived field:apple juice/cider","","MeasurementObservation","fruit_serving","{#}/wk","","","","","",,,1,,0,0,0,"","","","","",""
"fhs","fruits","phv00477934","pht010752","derived field:apple juice/cider","","MeasurementObservation","fruit_serving","{#}/wk","","","","","",,,1,,0,0,0,"","","","","",""
"fhs","fruits","phv00478495","pht010753","derived field:apple juice/cider","","MeasurementObservation","fruit_serving","{#}/wk","","","","","",,,1,,0,0,0,"","","","","",""
"fhs","fruits","phv00477370","pht010751","derived field:apples/pears, fresh","","MeasurementObservation","fruit_serving","{#}/wk","","","","","",,,1,,0,0,0,"","","","","",""
"fhs","fruits","phv00477933","pht010752","derived field:apples/pears, fresh","","MeasurementObservation","fruit_serving","{#}/wk","","","","","",,,1,,0,0,0,"","","","","",""
"fhs","fruits","phv00478494","pht010753","derived field:apples/pears, fresh","","MeasurementObservation","fruit_serving","{#}/wk","","","","","",,,1,,0,0,0,"","","","","",""
"fhs","fruits","phv00477367","pht010751","derived field:bananas","","MeasurementObservation","fruit_serving","{#}/wk","","","","","",,,1,,0,0,0,"","","","","",""
"fhs","fruits","phv00477930","pht010752","derived field:bananas","","MeasurementObservation","fruit_serving","{#}/wk","","","","","",,,1,,0,0,0,"","","","","",""
"fhs","fruits","phv00478491","pht010753","derived field:bananas","","MeasurementObservation","fruit_serving","{#}/wk","","","","","",,,1,,0,0,0,"","","","","",""
"fhs","fruits","phv00477378","pht010751","derived field:blueberries","","MeasurementObservation","fruit_serving","{#}/wk","","","","","",,,1,,0,0,0,"","","","","",""
"fhs","fruits","phv00477941","pht010752","derived field:blueberries","","MeasurementObservation","fruit_serving","{#}/wk","","","","","",,,1,,0,0,0,"","","","","",""
"fhs","fruits","phv00478502","pht010753","derived field:blueberries","","MeasurementObservation","fruit_serving","{#}/wk","","","","","",,,1,,0,0,0,"","","","","",""
"fhs","fruits","phv00477368","pht010751","derived field:cantaloupe","","MeasurementObservation","fruit_serving","{#}/wk","","","","","",,,1,,0,0,0,"","","","","",""
"fhs","fruits","phv00477931","pht010752","derived field:cantaloupe","","MeasurementObservation","fruit_serving","{#}/wk","","","","","",,,1,,0,0,0,"","","","","",""
"fhs","fruits","phv00478492","pht010753","derived field:cantaloupe","","MeasurementObservation","fruit_serving","{#}/wk","","","","","",,,1,,0,0,0,"","","","","",""
"fhs","fruits","phv00477374","pht010751","derived field:grapefruit","","MeasurementObservation","fruit_serving","{#}/wk","","","","","",,,1,,0,0,0,"","","","","",""
"fhs","fruits","phv00477937","pht010752","derived field:grapefruit","","MeasurementObservation","fruit_serving","{#}/wk","","","","","",,,1,,0,0,0,"","","","","",""
"fhs","fruits","phv00478498","pht010753","derived field:grapefruit","","MeasurementObservation","fruit_serving","{#}/wk","","","","","",,,1,,0,0,0,"","","","","",""
"fhs","fruits","phv00477375","pht010751","derived field:grapefruit juice","","MeasurementObservation","fruit_serving","{#}/wk","","","","","",,,1,,0,0,0,"","","","","",""
"fhs","fruits","phv00477938","pht010752","derived field:grapefruit juice","","MeasurementObservation","fruit_serving","{#}/wk","","","","","",,,1,,0,0,0,"","","","","",""
"fhs","fruits","phv00478499","pht010753","derived field:grapefruit juice","","MeasurementObservation","fruit_serving","{#}/wk","","","","","",,,1,,0,0,0,"","","","","",""
"fhs","fruits","phv00477373","pht010751","derived field:orange juice","","MeasurementObservation","fruit_serving","{#}/wk","","","","","",,,1,,0,0,0,"","","","","",""
"fhs","fruits","phv00477936","pht010752","derived field:orange juice","","MeasurementObservation","fruit_serving","{#}/wk","","","","","",,,1,,0,0,0,"","","","","",""
"fhs","fruits","phv00478497","pht010753","derived field:orange juice","","MeasurementObservation","fruit_serving","{#}/wk","","","","","",,,1,,0,0,0,"","","","","",""
"fhs","fruits","phv00477372","pht010751","derived field:oranges","","MeasurementObservation","fruit_serving","{#}/wk","","","","","",,,1,,0,0,0,"","","","","",""
"fhs","fruits","phv00477935","pht010752","derived field:oranges","","MeasurementObservation","fruit_serving","{#}/wk","","","","","",,,1,,0,0,0,"","","","","",""
"fhs","fruits","phv00478496","pht010753","derived field:oranges","","MeasurementObservation","fruit_serving","{#}/wk","","","","","",,,1,,0,0,0,"","","","","",""
"fhs","fruits","phv00477376","pht010751","derived field:other fruit juice","","MeasurementObservation","fruit_serving","{#}/wk","","","","","",,,1,,0,0,0,"","","","","",""
"fhs","fruits","phv00477939","pht010752","derived field:other fruit juice","","MeasurementObservation","fruit_serving","{#}/wk","","","","","",,,1,,0,0,0,"","","","","",""
"fhs","fruits","phv00478500","pht010753","derived field:other fruit juice","","MeasurementObservation","fruit_serving","{#}/wk","","","","","",,,1,,0,0,0,"","","","","",""
"fhs","fruits","phv00477379","pht010751","derived field:peaches","","MeasurementObservation","fruit_serving","{#}/wk","","","","","",,,1,,0,0,0,"","","","","",""
"fhs","fruits","phv00477942","pht010752","derived field:peaches","","MeasurementObservation","fruit_serving","{#}/wk","","","","","",,,1,,0,0,0,"","","","","",""
"fhs","fruits","phv00478503","pht010753","derived field:peaches","","MeasurementObservation","fruit_serving","{#}/wk","","","","","",,,1,,0,0,0,"","","","","",""
"fhs","fruits","phv00477366","pht010751","derived field:prunes","","MeasurementObservation","fruit_serving","{#}/wk","","","","","",,,1,,0,0,0,"","","","","",""
"fhs","fruits","phv00477929","pht010752","derived field:prunes","","MeasurementObservation","fruit_serving","{#}/wk","","","","","",,,1,,0,0,0,"","","","","",""
"fhs","fruits","phv00478490","pht010753","derived field:prunes","","MeasurementObservation","fruit_serving","{#}/wk","","","","","",,,1,,0,0,0,"","","","","",""
"fhs","fruits","phv00477365","pht010751","derived field:raisins","","MeasurementObservation","fruit_serving","{#}/wk","","","","","",,,1,,0,0,0,"","","","","",""
"fhs","fruits","phv00477928","pht010752","derived field:raisins","","MeasurementObservation","fruit_serving","{#}/wk","","","","","",,,1,,0,0,0,"","","","","",""
"fhs","fruits","phv00478489","pht010753","derived field:raisins","","MeasurementObservation","fruit_serving","{#}/wk","","","","","",,,1,,0,0,0,"","","","","",""
"fhs","fruits","phv00477377","pht010751","derived field:strawberries","","MeasurementObservation","fruit_serving","{#}/wk","","","","","",,,1,,0,0,0,"","","","","",""
"fhs","fruits","phv00477940","pht010752","derived field:strawberries","","MeasurementObservation","fruit_serving","{#}/wk","","","","","",,,1,,0,0,0,"","","","","",""
"fhs","fruits","phv00478501","pht010753","derived field:strawberries","","MeasurementObservation","fruit_serving","{#}/wk","","","","","",,,1,,0,0,0,"","","","","",""
"fhs","fruits","phv00477369","pht010751","derived field:watermelon","","MeasurementObservation","fruit_serving","{#}/wk","","","","","",,,1,,0,0,0,"","","","","",""
"fhs","fruits","phv00477932","pht010752","derived field:watermelon","","MeasurementObservation","fruit_serving","{#}/wk","","","","","",,,1,,0,0,0,"","","","","",""
"fhs","fruits","phv00478493","pht010753","derived field:watermelon","","MeasurementObservation","fruit_serving","{#}/wk","","","","","",,,1,,0,0,0,"","","","","",""
"fhs","fruits","phv00522375","pht012893","did you eat or drink the following products in the last 7 days?: fruit juice (orange, apple, cranberry, prune, etc.)","","MeasurementObservation","fruit_serving","{#}/wk","","","","","",,,1,,0,0,0,"","","","","",""
"fhs","fruits","phv00522381","pht012893","did you eat or drink the following products in the last 7 days?: fruits (no juice) (apples, raisins, bananas, oranges, strawberries, blueberries, etc. (frozen or fresh)","","MeasurementObservation","fruit_serving","{#}/wk","","","","","",,,1,,0,0,0,"","","","","",""
"fhs","fruits","phv00369433","pht007770","es fruit component score","","MeasurementObservation","fruit_serving","{#}/wk","","","","","",,,1,,0,0,0,"","","","","",""
"fhs","fruits","phv00369463","pht007771","es fruit component score","","MeasurementObservation","fruit_serving","{#}/wk","","","","","",,,1,,0,0,0,"","","","","",""
"fhs","fruits","phv00369493","pht007772","es fruit component score","","MeasurementObservation","fruit_serving","{#}/wk","","","","","",,,1,,0,0,0,"","","","","",""
"fhs","fruits","phv00369523","pht007773","es fruit component score","","MeasurementObservation","fruit_serving","{#}/wk","","","","","",,,1,,0,0,0,"","","","","",""
"fhs","fruits","phv00369553","pht007774","es fruit component score","","MeasurementObservation","fruit_serving","{#}/wk","","","","","",,,1,,0,0,0,"","","","","",""
"fhs","fruits","phv00156813","pht002150","ffq: apple juice or cider","smallglass","MeasurementObservation","fruit_serving","{#}/wk","phv00157296","FHS GENERATION 3 EXAM 1","","","",,1,1,,0,0,0,"","","","","",""
"fhs","fruits","phv00162173","pht002350","ffq: apple juice or cider","smallglass","MeasurementObservation","fruit_serving","{#}/wk","phv00162112","FHS OFFSPRING EXAM 8","","","",,1,1,,0,0,0,"","","","","",""
"fhs","fruits","phv00172500","pht002900","ffq: apple juice or cider","smallglass","MeasurementObservation","fruit_serving","{#}/wk","phv00172393","FHS GENERATION 3, NEW OFFSPRING SPOUSE, OMNI 2 EXAM 2","","","",,1,1,,0,0,0,"","","","","",""
"fhs","fruits","phv00476982","pht010751","ffq: apple juice or cider","","MeasurementObservation","fruit_serving","{#}/wk","","","","","",,,1,,0,0,0,"","","","","",""
"fhs","fruits","phv00477545","pht010752","ffq: apple juice or cider","","MeasurementObservation","fruit_serving","{#}/wk","","","","","",,,1,,0,0,0,"","","","","",""
"fhs","fruits","phv00068302","pht000681","ffq: apple juice or cider (small glass)","","MeasurementObservation","fruit_serving","{#}/wk","phv00068713","FHS OFFSPRING EXAM 6","","","",,1,1,,0,0,0,"","","","","",""
"fhs","fruits","phv00068870","pht000682","ffq: apple juice or cider (small glass)","","MeasurementObservation","fruit_serving","{#}/wk","phv00069162","FHS OFFSPRING EXAM 7","","","",,1,1,,0,0,0,"","","","","",""
"fhs","fruits","phv00069912","pht000680","ffq: apple juice or cider (small glass)","","MeasurementObservation","fruit_serving","{#}/wk","phv00068241","FHS OFFSPRING EXAM 5","","","",,1,1,,0,0,0,"","","","","",""
"fhs","fruits","phv00157446","pht002151","ffq: apple juice or cider (small glass)","","MeasurementObservation","fruit_serving","{#}/wk","phv00157771","FHS ORIGINAL EXAM 20","","","",,1,1,,0,0,0,"","","","","",""
"fhs","fruits","phv00157923","pht002152","ffq: apple juice or cider (small glass)","","MeasurementObservation","fruit_serving","{#}/wk","phv00158091","FHS ORIGINAL EXAM 21","","","",,1,1,,0,0,0,"","","","","",""
"fhs","fruits","phv00158240","pht002153","ffq: apple juice or cider (small glass)","","MeasurementObservation","fruit_serving","{#}/wk","phv00158540","FHS ORIGINAL EXAM 22","","","",,1,1,,0,0,0,"","","","","",""
"fhs","fruits","phv00478108","pht010753","ffq: apple juice or cider (small glass)","","MeasurementObservation","fruit_serving","{#}/wk","","","","","",,,1,,0,0,0,"","","","","",""
"fhs","fruits","phv00478716","pht010754","ffq: apple juice or cider (small glass)","","MeasurementObservation","fruit_serving","{#}/wk","","","","","",,,1,,0,0,0,"","","","","",""
"fhs","fruits","phv00523707","pht012909","ffq: apple juice or cider (small glass)","","MeasurementObservation","fruit_serving","{#}/wk","","","","","",,,1,,0,0,0,"","","","","",""
"fhs","fruits","phv00524069","pht012910","ffq: apple juice or cider (small glass)","","MeasurementObservation","fruit_serving","{#}/wk","","","","","",,,1,,0,0,0,"","","","","",""
"fhs","fruits","phv00172509","pht002900","ffq: apricots ( 1 fresh, 1/2 cup canned or 5 dried)","1/2cup","MeasurementObservation","fruit_serving","{#}/wk","phv00172393","FHS GENERATION 3, NEW OFFSPRING SPOUSE, OMNI 2 EXAM 2","","","",,1,1,,0,0,0,"","","","","",""
"fhs","fruits","phv00478725","pht010754","ffq: apricots (1 fresh, 1/2 cup canned, or 5 dried)","","MeasurementObservation","fruit_serving","{#}/wk","","","","","",,,1,,0,0,0,"","","","","",""
"fhs","fruits","phv00524078","pht012910","ffq: apricots (1 fresh, 1/2 cup canned, or 5 dried)","","MeasurementObservation","fruit_serving","{#}/wk","","","","","",,,1,,0,0,0,"","","","","",""
"fhs","fruits","phv00172498","pht002900","ffq: avocado","1/2cup","MeasurementObservation","fruit_serving","{#}/wk","phv00172393","FHS GENERATION 3, NEW OFFSPRING SPOUSE, OMNI 2 EXAM 2","","","",,1,1,,0,0,0,"","","","","",""
"fhs","fruits","phv00478714","pht010754","ffq: avocado (1/2 fruit or 1/2 cup)","","MeasurementObservation","fruit_serving","{#}/wk","","","","","",,,1,,0,0,0,"","","","","",""
"fhs","fruits","phv00524067","pht012910","ffq: avocado (1/2 fruit or 1/2 cup)","","MeasurementObservation","fruit_serving","{#}/wk","","","","","",,,1,,0,0,0,"","","","","",""
"fhs","fruits","phv00156809","pht002150","ffq: bananas","1banana","MeasurementObservation","fruit_serving","{#}/wk","phv00157296","FHS GENERATION 3 EXAM 1","","","",,1,1,,0,0,0,"","","","","",""
"fhs","fruits","phv00162169","pht002350","ffq: bananas","1banana","MeasurementObservation","fruit_serving","{#}/wk","phv00162112","FHS OFFSPRING EXAM 8","","","",,1,1,,0,0,0,"","","","","",""
"fhs","fruits","phv00172496","pht002900","ffq: bananas","1banana","MeasurementObservation","fruit_serving","{#}/wk","phv00172393","FHS GENERATION 3, NEW OFFSPRING SPOUSE, OMNI 2 EXAM 2","","","",,1,1,,0,0,0,"","","","","",""
"fhs","fruits","phv00476978","pht010751","ffq: bananas","","MeasurementObservation","fruit_serving","{#}/wk","","","","","",,,1,,0,0,0,"","","","","",""
"fhs","fruits","phv00477541","pht010752","ffq: bananas","","MeasurementObservation","fruit_serving","{#}/wk","","","","","",,,1,,0,0,0,"","","","","",""
"fhs","fruits","phv00068298","pht000681","ffq: bananas (1)","","MeasurementObservation","fruit_serving","{#}/wk","phv00068713","FHS OFFSPRING EXAM 6","","","",,1,1,,0,0,0,"","","","","",""
"fhs","fruits","phv00068866","pht000682","ffq: bananas (1)","","MeasurementObservation","fruit_serving","{#}/wk","phv00069162","FHS OFFSPRING EXAM 7","","","",,1,1,,0,0,0,"","","","","",""
"fhs","fruits","phv00069909","pht000680","ffq: bananas (1)","","MeasurementObservation","fruit_serving","{#}/wk","phv00068241","FHS OFFSPRING EXAM 5","","","",,1,1,,0,0,0,"","","","","",""
"fhs","fruits","phv00157442","pht002151","ffq: bananas (1)","","MeasurementObservation","fruit_serving","{#}/wk","phv00157771","FHS ORIGINAL EXAM 20","","","",,1,1,,0,0,0,"","","","","",""
"fhs","fruits","phv00157919","pht002152","ffq: bananas (1)","","MeasurementObservation","fruit_serving","{#}/wk","phv00158091","FHS ORIGINAL EXAM 21","","","",,1,1,,0,0,0,"","","","","",""
"fhs","fruits","phv00158236","pht002153","ffq: bananas (1)","","MeasurementObservation","fruit_serving","{#}/wk","phv00158540","FHS ORIGINAL EXAM 22","","","",,1,1,,0,0,0,"","","","","",""
"fhs","fruits","phv00478104","pht010753","ffq: bananas (1)","","MeasurementObservation","fruit_serving","{#}/wk","","","","","",,,1,,0,0,0,"","","","","",""
"fhs","fruits","phv00478712","pht010754","ffq: bananas (1)","","MeasurementObservation","fruit_serving","{#}/wk","","","","","",,,1,,0,0,0,"","","","","",""
"fhs","fruits","phv00523703","pht012909","ffq: bananas (1)","","MeasurementObservation","fruit_serving","{#}/wk","","","","","",,,1,,0,0,0,"","","","","",""
"fhs","fruits","phv00524065","pht012910","ffq: bananas (1)","","MeasurementObservation","fruit_serving","{#}/wk","","","","","",,,1,,0,0,0,"","","","","",""
"fhs","fruits","phv00156820","pht002150","ffq: blueberries","1/2cup","MeasurementObservation","fruit_serving","{#}/wk","phv00157296","FHS GENERATION 3 EXAM 1","","","",,1,1,,0,0,0,"","","","","",""
"fhs","fruits","phv00162180","pht002350","ffq: blueberries","1/2cup","MeasurementObservation","fruit_serving","{#}/wk","phv00162112","FHS OFFSPRING EXAM 8","","","",,1,1,,0,0,0,"","","","","",""
"fhs","fruits","phv00476989","pht010751","ffq: blueberries","","MeasurementObservation","fruit_serving","{#}/wk","","","","","",,,1,,0,0,0,"","","","","",""
"fhs","fruits","phv00477552","pht010752","ffq: blueberries","","MeasurementObservation","fruit_serving","{#}/wk","","","","","",,,1,,0,0,0,"","","","","",""
"fhs","fruits","phv00068309","pht000681","ffq: blueberries (1/2 cup)","","MeasurementObservation","fruit_serving","{#}/wk","phv00068713","FHS OFFSPRING EXAM 6","","","",,1,1,,0,0,0,"","","","","",""
"fhs","fruits","phv00068877","pht000682","ffq: blueberries (1/2 cup)","","MeasurementObservation","fruit_serving","{#}/wk","phv00069162","FHS OFFSPRING EXAM 7","","","",,1,1,,0,0,0,"","","","","",""
"fhs","fruits","phv00069919","pht000680","ffq: blueberries (1/2 cup)","","MeasurementObservation","fruit_serving","{#}/wk","phv00068241","FHS OFFSPRING EXAM 5","","","",,1,1,,0,0,0,"","","","","",""
"fhs","fruits","phv00157453","pht002151","ffq: blueberries (1/2 cup)","","MeasurementObservation","fruit_serving","{#}/wk","phv00157771","FHS ORIGINAL EXAM 20","","","",,1,1,,0,0,0,"","","","","",""
"fhs","fruits","phv00157930","pht002152","ffq: blueberries (1/2 cup)","","MeasurementObservation","fruit_serving","{#}/wk","phv00158091","FHS ORIGINAL EXAM 21","","","",,1,1,,0,0,0,"","","","","",""
"fhs","fruits","phv00158247","pht002153","ffq: blueberries (1/2 cup)","","MeasurementObservation","fruit_serving","{#}/wk","phv00158540","FHS ORIGINAL EXAM 22","","","",,1,1,,0,0,0,"","","","","",""
"fhs","fruits","phv00478115","pht010753","ffq: blueberries (1/2 cup)","","MeasurementObservation","fruit_serving","{#}/wk","","","","","",,,1,,0,0,0,"","","","","",""
"fhs","fruits","phv00478723","pht010754","ffq: blueberries (1/2 cup)","","MeasurementObservation","fruit_serving","{#}/wk","","","","","",,,1,,0,0,0,"","","","","",""
"fhs","fruits","phv00523714","pht012909","ffq: blueberries (1/2 cup)","","MeasurementObservation","fruit_serving","{#}/wk","","","","","",,,1,,0,0,0,"","","","","",""
"fhs","fruits","phv00524076","pht012910","ffq: blueberries (1/2 cup)","","MeasurementObservation","fruit_serving","{#}/wk","","","","","",,,1,,0,0,0,"","","","","",""
"fhs","fruits","phv00172507","pht002900","ffq: blueberries, fresh, frozen or canned","1/2cup","MeasurementObservation","fruit_serving","{#}/wk","phv00172393","FHS GENERATION 3, NEW OFFSPRING SPOUSE, OMNI 2 EXAM 2","","","",,1,1,,0,0,0,"","","","","",""
"fhs","fruits","phv00478718","pht010754","ffq: calcium fortified oj (small glass)","","MeasurementObservation","fruit_serving","{#}/wk","","","","","",,,1,,0,0,0,"","","","","",""
"fhs","fruits","phv00524071","pht012910","ffq: calcium fortified oj (small glass)","","MeasurementObservation","fruit_serving","{#}/wk","","","","","",,,1,,0,0,0,"","","","","",""
"fhs","fruits","phv00156810","pht002150","ffq: cantaloupe","1/4melon","MeasurementObservation","fruit_serving","{#}/wk","phv00157296","FHS GENERATION 3 EXAM 1","","","",,1,1,,0,0,0,"","","","","",""
"fhs","fruits","phv00162170","pht002350","ffq: cantaloupe","1/4melon","MeasurementObservation","fruit_serving","{#}/wk","phv00162112","FHS OFFSPRING EXAM 8","","","",,1,1,,0,0,0,"","","","","",""
"fhs","fruits","phv00172497","pht002900","ffq: cantaloupe","1/4melon","MeasurementObservation","fruit_serving","{#}/wk","phv00172393","FHS GENERATION 3, NEW OFFSPRING SPOUSE, OMNI 2 EXAM 2","","","",,1,1,,0,0,0,"","","","","",""
"fhs","fruits","phv00476979","pht010751","ffq: cantaloupe","","MeasurementObservation","fruit_serving","{#}/wk","","","","","",,,1,,0,0,0,"","","","","",""
"fhs","fruits","phv00477542","pht010752","ffq: cantaloupe","","MeasurementObservation","fruit_serving","{#}/wk","","","","","",,,1,,0,0,0,"","","","","",""
"fhs","fruits","phv00068299","pht000681","ffq: cantaloupe (1/4 melon)","","MeasurementObservation","fruit_serving","{#}/wk","phv00068713","FHS OFFSPRING EXAM 6","","","",,1,1,,0,0,0,"","","","","",""
"fhs","fruits","phv00068867","pht000682","ffq: cantaloupe (1/4 melon)","","MeasurementObservation","fruit_serving","{#}/wk","phv00069162","FHS OFFSPRING EXAM 7","","","",,1,1,,0,0,0,"","","","","",""
"fhs","fruits","phv00069910","pht000680","ffq: cantaloupe (1/4 melon)","","MeasurementObservation","fruit_serving","{#}/wk","phv00068241","FHS OFFSPRING EXAM 5","","","",,1,1,,0,0,0,"","","","","",""
"fhs","fruits","phv00157443","pht002151","ffq: cantaloupe (1/4 melon)","","MeasurementObservation","fruit_serving","{#}/wk","phv00157771","FHS ORIGINAL EXAM 20","","","",,1,1,,0,0,0,"","","","","",""
"fhs","fruits","phv00157920","pht002152","ffq: cantaloupe (1/4 melon)","","MeasurementObservation","fruit_serving","{#}/wk","phv00158091","FHS ORIGINAL EXAM 21","","","",,1,1,,0,0,0,"","","","","",""
"fhs","fruits","phv00158237","pht002153","ffq: cantaloupe (1/4 melon)","","MeasurementObservation","fruit_serving","{#}/wk","phv00158540","FHS ORIGINAL EXAM 22","","","",,1,1,,0,0,0,"","","","","",""
"fhs","fruits","phv00478105","pht010753","ffq: cantaloupe (1/4 melon)","","MeasurementObservation","fruit_serving","{#}/wk","","","","","",,,1,,0,0,0,"","","","","",""
"fhs","fruits","phv00478713","pht010754","ffq: cantaloupe (1/4 melon)","","MeasurementObservation","fruit_serving","{#}/wk","","","","","",,,1,,0,0,0,"","","","","",""
"fhs","fruits","phv00523704","pht012909","ffq: cantaloupe (1/4 melon)","","MeasurementObservation","fruit_serving","{#}/wk","","","","","",,,1,,0,0,0,"","","","","",""
"fhs","fruits","phv00524066","pht012910","ffq: cantaloupe (1/4 melon)","","MeasurementObservation","fruit_serving","{#}/wk","","","","","",,,1,,0,0,0,"","","","","",""
"fhs","fruits","phv00156812","pht002150","ffq: fresh apples or pears","1appleorpear","MeasurementObservation","fruit_serving","{#}/wk","phv00157296","FHS GENERATION 3 EXAM 1","","","",,1,1,,0,0,0,"","","","","",""
"fhs","fruits","phv00162172","pht002350","ffq: fresh apples or pears","1appleorpear","MeasurementObservation","fruit_serving","{#}/wk","phv00162112","FHS OFFSPRING EXAM 8","","","",,1,1,,0,0,0,"","","","","",""
"fhs","fruits","phv00172499","pht002900","ffq: fresh apples or pears","1fruit","MeasurementObservation","fruit_serving","{#}/wk","phv00172393","FHS GENERATION 3, NEW OFFSPRING SPOUSE, OMNI 2 EXAM 2","","","",,1,1,,0,0,0,"","","","","",""
"fhs","fruits","phv00476981","pht010751","ffq: fresh apples or pears","","MeasurementObservation","fruit_serving","{#}/wk","","","","","",,,1,,0,0,0,"","","","","",""
"fhs","fruits","phv00477544","pht010752","ffq: fresh apples or pears","","MeasurementObservation","fruit_serving","{#}/wk","","","","","",,,1,,0,0,0,"","","","","",""
"fhs","fruits","phv00068301","pht000681","ffq: fresh apples or pears (1)","","MeasurementObservation","fruit_serving","{#}/wk","phv00068713","FHS OFFSPRING EXAM 6","","","",,1,1,,0,0,0,"","","","","",""
"fhs","fruits","phv00068869","pht000682","ffq: fresh apples or pears (1)","","MeasurementObservation","fruit_serving","{#}/wk","phv00069162","FHS OFFSPRING EXAM 7","","","",,1,1,,0,0,0,"","","","","",""
"fhs","fruits","phv00157445","pht002151","ffq: fresh apples or pears (1)","","MeasurementObservation","fruit_serving","{#}/wk","phv00157771","FHS ORIGINAL EXAM 20","","","",,1,1,,0,0,0,"","","","","",""
"fhs","fruits","phv00157922","pht002152","ffq: fresh apples or pears (1)","","MeasurementObservation","fruit_serving","{#}/wk","phv00158091","FHS ORIGINAL EXAM 21","","","",,1,1,,0,0,0,"","","","","",""
"fhs","fruits","phv00158239","pht002153","ffq: fresh apples or pears (1)","","MeasurementObservation","fruit_serving","{#}/wk","phv00158540","FHS ORIGINAL EXAM 22","","","",,1,1,,0,0,0,"","","","","",""
"fhs","fruits","phv00478107","pht010753","ffq: fresh apples or pears (1)","","MeasurementObservation","fruit_serving","{#}/wk","","","","","",,,1,,0,0,0,"","","","","",""
"fhs","fruits","phv00478715","pht010754","ffq: fresh apples or pears (1)","","MeasurementObservation","fruit_serving","{#}/wk","","","","","",,,1,,0,0,0,"","","","","",""
"fhs","fruits","phv00523706","pht012909","ffq: fresh apples or pears (1)","","MeasurementObservation","fruit_serving","{#}/wk","","","","","",,,1,,0,0,0,"","","","","",""
"fhs","fruits","phv00524068","pht012910","ffq: fresh apples or pears (1)","","MeasurementObservation","fruit_serving","{#}/wk","","","","","",,,1,,0,0,0,"","","","","",""
"fhs","fruits","phv00068311","pht000681","ffq: fruit section pass through indicator","","MeasurementObservation","fruit_serving","{#}/wk","phv00068713","FHS OFFSPRING EXAM 6","","","",,1,1,,0,0,0,"","","","","",""
"fhs","fruits","phv00068879","pht000682","ffq: fruit section pass through indicator","","MeasurementObservation","fruit_serving","{#}/wk","phv00069162","FHS OFFSPRING EXAM 7","","","",,1,1,,0,0,0,"","","","","",""
"fhs","fruits","phv00069921","pht000680","ffq: fruit section pass through indicator","","MeasurementObservation","fruit_serving","{#}/wk","phv00068241","FHS OFFSPRING EXAM 5","","","",,1,1,,0,0,0,"","","","","",""
"fhs","fruits","phv00156822","pht002150","ffq: fruit section pass through indicator","","MeasurementObservation","fruit_serving","{#}/wk","phv00157296","FHS GENERATION 3 EXAM 1","","","",,1,1,,0,0,0,"","","","","",""
"fhs","fruits","phv00157455","pht002151","ffq: fruit section pass through indicator","","MeasurementObservation","fruit_serving","{#}/wk","phv00157771","FHS ORIGINAL EXAM 20","","","",,1,1,,0,0,0,"","","","","",""
"fhs","fruits","phv00157932","pht002152","ffq: fruit section pass through indicator","","MeasurementObservation","fruit_serving","{#}/wk","phv00158091","FHS ORIGINAL EXAM 21","","","",,1,1,,0,0,0,"","","","","",""
"fhs","fruits","phv00158249","pht002153","ffq: fruit section pass through indicator","","MeasurementObservation","fruit_serving","{#}/wk","phv00158540","FHS ORIGINAL EXAM 22","","","",,1,1,,0,0,0,"","","","","",""
"fhs","fruits","phv00162182","pht002350","ffq: fruit section pass through indicator","","MeasurementObservation","fruit_serving","{#}/wk","phv00162112","FHS OFFSPRING EXAM 8","","","",,1,1,,0,0,0,"","","","","",""
"fhs","fruits","phv00476991","pht010751","ffq: fruit section pass through indicator","","MeasurementObservation","fruit_serving","{#}/wk","","","","","",,,1,,0,0,0,"","","","","",""
"fhs","fruits","phv00477554","pht010752","ffq: fruit section pass through indicator","","MeasurementObservation","fruit_serving","{#}/wk","","","","","",,,1,,0,0,0,"","","","","",""
"fhs","fruits","phv00478117","pht010753","ffq: fruit section pass through indicator","","MeasurementObservation","fruit_serving","{#}/wk","","","","","",,,1,,0,0,0,"","","","","",""
"fhs","fruits","phv00478708","pht010754","ffq: fruits pass through bubble","","MeasurementObservation","fruit_serving","{#}/wk","","","","","",,,1,,0,0,0,"","","","","",""
"fhs","fruits","phv00524225","pht012910","ffq: fruits pass through bubble","","MeasurementObservation","fruit_serving","{#}/wk","","","","","",,,1,,0,0,0,"","","","","",""
"fhs","fruits","phv00156816","pht002150","ffq: grapefruit","1/2agrapefruit","MeasurementObservation","fruit_serving","{#}/wk","phv00157296","FHS GENERATION 3 EXAM 1","","","",,1,1,,0,0,0,"","","","","",""
"fhs","fruits","phv00162176","pht002350","ffq: grapefruit","1/2agrapefruit","MeasurementObservation","fruit_serving","{#}/wk","phv00162112","FHS OFFSPRING EXAM 8","","","",,1,1,,0,0,0,"","","","","",""
"fhs","fruits","phv00476985","pht010751","ffq: grapefruit","","MeasurementObservation","fruit_serving","{#}/wk","","","","","",,,1,,0,0,0,"","","","","",""
"fhs","fruits","phv00477548","pht010752","ffq: grapefruit","","MeasurementObservation","fruit_serving","{#}/wk","","","","","",,,1,,0,0,0,"","","","","",""
"fhs","fruits","phv00478720","pht010754","ffq: grapefruit (1/2 fruit) or juice (small glass)","","MeasurementObservation","fruit_serving","{#}/wk","","","","","",,,1,,0,0,0,"","","","","",""
"fhs","fruits","phv00524073","pht012910","ffq: grapefruit (1/2 fruit) or juice (small glass)","","MeasurementObservation","fruit_serving","{#}/wk","","","","","",,,1,,0,0,0,"","","","","",""
"fhs","fruits","phv00068305","pht000681","ffq: grapefruit (1/2)","","MeasurementObservation","fruit_serving","{#}/wk","phv00068713","FHS OFFSPRING EXAM 6","","","",,1,1,,0,0,0,"","","","","",""
"fhs","fruits","phv00068873","pht000682","ffq: grapefruit (1/2)","","MeasurementObservation","fruit_serving","{#}/wk","phv00069162","FHS OFFSPRING EXAM 7","","","",,1,1,,0,0,0,"","","","","",""
"fhs","fruits","phv00069915","pht000680","ffq: grapefruit (1/2)","","MeasurementObservation","fruit_serving","{#}/wk","phv00068241","FHS OFFSPRING EXAM 5","","","",,1,1,,0,0,0,"","","","","",""
"fhs","fruits","phv00157449","pht002151","ffq: grapefruit (1/2)","","MeasurementObservation","fruit_serving","{#}/wk","phv00157771","FHS ORIGINAL EXAM 20","","","",,1,1,,0,0,0,"","","","","",""
"fhs","fruits","phv00157926","pht002152","ffq: grapefruit (1/2)","","MeasurementObservation","fruit_serving","{#}/wk","phv00158091","FHS ORIGINAL EXAM 21","","","",,1,1,,0,0,0,"","","","","",""
"fhs","fruits","phv00158243","pht002153","ffq: grapefruit (1/2)","","MeasurementObservation","fruit_serving","{#}/wk","phv00158540","FHS ORIGINAL EXAM 22","","","",,1,1,,0,0,0,"","","","","",""
"fhs","fruits","phv00478111","pht010753","ffq: grapefruit (1/2)","","MeasurementObservation","fruit_serving","{#}/wk","","","","","",,,1,,0,0,0,"","","","","",""
"fhs","fruits","phv00523710","pht012909","ffq: grapefruit (1/2)","","MeasurementObservation","fruit_serving","{#}/wk","","","","","",,,1,,0,0,0,"","","","","",""
"fhs","fruits","phv00172504","pht002900","ffq: grapefruit (1/2) or grapefruit juice (small glass)","1/2ofgrapefruitorsmallglassofjuice","MeasurementObservation","fruit_serving","{#}/wk","phv00172393","FHS GENERATION 3, NEW OFFSPRING SPOUSE, OMNI 2 EXAM 2","","","",,1,1,,0,0,0,"","","","","",""
"fhs","fruits","phv00156817","pht002150","ffq: grapefruit juice","smallglass","MeasurementObservation","fruit_serving","{#}/wk","phv00157296","FHS GENERATION 3 EXAM 1","","","",,1,1,,0,0,0,"","","","","",""
"fhs","fruits","phv00162177","pht002350","ffq: grapefruit juice","smallglass","MeasurementObservation","fruit_serving","{#}/wk","phv00162112","FHS OFFSPRING EXAM 8","","","",,1,1,,0,0,0,"","","","","",""
"fhs","fruits","phv00476986","pht010751","ffq: grapefruit juice","","MeasurementObservation","fruit_serving","{#}/wk","","","","","",,,1,,0,0,0,"","","","","",""
"fhs","fruits","phv00477549","pht010752","ffq: grapefruit juice","","MeasurementObservation","fruit_serving","{#}/wk","","","","","",,,1,,0,0,0,"","","","","",""
"fhs","fruits","phv00068306","pht000681","ffq: grapefruit juice (small glass)","","MeasurementObservation","fruit_serving","{#}/wk","phv00068713","FHS OFFSPRING EXAM 6","","","",,1,1,,0,0,0,"","","","","",""
"fhs","fruits","phv00068874","pht000682","ffq: grapefruit juice (small glass)","","MeasurementObservation","fruit_serving","{#}/wk","phv00069162","FHS OFFSPRING EXAM 7","","","",,1,1,,0,0,0,"","","","","",""
"fhs","fruits","phv00069916","pht000680","ffq: grapefruit juice (small glass)","","MeasurementObservation","fruit_serving","{#}/wk","phv00068241","FHS OFFSPRING EXAM 5","","","",,1,1,,0,0,0,"","","","","",""
"fhs","fruits","phv00157450","pht002151","ffq: grapefruit juice (small glass)","","MeasurementObservation","fruit_serving","{#}/wk","phv00157771","FHS ORIGINAL EXAM 20","","","",,1,1,,0,0,0,"","","","","",""
"fhs","fruits","phv00157927","pht002152","ffq: grapefruit juice (small glass)","","MeasurementObservation","fruit_serving","{#}/wk","phv00158091","FHS ORIGINAL EXAM 21","","","",,1,1,,0,0,0,"","","","","",""
"fhs","fruits","phv00158244","pht002153","ffq: grapefruit juice (small glass)","","MeasurementObservation","fruit_serving","{#}/wk","phv00158540","FHS ORIGINAL EXAM 22","","","",,1,1,,0,0,0,"","","","","",""
"fhs","fruits","phv00478112","pht010753","ffq: grapefruit juice (small glass)","","MeasurementObservation","fruit_serving","{#}/wk","","","","","",,,1,,0,0,0,"","","","","",""
"fhs","fruits","phv00523711","pht012909","ffq: grapefruit juice (small glass)","","MeasurementObservation","fruit_serving","{#}/wk","","","","","",,,1,,0,0,0,"","","","","",""
"fhs","fruits","phv00156815","pht002150","ffq: orange juice","smallglass","MeasurementObservation","fruit_serving","{#}/wk","phv00157296","FHS GENERATION 3 EXAM 1","","","",,1,1,,0,0,0,"","","","","",""
"fhs","fruits","phv00162175","pht002350","ffq: orange juice","smallglass","MeasurementObservation","fruit_serving","{#}/wk","phv00162112","FHS OFFSPRING EXAM 8","","","",,1,1,,0,0,0,"","","","","",""
"fhs","fruits","phv00476984","pht010751","ffq: orange juice","","MeasurementObservation","fruit_serving","{#}/wk","","","","","",,,1,,0,0,0,"","","","","",""
"fhs","fruits","phv00477547","pht010752","ffq: orange juice","","MeasurementObservation","fruit_serving","{#}/wk","","","","","",,,1,,0,0,0,"","","","","",""
"fhs","fruits","phv00068304","pht000681","ffq: orange juice (small glass)","","MeasurementObservation","fruit_serving","{#}/wk","phv00068713","FHS OFFSPRING EXAM 6","","","",,1,1,,0,0,0,"","","","","",""
"fhs","fruits","phv00068872","pht000682","ffq: orange juice (small glass)","","MeasurementObservation","fruit_serving","{#}/wk","phv00069162","FHS OFFSPRING EXAM 7","","","",,1,1,,0,0,0,"","","","","",""
"fhs","fruits","phv00069914","pht000680","ffq: orange juice (small glass)","","MeasurementObservation","fruit_serving","{#}/wk","phv00068241","FHS OFFSPRING EXAM 5","","","",,1,1,,0,0,0,"","","","","",""
"fhs","fruits","phv00157448","pht002151","ffq: orange juice (small glass)","","MeasurementObservation","fruit_serving","{#}/wk","phv00157771","FHS ORIGINAL EXAM 20","","","",,1,1,,0,0,0,"","","","","",""
"fhs","fruits","phv00157925","pht002152","ffq: orange juice (small glass)","","MeasurementObservation","fruit_serving","{#}/wk","phv00158091","FHS ORIGINAL EXAM 21","","","",,1,1,,0,0,0,"","","","","",""
"fhs","fruits","phv00158242","pht002153","ffq: orange juice (small glass)","","MeasurementObservation","fruit_serving","{#}/wk","phv00158540","FHS ORIGINAL EXAM 22","","","",,1,1,,0,0,0,"","","","","",""
"fhs","fruits","phv00478110","pht010753","ffq: orange juice (small glass)","","MeasurementObservation","fruit_serving","{#}/wk","","","","","",,,1,,0,0,0,"","","","","",""
"fhs","fruits","phv00523709","pht012909","ffq: orange juice (small glass)","","MeasurementObservation","fruit_serving","{#}/wk","","","","","",,,1,,0,0,0,"","","","","",""
"fhs","fruits","phv00172502","pht002900","ffq: orange juice - calcium fortified","smallglass","MeasurementObservation","fruit_serving","{#}/wk","phv00172393","FHS GENERATION 3, NEW OFFSPRING SPOUSE, OMNI 2 EXAM 2","","","",,1,1,,0,0,0,"","","","","",""
"fhs","fruits","phv00172503","pht002900","ffq: orange juice - not calcium fortified","smallglass","MeasurementObservation","fruit_serving","{#}/wk","phv00172393","FHS GENERATION 3, NEW OFFSPRING SPOUSE, OMNI 2 EXAM 2","","","",,1,1,,0,0,0,"","","","","",""
"fhs","fruits","phv00156814","pht002150","ffq: oranges","1orange","MeasurementObservation","fruit_serving","{#}/wk","phv00157296","FHS GENERATION 3 EXAM 1","","","",,1,1,,0,0,0,"","","","","",""
"fhs","fruits","phv00162174","pht002350","ffq: oranges","1orange","MeasurementObservation","fruit_serving","{#}/wk","phv00162112","FHS OFFSPRING EXAM 8","","","",,1,1,,0,0,0,"","","","","",""
"fhs","fruits","phv00172501","pht002900","ffq: oranges","1orange","MeasurementObservation","fruit_serving","{#}/wk","phv00172393","FHS GENERATION 3, NEW OFFSPRING SPOUSE, OMNI 2 EXAM 2","","","",,1,1,,0,0,0,"","","","","",""
"fhs","fruits","phv00476983","pht010751","ffq: oranges","","MeasurementObservation","fruit_serving","{#}/wk","","","","","",,,1,,0,0,0,"","","","","",""
"fhs","fruits","phv00477546","pht010752","ffq: oranges","","MeasurementObservation","fruit_serving","{#}/wk","","","","","",,,1,,0,0,0,"","","","","",""
"fhs","fruits","phv00068303","pht000681","ffq: oranges (1)","","MeasurementObservation","fruit_serving","{#}/wk","phv00068713","FHS OFFSPRING EXAM 6","","","",,1,1,,0,0,0,"","","","","",""
"fhs","fruits","phv00068871","pht000682","ffq: oranges (1)","","MeasurementObservation","fruit_serving","{#}/wk","phv00069162","FHS OFFSPRING EXAM 7","","","",,1,1,,0,0,0,"","","","","",""
"fhs","fruits","phv00069913","pht000680","ffq: oranges (1)","","MeasurementObservation","fruit_serving","{#}/wk","phv00068241","FHS OFFSPRING EXAM 5","","","",,1,1,,0,0,0,"","","","","",""
"fhs","fruits","phv00157447","pht002151","ffq: oranges (1)","","MeasurementObservation","fruit_serving","{#}/wk","phv00157771","FHS ORIGINAL EXAM 20","","","",,1,1,,0,0,0,"","","","","",""
"fhs","fruits","phv00157924","pht002152","ffq: oranges (1)","","MeasurementObservation","fruit_serving","{#}/wk","phv00158091","FHS ORIGINAL EXAM 21","","","",,1,1,,0,0,0,"","","","","",""
"fhs","fruits","phv00158241","pht002153","ffq: oranges (1)","","MeasurementObservation","fruit_serving","{#}/wk","phv00158540","FHS ORIGINAL EXAM 22","","","",,1,1,,0,0,0,"","","","","",""
"fhs","fruits","phv00478109","pht010753","ffq: oranges (1)","","MeasurementObservation","fruit_serving","{#}/wk","","","","","",,,1,,0,0,0,"","","","","",""
"fhs","fruits","phv00478717","pht010754","ffq: oranges (1)","","MeasurementObservation","fruit_serving","{#}/wk","","","","","",,,1,,0,0,0,"","","","","",""
"fhs","fruits","phv00523708","pht012909","ffq: oranges (1)","","MeasurementObservation","fruit_serving","{#}/wk","","","","","",,,1,,0,0,0,"","","","","",""
"fhs","fruits","phv00524070","pht012910","ffq: oranges (1)","","MeasurementObservation","fruit_serving","{#}/wk","","","","","",,,1,,0,0,0,"","","","","",""
"fhs","fruits","phv00156818","pht002150","ffq: other fruit juice","smallglass","MeasurementObservation","fruit_serving","{#}/wk","phv00157296","FHS GENERATION 3 EXAM 1","","","",,1,1,,0,0,0,"","","","","",""
"fhs","fruits","phv00162178","pht002350","ffq: other fruit juice","smallglass","MeasurementObservation","fruit_serving","{#}/wk","phv00162112","FHS OFFSPRING EXAM 8","","","",,1,1,,0,0,0,"","","","","",""
"fhs","fruits","phv00476987","pht010751","ffq: other fruit juice","","MeasurementObservation","fruit_serving","{#}/wk","","","","","",,,1,,0,0,0,"","","","","",""
"fhs","fruits","phv00477550","pht010752","ffq: other fruit juice","","MeasurementObservation","fruit_serving","{#}/wk","","","","","",,,1,,0,0,0,"","","","","",""
"fhs","fruits","phv00068307","pht000681","ffq: other fruit juice (small glass)","","MeasurementObservation","fruit_serving","{#}/wk","phv00068713","FHS OFFSPRING EXAM 6","","","",,1,1,,0,0,0,"","","","","",""
"fhs","fruits","phv00068875","pht000682","ffq: other fruit juice (small glass)","","MeasurementObservation","fruit_serving","{#}/wk","phv00069162","FHS OFFSPRING EXAM 7","","","",,1,1,,0,0,0,"","","","","",""
"fhs","fruits","phv00069917","pht000680","ffq: other fruit juice (small glass)","","MeasurementObservation","fruit_serving","{#}/wk","phv00068241","FHS OFFSPRING EXAM 5","","","",,1,1,,0,0,0,"","","","","",""
"fhs","fruits","phv00157451","pht002151","ffq: other fruit juice (small glass)","","MeasurementObservation","fruit_serving","{#}/wk","phv00157771","FHS ORIGINAL EXAM 20","","","",,1,1,,0,0,0,"","","","","",""
"fhs","fruits","phv00157928","pht002152","ffq: other fruit juice (small glass)","","MeasurementObservation","fruit_serving","{#}/wk","phv00158091","FHS ORIGINAL EXAM 21","","","",,1,1,,0,0,0,"","","","","",""
"fhs","fruits","phv00158245","pht002153","ffq: other fruit juice (small glass)","","MeasurementObservation","fruit_serving","{#}/wk","phv00158540","FHS ORIGINAL EXAM 22","","","",,1,1,,0,0,0,"","","","","",""
"fhs","fruits","phv00478113","pht010753","ffq: other fruit juice (small glass)","","MeasurementObservation","fruit_serving","{#}/wk","","","","","",,,1,,0,0,0,"","","","","",""
"fhs","fruits","phv00523712","pht012909","ffq: other fruit juice (small glass)","","MeasurementObservation","fruit_serving","{#}/wk","","","","","",,,1,,0,0,0,"","","","","",""
"fhs","fruits","phv00172505","pht002900","ffq: other fruit juices","smallglass","MeasurementObservation","fruit_serving","{#}/wk","phv00172393","FHS GENERATION 3, NEW OFFSPRING SPOUSE, OMNI 2 EXAM 2","","","",,1,1,,0,0,0,"","","","","",""
"fhs","fruits","phv00478721","pht010754","ffq: other fruit juices (small glass)","","MeasurementObservation","fruit_serving","{#}/wk","","","","","",,,1,,0,0,0,"","","","","",""
"fhs","fruits","phv00524074","pht012910","ffq: other fruit juices (small glass)","","MeasurementObservation","fruit_serving","{#}/wk","","","","","",,,1,,0,0,0,"","","","","",""
"fhs","fruits","phv00172508","pht002900","ffq: peaches or plums (1 fresh or 1/2 cup canned)","1/2cup","MeasurementObservation","fruit_serving","{#}/wk","phv00172393","FHS GENERATION 3, NEW OFFSPRING SPOUSE, OMNI 2 EXAM 2","","","",,1,1,,0,0,0,"","","","","",""
"fhs","fruits","phv00478724","pht010754","ffq: peaches or plums (1 fresh or 1/2 cup canned)","","MeasurementObservation","fruit_serving","{#}/wk","","","","","",,,1,,0,0,0,"","","","","",""
"fhs","fruits","phv00524077","pht012910","ffq: peaches or plums (1 fresh or 1/2 cup canned)","","MeasurementObservation","fruit_serving","{#}/wk","","","","","",,,1,,0,0,0,"","","","","",""
"fhs","fruits","phv00523715","pht012909","ffq: peaches, apri or plums (1 or 1/2 c)","","MeasurementObservation","fruit_serving","{#}/wk","","","","","",,,1,,0,0,0,"","","","","",""
"fhs","fruits","phv00156821","pht002150","ffq: peaches, apricots or plums","1/2cup","MeasurementObservation","fruit_serving","{#}/wk","phv00157296","FHS GENERATION 3 EXAM 1","","","",,1,1,,0,0,0,"","","","","",""
"fhs","fruits","phv00162181","pht002350","ffq: peaches, apricots or plums","1/2cup","MeasurementObservation","fruit_serving","{#}/wk","phv00162112","FHS OFFSPRING EXAM 8","","","",,1,1,,0,0,0,"","","","","",""
"fhs","fruits","phv00476990","pht010751","ffq: peaches, apricots or plums","","MeasurementObservation","fruit_serving","{#}/wk","","","","","",,,1,,0,0,0,"","","","","",""
"fhs","fruits","phv00477553","pht010752","ffq: peaches, apricots or plums","","MeasurementObservation","fruit_serving","{#}/wk","","","","","",,,1,,0,0,0,"","","","","",""
"fhs","fruits","phv00068310","pht000681","ffq: peaches, apricots or plums (1 or 1/2 c)","","MeasurementObservation","fruit_serving","{#}/wk","phv00068713","FHS OFFSPRING EXAM 6","","","",,1,1,,0,0,0,"","","","","",""
"fhs","fruits","phv00068878","pht000682","ffq: peaches, apricots or plums (1 or 1/2 c)","","MeasurementObservation","fruit_serving","{#}/wk","phv00069162","FHS OFFSPRING EXAM 7","","","",,1,1,,0,0,0,"","","","","",""
"fhs","fruits","phv00069920","pht000680","ffq: peaches, apricots or plums (1 or 1/2 c)","","MeasurementObservation","fruit_serving","{#}/wk","phv00068241","FHS OFFSPRING EXAM 5","","","",,1,1,,0,0,0,"","","","","",""
"fhs","fruits","phv00157454","pht002151","ffq: peaches, apricots or plums (1 or 1/2 c)","","MeasurementObservation","fruit_serving","{#}/wk","phv00157771","FHS ORIGINAL EXAM 20","","","",,1,1,,0,0,0,"","","","","",""
"fhs","fruits","phv00157931","pht002152","ffq: peaches, apricots or plums (1 or 1/2 c)","","MeasurementObservation","fruit_serving","{#}/wk","phv00158091","FHS ORIGINAL EXAM 21","","","",,1,1,,0,0,0,"","","","","",""
"fhs","fruits","phv00158248","pht002153","ffq: peaches, apricots or plums (1 or 1/2 c)","","MeasurementObservation","fruit_serving","{#}/wk","phv00158540","FHS ORIGINAL EXAM 22","","","",,1,1,,0,0,0,"","","","","",""
"fhs","fruits","phv00478116","pht010753","ffq: peaches, apricots or plums (1 or 1/2 c)","","MeasurementObservation","fruit_serving","{#}/wk","","","","","",,,1,,0,0,0,"","","","","",""
"fhs","fruits","phv00172495","pht002900","ffq: prune juice (small glass)","","MeasurementObservation","fruit_serving","{#}/wk","phv00172393","FHS GENERATION 3, NEW OFFSPRING SPOUSE, OMNI 2 EXAM 2","","","",,1,1,,0,0,0,"","","","","",""
"fhs","fruits","phv00478711","pht010754","ffq: prune juice (small glass)","","MeasurementObservation","fruit_serving","{#}/wk","","","","","",,,1,,0,0,0,"","","","","",""
"fhs","fruits","phv00524064","pht012910","ffq: prune juice (small glass)","","MeasurementObservation","fruit_serving","{#}/wk","","","","","",,,1,,0,0,0,"","","","","",""
"fhs","fruits","phv00156808","pht002150","ffq: prunes","1/2cup","MeasurementObservation","fruit_serving","{#}/wk","phv00157296","FHS GENERATION 3 EXAM 1","","","",,1,1,,0,0,0,"","","","","",""
"fhs","fruits","phv00162168","pht002350","ffq: prunes","1/2cup","MeasurementObservation","fruit_serving","{#}/wk","phv00162112","FHS OFFSPRING EXAM 8","","","",,1,1,,0,0,0,"","","","","",""
"fhs","fruits","phv00476977","pht010751","ffq: prunes","","MeasurementObservation","fruit_serving","{#}/wk","","","","","",,,1,,0,0,0,"","","","","",""
"fhs","fruits","phv00477540","pht010752","ffq: prunes","","MeasurementObservation","fruit_serving","{#}/wk","","","","","",,,1,,0,0,0,"","","","","",""
"fhs","fruits","phv00068297","pht000681","ffq: prunes (1/2 cup)","","MeasurementObservation","fruit_serving","{#}/wk","phv00068713","FHS OFFSPRING EXAM 6","","","",,1,1,,0,0,0,"","","","","",""
"fhs","fruits","phv00068865","pht000682","ffq: prunes (1/2 cup)","","MeasurementObservation","fruit_serving","{#}/wk","phv00069162","FHS OFFSPRING EXAM 7","","","",,1,1,,0,0,0,"","","","","",""
"fhs","fruits","phv00069908","pht000680","ffq: prunes (1/2 cup)","","MeasurementObservation","fruit_serving","{#}/wk","phv00068241","FHS OFFSPRING EXAM 5","","","",,1,1,,0,0,0,"","","","","",""
"fhs","fruits","phv00157441","pht002151","ffq: prunes (1/2 cup)","","MeasurementObservation","fruit_serving","{#}/wk","phv00157771","FHS ORIGINAL EXAM 20","","","",,1,1,,0,0,0,"","","","","",""
"fhs","fruits","phv00157918","pht002152","ffq: prunes (1/2 cup)","","MeasurementObservation","fruit_serving","{#}/wk","phv00158091","FHS ORIGINAL EXAM 21","","","",,1,1,,0,0,0,"","","","","",""
"fhs","fruits","phv00158235","pht002153","ffq: prunes (1/2 cup)","","MeasurementObservation","fruit_serving","{#}/wk","phv00158540","FHS ORIGINAL EXAM 22","","","",,1,1,,0,0,0,"","","","","",""
"fhs","fruits","phv00478103","pht010753","ffq: prunes (1/2 cup)","","MeasurementObservation","fruit_serving","{#}/wk","","","","","",,,1,,0,0,0,"","","","","",""
"fhs","fruits","phv00523702","pht012909","ffq: prunes (1/2 cup)","","MeasurementObservation","fruit_serving","{#}/wk","","","","","",,,1,,0,0,0,"","","","","",""
"fhs","fruits","phv00172494","pht002900","ffq: prunes or dried plums (6 prunes or 1/4 cup)","1/4cup","MeasurementObservation","fruit_serving","{#}/wk","phv00172393","FHS GENERATION 3, NEW OFFSPRING SPOUSE, OMNI 2 EXAM 2","","","",,1,1,,0,0,0,"","","","","",""
"fhs","fruits","phv00478710","pht010754","ffq: prunes or dried plums (6 prunes or 1/4 cup)","","MeasurementObservation","fruit_serving","{#}/wk","","","","","",,,1,,0,0,0,"","","","","",""
"fhs","fruits","phv00524063","pht012910","ffq: prunes or dried plums (6 prunes or 1/4 cup)","","MeasurementObservation","fruit_serving","{#}/wk","","","","","",,,1,,0,0,0,"","","","","",""
"fhs","fruits","phv00478709","pht010754","ffq: raisins (1 oz or small pack) or grapes (1/2 cup)","","MeasurementObservation","fruit_serving","{#}/wk","","","","","",,,1,,0,0,0,"","","","","",""
"fhs","fruits","phv00524062","pht012910","ffq: raisins (1 oz or small pack) or grapes (1/2 cup)","","MeasurementObservation","fruit_serving","{#}/wk","","","","","",,,1,,0,0,0,"","","","","",""
"fhs","fruits","phv00478102","pht010753","ffq: raisins (1 oz)or grapes","","MeasurementObservation","fruit_serving","{#}/wk","","","","","",,,1,,0,0,0,"","","","","",""
"fhs","fruits","phv00172493","pht002900","ffq: raisins (1 oz. or small pack) or grapes (1/2 cup)","[oz_av]","MeasurementObservation","fruit_serving","{#}/wk","phv00172393","FHS GENERATION 3, NEW OFFSPRING SPOUSE, OMNI 2 EXAM 2","","","",,1,1,,0,0,0,"","","","","",""
"fhs","fruits","phv00068296","pht000681","ffq: raisins (1 oz.) or grapes","","MeasurementObservation","fruit_serving","{#}/wk","phv00068713","FHS OFFSPRING EXAM 6","","","",,1,1,,0,0,0,"","","","","",""
"fhs","fruits","phv00068864","pht000682","ffq: raisins (1 oz.) or grapes","","MeasurementObservation","fruit_serving","{#}/wk","phv00069162","FHS OFFSPRING EXAM 7","","","",,1,1,,0,0,0,"","","","","",""
"fhs","fruits","phv00069907","pht000680","ffq: raisins (1 oz.) or grapes","","MeasurementObservation","fruit_serving","{#}/wk","phv00068241","FHS OFFSPRING EXAM 5","","","",,1,1,,0,0,0,"","","","","",""
"fhs","fruits","phv00157440","pht002151","ffq: raisins (1 oz.) or grapes","","MeasurementObservation","fruit_serving","{#}/wk","phv00157771","FHS ORIGINAL EXAM 20","","","",,1,1,,0,0,0,"","","","","",""
"fhs","fruits","phv00157917","pht002152","ffq: raisins (1 oz.) or grapes","","MeasurementObservation","fruit_serving","{#}/wk","phv00158091","FHS ORIGINAL EXAM 21","","","",,1,1,,0,0,0,"","","","","",""
"fhs","fruits","phv00158234","pht002153","ffq: raisins (1 oz.) or grapes","","MeasurementObservation","fruit_serving","{#}/wk","phv00158540","FHS ORIGINAL EXAM 22","","","",,1,1,,0,0,0,"","","","","",""
"fhs","fruits","phv00523701","pht012909","ffq: raisins (1 oz.) or grapes","","MeasurementObservation","fruit_serving","{#}/wk","","","","","",,,1,,0,0,0,"","","","","",""
"fhs","fruits","phv00156807","pht002150","ffq: raisins or grapes","[oz_av]","MeasurementObservation","fruit_serving","{#}/wk","phv00157296","FHS GENERATION 3 EXAM 1","","","",,1,1,,0,0,0,"","","","","",""
"fhs","fruits","phv00162167","pht002350","ffq: raisins or grapes","[oz_av]","MeasurementObservation","fruit_serving","{#}/wk","phv00162112","FHS OFFSPRING EXAM 8","","","",,1,1,,0,0,0,"","","","","",""
"fhs","fruits","phv00476976","pht010751","ffq: raisins or grapes","","MeasurementObservation","fruit_serving","{#}/wk","","","","","",,,1,,0,0,0,"","","","","",""
"fhs","fruits","phv00477539","pht010752","ffq: raisins or grapes","","MeasurementObservation","fruit_serving","{#}/wk","","","","","",,,1,,0,0,0,"","","","","",""
"fhs","fruits","phv00478719","pht010754","ffq: regular oj (small glass)","","MeasurementObservation","fruit_serving","{#}/wk","","","","","",,,1,,0,0,0,"","","","","",""
"fhs","fruits","phv00524072","pht012910","ffq: regular oj (small glass)","","MeasurementObservation","fruit_serving","{#}/wk","","","","","",,,1,,0,0,0,"","","","","",""
"fhs","fruits","phv00156819","pht002150","ffq: strawberries","1/2cup","MeasurementObservation","fruit_serving","{#}/wk","phv00157296","FHS GENERATION 3 EXAM 1","","","",,1,1,,0,0,0,"","","","","",""
"fhs","fruits","phv00162179","pht002350","ffq: strawberries","1/2cup","MeasurementObservation","fruit_serving","{#}/wk","phv00162112","FHS OFFSPRING EXAM 8","","","",,1,1,,0,0,0,"","","","","",""
"fhs","fruits","phv00476988","pht010751","ffq: strawberries","","MeasurementObservation","fruit_serving","{#}/wk","","","","","",,,1,,0,0,0,"","","","","",""
"fhs","fruits","phv00477551","pht010752","ffq: strawberries","","MeasurementObservation","fruit_serving","{#}/wk","","","","","",,,1,,0,0,0,"","","","","",""
"fhs","fruits","phv00068308","pht000681","ffq: strawberries (1/2 cup)","","MeasurementObservation","fruit_serving","{#}/wk","phv00068713","FHS OFFSPRING EXAM 6","","","",,1,1,,0,0,0,"","","","","",""
"fhs","fruits","phv00068876","pht000682","ffq: strawberries (1/2 cup)","","MeasurementObservation","fruit_serving","{#}/wk","phv00069162","FHS OFFSPRING EXAM 7","","","",,1,1,,0,0,0,"","","","","",""
"fhs","fruits","phv00069918","pht000680","ffq: strawberries (1/2 cup)","","MeasurementObservation","fruit_serving","{#}/wk","phv00068241","FHS OFFSPRING EXAM 5","","","",,1,1,,0,0,0,"","","","","",""
"fhs","fruits","phv00157452","pht002151","ffq: strawberries (1/2 cup)","","MeasurementObservation","fruit_serving","{#}/wk","phv00157771","FHS ORIGINAL EXAM 20","","","",,1,1,,0,0,0,"","","","","",""
"fhs","fruits","phv00157929","pht002152","ffq: strawberries (1/2 cup)","","MeasurementObservation","fruit_serving","{#}/wk","phv00158091","FHS ORIGINAL EXAM 21","","","",,1,1,,0,0,0,"","","","","",""
"fhs","fruits","phv00158246","pht002153","ffq: strawberries (1/2 cup)","","MeasurementObservation","fruit_serving","{#}/wk","phv00158540","FHS ORIGINAL EXAM 22","","","",,1,1,,0,0,0,"","","","","",""
"fhs","fruits","phv00478114","pht010753","ffq: strawberries (1/2 cup)","","MeasurementObservation","fruit_serving","{#}/wk","","","","","",,,1,,0,0,0,"","","","","",""
"fhs","fruits","phv00478722","pht010754","ffq: strawberries (1/2 cup)","","MeasurementObservation","fruit_serving","{#}/wk","","","","","",,,1,,0,0,0,"","","","","",""
"fhs","fruits","phv00523713","pht012909","ffq: strawberries (1/2 cup)","","MeasurementObservation","fruit_serving","{#}/wk","","","","","",,,1,,0,0,0,"","","","","",""
"fhs","fruits","phv00524075","pht012910","ffq: strawberries (1/2 cup)","","MeasurementObservation","fruit_serving","{#}/wk","","","","","",,,1,,0,0,0,"","","","","",""
"fhs","fruits","phv00156811","pht002150","ffq: watermelon","1slice","MeasurementObservation","fruit_serving","{#}/wk","phv00157296","FHS GENERATION 3 EXAM 1","","","",,1,1,,0,0,0,"","","","","",""
"fhs","fruits","phv00162171","pht002350","ffq: watermelon","1slice","MeasurementObservation","fruit_serving","{#}/wk","phv00162112","FHS OFFSPRING EXAM 8","","","",,1,1,,0,0,0,"","","","","",""
"fhs","fruits","phv00476980","pht010751","ffq: watermelon","","MeasurementObservation","fruit_serving","{#}/wk","","","","","",,,1,,0,0,0,"","","","","",""
"fhs","fruits","phv00477543","pht010752","ffq: watermelon","","MeasurementObservation","fruit_serving","{#}/wk","","","","","",,,1,,0,0,0,"","","","","",""
"fhs","fruits","phv00068300","pht000681","ffq: watermelon (1 slice)","","MeasurementObservation","fruit_serving","{#}/wk","phv00068713","FHS OFFSPRING EXAM 6","","","",,1,1,,0,0,0,"","","","","",""
"fhs","fruits","phv00068868","pht000682","ffq: watermelon (1 slice)","","MeasurementObservation","fruit_serving","{#}/wk","phv00069162","FHS OFFSPRING EXAM 7","","","",,1,1,,0,0,0,"","","","","",""
"fhs","fruits","phv00069911","pht000680","ffq: watermelon (1 slice)","","MeasurementObservation","fruit_serving","{#}/wk","phv00068241","FHS OFFSPRING EXAM 5","","","",,1,1,,0,0,0,"","","","","",""
"fhs","fruits","phv00157444","pht002151","ffq: watermelon (1 slice)","","MeasurementObservation","fruit_serving","{#}/wk","phv00157771","FHS ORIGINAL EXAM 20","","","",,1,1,,0,0,0,"","","","","",""
"fhs","fruits","phv00157921","pht002152","ffq: watermelon (1 slice)","","MeasurementObservation","fruit_serving","{#}/wk","phv00158091","FHS ORIGINAL EXAM 21","","","",,1,1,,0,0,0,"","","","","",""
"fhs","fruits","phv00158238","pht002153","ffq: watermelon (1 slice)","","MeasurementObservation","fruit_serving","{#}/wk","phv00158540","FHS ORIGINAL EXAM 22","","","",,1,1,,0,0,0,"","","","","",""
"fhs","fruits","phv00478106","pht010753","ffq: watermelon (1 slice)","","MeasurementObservation","fruit_serving","{#}/wk","","","","","",,,1,,0,0,0,"","","","","",""
"fhs","fruits","phv00523705","pht012909","ffq: watermelon (1 slice)","","MeasurementObservation","fruit_serving","{#}/wk","","","","","",,,1,,0,0,0,"","","","","",""
"fhs","fruits","phv00070783","pht000689","fresh apple or pear (1)","","MeasurementObservation","fruit_serving","{#}/wk","","","","","",,,1,,0,0,0,"","","","","",""
"fhs","fruits","phv00070798","pht000689","fresh or canned pineapple (1/2 cup)","","MeasurementObservation","fruit_serving","{#}/wk","","","","","",,,1,,0,0,0,"","","","","",""
"fhs","fruits","phv00523716","pht012909","fruit section pass through indicator","","MeasurementObservation","fruit_serving","{#}/wk","","","","","",,,1,,0,0,0,"","","","","",""
"fhs","fruits","phv00523881","pht012909","grapefruit","","MeasurementObservation","fruit_serving","{#}/wk","","","","","",,,1,,0,0,0,"","","","","",""
"fhs","fruits","phv00523882","pht012909","grapefruit juice","","MeasurementObservation","fruit_serving","{#}/wk","","","","","",,,1,,0,0,0,"","","","","",""
"fhs","fruits","phv00479151","pht010754","grapefruit or grapefruit juice: (servings/week)","","MeasurementObservation","fruit_serving","{#}/wk","","","","","",,,1,,0,0,0,"","","","","",""
"fhs","fruits","phv00524538","pht012910","grapefruit or grapefruit juice: (servings/week)","","MeasurementObservation","fruit_serving","{#}/wk","","","","","",,,1,,0,0,0,"","","","","",""
"fhs","fruits","phv00524729","pht012911","grapefruit or juice: % of 'calor' intake (org)","","MeasurementObservation","fruit_serving","{#}/wk","","","","","",,,1,,0,0,0,"","","","","",""
"fhs","fruits","phv00524917","pht012912","grapefruit or juice: % of 'calor' intake (org)","","MeasurementObservation","fruit_serving","{#}/wk","","","","","",,,1,,0,0,0,"","","","","",""
"fhs","fruits","phv00070785","pht000689","half cup of apple sauce","","MeasurementObservation","fruit_serving","{#}/wk","","","","","",,,1,,0,0,0,"","","","","",""
"fhs","fruits","phv00070792","pht000689","half cup of dates or figs","","MeasurementObservation","fruit_serving","{#}/wk","","","","","",,,1,,0,0,0,"","","","","",""
"fhs","fruits","phv00070800","pht000689","half cup of papayas","","MeasurementObservation","fruit_serving","{#}/wk","","","","","",,,1,,0,0,0,"","","","","",""
"fhs","fruits","phv00070791","pht000689","half cup of prunes or dry apricots","","MeasurementObservation","fruit_serving","{#}/wk","","","","","",,,1,,0,0,0,"","","","","",""
"fhs","fruits","phv00070788","pht000689","half grapefruit or glass juice","","MeasurementObservation","fruit_serving","{#}/wk","","","","","",,,1,,0,0,0,"","","","","",""
"fhs","fruits","phv00369445","pht007770","hc whole fruit component score","","MeasurementObservation","fruit_serving","{#}/wk","","","","","",,,1,,0,0,0,"","","","","",""
"fhs","fruits","phv00369475","pht007771","hc whole fruit component score","","MeasurementObservation","fruit_serving","{#}/wk","","","","","",,,1,,0,0,0,"","","","","",""
"fhs","fruits","phv00369505","pht007772","hc whole fruit component score","","MeasurementObservation","fruit_serving","{#}/wk","","","","","",,,1,,0,0,0,"","","","","",""
"fhs","fruits","phv00369535","pht007773","hc whole fruit component score","","MeasurementObservation","fruit_serving","{#}/wk","","","","","",,,1,,0,0,0,"","","","","",""
"fhs","fruits","phv00369565","pht007774","hc whole fruit component score","","MeasurementObservation","fruit_serving","{#}/wk","","","","","",,,1,,0,0,0,"","","","","",""
"fhs","fruits","phv00524727","pht012911","oj, calcium fortified: % of 'calor' intake (org)","","MeasurementObservation","fruit_serving","{#}/wk","","","","","",,,1,,0,0,0,"","","","","",""
"fhs","fruits","phv00524915","pht012912","oj, calcium fortified: % of 'calor' intake (org)","","MeasurementObservation","fruit_serving","{#}/wk","","","","","",,,1,,0,0,0,"","","","","",""
"fhs","fruits","phv00524728","pht012911","oj, regular: % of 'calor' intake (org)","","MeasurementObservation","fruit_serving","{#}/wk","","","","","",,,1,,0,0,0,"","","","","",""
"fhs","fruits","phv00524916","pht012912","oj, regular: % of 'calor' intake (org)","","MeasurementObservation","fruit_serving","{#}/wk","","","","","",,,1,,0,0,0,"","","","","",""
"fhs","fruits","phv00070801","pht000689","one quarter of an avocado","","MeasurementObservation","fruit_serving","{#}/wk","","","","","",,,1,,0,0,0,"","","","","",""
"fhs","fruits","phv00523880","pht012909","orange juice","","MeasurementObservation","fruit_serving","{#}/wk","","","","","",,,1,,0,0,0,"","","","","",""
"fhs","fruits","phv00479149","pht010754","orange juice - calcium fortified: (servings/week)","","MeasurementObservation","fruit_serving","{#}/wk","","","","","",,,1,,0,0,0,"","","","","",""
"fhs","fruits","phv00524536","pht012910","orange juice - calcium fortified: (servings/week)","","MeasurementObservation","fruit_serving","{#}/wk","","","","","",,,1,,0,0,0,"","","","","",""
"fhs","fruits","phv00479150","pht010754","orange juice - regular: (servings/week)","","MeasurementObservation","fruit_serving","{#}/wk","","","","","",,,1,,0,0,0,"","","","","",""
"fhs","fruits","phv00524537","pht012910","orange juice - regular: (servings/week)","","MeasurementObservation","fruit_serving","{#}/wk","","","","","",,,1,,0,0,0,"","","","","",""
"fhs","fruits","phv00070786","pht000689","orange or tangerine (1)","","MeasurementObservation","fruit_serving","{#}/wk","","","","","",,,1,,0,0,0,"","","","","",""
"fhs","fruits","phv00524726","pht012911","orange: % of 'calor' intake (org)","","MeasurementObservation","fruit_serving","{#}/wk","","","","","",,,1,,0,0,0,"","","","","",""
"fhs","fruits","phv00524914","pht012912","orange: % of 'calor' intake (org)","","MeasurementObservation","fruit_serving","{#}/wk","","","","","",,,1,,0,0,0,"","","","","",""
"fhs","fruits","phv00523879","pht012909","oranges","","MeasurementObservation","fruit_serving","{#}/wk","","","","","",,,1,,0,0,0,"","","","","",""
"fhs","fruits","phv00479148","pht010754","oranges: (servings/week)","","MeasurementObservation","fruit_serving","{#}/wk","","","","","",,,1,,0,0,0,"","","","","",""
"fhs","fruits","phv00524535","pht012910","oranges: (servings/week)","","MeasurementObservation","fruit_serving","{#}/wk","","","","","",,,1,,0,0,0,"","","","","",""
"fhs","fruits","phv00523883","pht012909","other fruit juice","","MeasurementObservation","fruit_serving","{#}/wk","","","","","",,,1,,0,0,0,"","","","","",""
"fhs","fruits","phv00479152","pht010754","other fruit juice: (servings/week)","","MeasurementObservation","fruit_serving","{#}/wk","","","","","",,,1,,0,0,0,"","","","","",""
"fhs","fruits","phv00524539","pht012910","other fruit juice: (servings/week)","","MeasurementObservation","fruit_serving","{#}/wk","","","","","",,,1,,0,0,0,"","","","","",""
"fhs","fruits","phv00524730","pht012911","other fruit juices: % of 'calor' intake (org)","","MeasurementObservation","fruit_serving","{#}/wk","","","","","",,,1,,0,0,0,"","","","","",""
"fhs","fruits","phv00524918","pht012912","other fruit juices: % of 'calor' intake (org)","","MeasurementObservation","fruit_serving","{#}/wk","","","","","",,,1,,0,0,0,"","","","","",""
"fhs","fruits","phv00523886","pht012909","peaches","","MeasurementObservation","fruit_serving","{#}/wk","","","","","",,,1,,0,0,0,"","","","","",""
"fhs","fruits","phv00524733","pht012911","peaches or plums: % of 'calor' intake (org)","","MeasurementObservation","fruit_serving","{#}/wk","","","","","",,,1,,0,0,0,"","","","","",""
"fhs","fruits","phv00524921","pht012912","peaches or plums: % of 'calor' intake (org)","","MeasurementObservation","fruit_serving","{#}/wk","","","","","",,,1,,0,0,0,"","","","","",""
"fhs","fruits","phv00479155","pht010754","peaches or plums: (servings/week)","","MeasurementObservation","fruit_serving","{#}/wk","","","","","",,,1,,0,0,0,"","","","","",""
"fhs","fruits","phv00524542","pht012910","peaches or plums: (servings/week)","","MeasurementObservation","fruit_serving","{#}/wk","","","","","",,,1,,0,0,0,"","","","","",""
"fhs","fruits","phv00070789","pht000689","peaches, apricots, plums, nectarines (piece or 1/2 cup)","","MeasurementObservation","fruit_serving","{#}/wk","","","","","",,,1,,0,0,0,"","","","","",""
"fhs","fruits","phv00479142","pht010754","prune juice (servings/week)","","MeasurementObservation","fruit_serving","{#}/wk","","","","","",,,1,,0,0,0,"","","","","",""
"fhs","fruits","phv00524529","pht012910","prune juice (servings/week)","","MeasurementObservation","fruit_serving","{#}/wk","","","","","",,,1,,0,0,0,"","","","","",""
"fhs","fruits","phv00524720","pht012911","prune juice: % of 'calor' intake (org)","","MeasurementObservation","fruit_serving","{#}/wk","","","","","",,,1,,0,0,0,"","","","","",""
"fhs","fruits","phv00524908","pht012912","prune juice: % of 'calor' intake (org)","","MeasurementObservation","fruit_serving","{#}/wk","","","","","",,,1,,0,0,0,"","","","","",""
"fhs","fruits","phv00523873","pht012909","prunes","","MeasurementObservation","fruit_serving","{#}/wk","","","","","",,,1,,0,0,0,"","","","","",""
"fhs","fruits","phv00479141","pht010754","prunes or dried plums (servings/week)","","MeasurementObservation","fruit_serving","{#}/wk","","","","","",,,1,,0,0,0,"","","","","",""
"fhs","fruits","phv00524528","pht012910","prunes or dried plums (servings/week)","","MeasurementObservation","fruit_serving","{#}/wk","","","","","",,,1,,0,0,0,"","","","","",""
"fhs","fruits","phv00524719","pht012911","prunes or dried plums: % of 'calor' intake (org)","","MeasurementObservation","fruit_serving","{#}/wk","","","","","",,,1,,0,0,0,"","","","","",""
"fhs","fruits","phv00524907","pht012912","prunes or dried plums: % of 'calor' intake (org)","","MeasurementObservation","fruit_serving","{#}/wk","","","","","",,,1,,0,0,0,"","","","","",""
"fhs","fruits","phv00523872","pht012909","raisins","","MeasurementObservation","fruit_serving","{#}/wk","","","","","",,,1,,0,0,0,"","","","","",""
"fhs","fruits","phv00524718","pht012911","raisins or grapes: % of 'calor' intake (org)","","MeasurementObservation","fruit_serving","{#}/wk","","","","","",,,1,,0,0,0,"","","","","",""
"fhs","fruits","phv00524906","pht012912","raisins or grapes: % of 'calor' intake (org)","","MeasurementObservation","fruit_serving","{#}/wk","","","","","",,,1,,0,0,0,"","","","","",""
"fhs","fruits","phv00479140","pht010754","raisins: (servings/week)","","MeasurementObservation","fruit_serving","{#}/wk","","","","","",,,1,,0,0,0,"","","","","",""
"fhs","fruits","phv00524527","pht012910","raisins: (servings/week)","","MeasurementObservation","fruit_serving","{#}/wk","","","","","",,,1,,0,0,0,"","","","","",""
"fhs","fruits","phv00070797","pht000689","slice of watermelon","","MeasurementObservation","fruit_serving","{#}/wk","","","","","",,,1,,0,0,0,"","","","","",""
"fhs","fruits","phv00070784","pht000689","small glass apple juice or cider","","MeasurementObservation","fruit_serving","{#}/wk","","","","","",,,1,,0,0,0,"","","","","",""
"fhs","fruits","phv00070787","pht000689","small glass orange juice","","MeasurementObservation","fruit_serving","{#}/wk","","","","","",,,1,,0,0,0,"","","","","",""
"fhs","fruits","phv00070790","pht000689","small pack of raisins or small bunch of grapes","","MeasurementObservation","fruit_serving","{#}/wk","","","","","",,,1,,0,0,0,"","","","","",""
"fhs","fruits","phv00523884","pht012909","strawberries","","MeasurementObservation","fruit_serving","{#}/wk","","","","","",,,1,,0,0,0,"","","","","",""
"fhs","fruits","phv00524731","pht012911","strawberries: % of 'calor' intake (org)","","MeasurementObservation","fruit_serving","{#}/wk","","","","","",,,1,,0,0,0,"","","","","",""
"fhs","fruits","phv00524919","pht012912","strawberries: % of 'calor' intake (org)","","MeasurementObservation","fruit_serving","{#}/wk","","","","","",,,1,,0,0,0,"","","","","",""
"fhs","fruits","phv00479153","pht010754","strawberries: (servings/week)","","MeasurementObservation","fruit_serving","{#}/wk","","","","","",,,1,,0,0,0,"","","","","",""
"fhs","fruits","phv00524540","pht012910","strawberries: (servings/week)","","MeasurementObservation","fruit_serving","{#}/wk","","","","","",,,1,,0,0,0,"","","","","",""
"fhs","fruits","phv00523876","pht012909","watermelon","","MeasurementObservation","fruit_serving","{#}/wk","","","","","",,,1,,0,0,0,"","","","","",""
"fhs","fvc - forced vital capacity","phv00465063","pht010742","forced vital capacity (fvc) - highest value among acceptable maneuvers","","MeasurementObservation","fvc","L","","","","","",,,1,,0,0,0,"","","","","",""
"fhs","fvc - forced vital capacity","phv00465032","pht010740","forced vital capacity - best effort","","MeasurementObservation","fvc","L","","","","","",,,1,,0,0,0,"","","","","",""
"fhs","fvc - forced vital capacity","phv00465046","pht010741","forced vital capacity - best effort","","MeasurementObservation","fvc","L","","","","","",,,1,,0,0,0,"","","","","",""
"fhs","fvc - forced vital capacity","phv00022651","pht000103","forced vital capacity - summary","","MeasurementObservation","fvc","L","phv00022662","FHS ORIGINAL EXAM 19","","","",,1,1,,0,0,0,"","","","","",""
"fhs","fvc - forced vital capacity","phv00022584","pht000103","forced vital capacity - trial 1","","MeasurementObservation","fvc","L","phv00022662","FHS ORIGINAL EXAM 19","","","",,1,1,,0,0,0,"","","","","",""
"fhs","fvc - forced vital capacity","phv00022597","pht000103","forced vital capacity - trial 1","","MeasurementObservation","fvc","L","phv00022662","FHS ORIGINAL EXAM 19","","","",,1,1,,0,0,0,"","","","","",""
"fhs","fvc - forced vital capacity","phv00022610","pht000103","forced vital capacity - trial 3","","MeasurementObservation","fvc","L","phv00022662","FHS ORIGINAL EXAM 19","","","",,1,1,,0,0,0,"","","","","",""
"fhs","fvc - forced vital capacity","phv00022623","pht000103","forced vital capacity - trial 4","","MeasurementObservation","fvc","L","phv00022662","FHS ORIGINAL EXAM 19","","","",,1,1,,0,0,0,"","","","","",""
"fhs","fvc - forced vital capacity","phv00022636","pht000103","forced vital capacity - trial 5","","MeasurementObservation","fvc","L","phv00022662","FHS ORIGINAL EXAM 19","","","",,1,1,,0,0,0,"","","","","",""
"fhs","fvc - forced vital capacity","phv00002682","pht000018","lung-function: forced vital capacity","","MeasurementObservation","fvc","L","phv00002946","FHS ORIGINAL EXAM 16","","","",,1,1,,0,0,0,"","","","","",""
"fhs","glucose in blood","phv00010133","pht000035","blood analysis - glucose - baseline","","MeasurementObservation","glucose_bld","mg/dL","phv00010138","FHS OFFSPRING EXAM 6","","","",,1,1,,0,0,0,"","","","","",""
"fhs","glucose in blood","phv00520290","pht006026","blood glucose (mg/dl) (includes fasting and non-fasting), exam 3","","MeasurementObservation","glucose_bld","mg/dL","phv00277015","FHS GENERATION 3, NEW OFFSPRING SPOUSE, OMNI 2 EXAM 1-3","","","",,1,1,,0,0,0,"","","","","",""
"fhs","glucose in blood","phv00008084","pht000031","glucose","","MeasurementObservation","glucose_bld","mg/dL","phv00008379","FHS OFFSPRING EXAM 2","","","",,1,1,,0,0,0,"","","","","",""
"fhs","glucose in blood","phv00009125","pht000033","glucose","","MeasurementObservation","glucose_bld","mg/dL","phv00009127","FHS OFFSPRING EXAM 4","","","",,1,1,,0,0,0,"","","","","",""
"fhs","glucose in blood","phv00255372","pht005144","glucose","","MeasurementObservation","glucose_bld","mg/dL","phv00255349","FHS GENERATION 3 EXAM 1","","","",,1,1,,0,0,0,"","","","","",""
"fhs","glucose in blood","phv00008731","pht000032","glucose in blood","","MeasurementObservation","glucose_bld","mg/dL","phv00008743","FHS OFFSPRING EXAM 3","","","",,1,1,,0,0,0,"","","","","",""
"fhs","glucose in blood","phv00462195","pht010726","glucose sample type: edta plasma","","MeasurementObservation","glucose_bld","mg/dL","phv00462185","FHS EXAM LAB ASSAYS, GENERATION 3 EXAM 3, NEW OFFSPRING SPOUSE EXAM 3, OMNI 2 EXAM 3","","","",,1,1,,0,0,0,"","","","","",""
"fhs","hdl","phv00010134","pht000035","blood anaylsis - hdl cholesterol","","MeasurementObservation","hdl","mg/dL","phv00010138","FHS OFFSPRING EXAM 6","","","",,1,1,,0,0,0,"","","","","",""
"fhs","hdl","phv00008728","pht000032","hdl cholesterol","","MeasurementObservation","hdl","mg/dL","phv00008743","FHS OFFSPRING EXAM 3","","","",,1,1,,0,0,0,"","","","","",""
"fhs","hdl","phv00009122","pht000033","hdl cholesterol","","MeasurementObservation","hdl","mg/dL","phv00009127","FHS OFFSPRING EXAM 4","","","",,1,1,,0,0,0,"","","","","",""
"fhs","hdl","phv00520300","pht006026","hdl cholesterol (mg/dl), exam 3","","MeasurementObservation","hdl","mg/dL","phv00277015","FHS GENERATION 3, NEW OFFSPRING SPOUSE, OMNI 2 EXAM 1-3","","","",,1,1,,0,0,0,"","","","","",""
"fhs","hdl","phv00462193","pht010726","hdl cholesterol sample type: edta plasma","","MeasurementObservation","hdl","mg/dL","phv00462185","FHS EXAM LAB ASSAYS, GENERATION 3 EXAM 3, NEW OFFSPRING SPOUSE EXAM 3, OMNI 2 EXAM 3","","","",,1,1,,0,0,0,"","","","","",""
"fhs","hdl","phv00008729","pht000032","hdl3","","MeasurementObservation","hdl","mg/dL","phv00008743","FHS OFFSPRING EXAM 3","","","",,1,1,,0,0,0,"","","","","",""
"fhs","hdl","phv00009123","pht000033","hdl3 cholesterol","","MeasurementObservation","hdl","mg/dL","phv00009127","FHS OFFSPRING EXAM 4","","","",,1,1,,0,0,0,"","","","","",""
"fhs","heart rate","phv00476569","pht010744","average heart rate during brachial, radial and femoral tonometry","","MeasurementObservation","hrtrt","{beats}/min","phv00476561","GENERATION 3 EXAM 2, OMNI 2 EXAM 2, AND NEW OFFSPRING SPOUSE EXAM 2","","","",,1,1,,0,0,0,"","","","","",""
"fhs","heart rate","phv00476644","pht010745","average heart rate during brachial, radial and femoral tonometry","","MeasurementObservation","hrtrt","{beats}/min","phv00476636","OFFSPRING EXAM 8 AND OMNI 1 EXAM 3","","","",,1,1,,0,0,0,"","","","","",""
"fhs","heart rate","phv00476766","pht010746","average heart rate during brachial, radial and femoral tonometry","","MeasurementObservation","hrtrt","{beats}/min","phv00476758","OFFSPRING EXAM 9 AND OMNI 1 EXAM 4","","","",,1,1,,0,0,0,"","","","","",""
"fhs","heart rate","phv00476887","pht010747","baseline heart rate","","MeasurementObservation","hrtrt","{beats}/min","","","","","",,,1,,0,0,0,"","","","","",""
"fhs","heart rate","phv00476895","pht010747","deflation heart rate","","MeasurementObservation","hrtrt","{beats}/min","","","","","",,,1,,0,0,0,"","","","","",""
"fhs","heart rate","phv00437640","pht000210","heart rate","","MeasurementObservation","hrtrt","{beats}/min","phv00024846","GENERATION 3 EXAM 1, NEW OFFSPRING SPOUSE EXAM 1, OMNI 2 EXAM 1","","","",,1,1,,0,0,0,"","","","","",""
"fhs","heart rate","phv00476607","pht010744","heart rate","","MeasurementObservation","hrtrt","{beats}/min","phv00476561","GENERATION 3 EXAM 2, OMNI 2 EXAM 2, AND NEW OFFSPRING SPOUSE EXAM 2","","","",,1,1,,0,0,0,"","","","","",""
"fhs","heart rate","phv00476682","pht010745","heart rate","","MeasurementObservation","hrtrt","{beats}/min","phv00476636","OFFSPRING EXAM 8 AND OMNI 1 EXAM 3","","","",,1,1,,0,0,0,"","","","","",""
"fhs","heart rate","phv00476804","pht010746","heart rate","","MeasurementObservation","hrtrt","{beats}/min","phv00476758","OFFSPRING EXAM 9 AND OMNI 1 EXAM 4","","","",,1,1,,0,0,0,"","","","","",""
"fhs","heart rate","phv00008283","pht000031","heart rate - 1 min.","","MeasurementObservation","hrtrt","{beats}/min","phv00008379","FHS OFFSPRING EXAM 2","","","",,1,1,,0,0,0,"","","","","",""
"fhs","heart rate","phv00008295","pht000031","heart rate - 2 min.","","MeasurementObservation","hrtrt","{beats}/min","phv00008379","FHS OFFSPRING EXAM 2","","","",,1,1,,0,0,0,"","","","","",""
"fhs","heart rate","phv00008307","pht000031","heart rate - 3 min.","","MeasurementObservation","hrtrt","{beats}/min","phv00008379","FHS OFFSPRING EXAM 2","","","",,1,1,,0,0,0,"","","","","",""
"fhs","heart rate","phv00008234","pht000031","heart rate - 3, 3.4/14%","","MeasurementObservation","hrtrt","{beats}/min","phv00008379","FHS OFFSPRING EXAM 2","","","",,1,1,,0,0,0,"","","","","",""
"fhs","heart rate","phv00008319","pht000031","heart rate - 4 min.","","MeasurementObservation","hrtrt","{beats}/min","phv00008379","FHS OFFSPRING EXAM 2","","","",,1,1,,0,0,0,"","","","","",""
"fhs","heart rate","phv00008246","pht000031","heart rate - 4, 42/16%","","MeasurementObservation","hrtrt","{beats}/min","phv00008379","FHS OFFSPRING EXAM 2","","","",,1,1,,0,0,0,"","","","","",""
"fhs","heart rate","phv00008331","pht000031","heart rate - addition.","","MeasurementObservation","hrtrt","{beats}/min","phv00008379","FHS OFFSPRING EXAM 2","","","",,1,1,,0,0,0,"","","","","",""
"fhs","heart rate","phv00008271","pht000031","heart rate - immed.","","MeasurementObservation","hrtrt","{beats}/min","phv00008379","FHS OFFSPRING EXAM 2","","","",,1,1,,0,0,0,"","","","","",""
"fhs","heart rate","phv00522555","pht012897","heart rate at peak exercise","","MeasurementObservation","hrtrt","{beats}/min","","","","","",,,1,,0,0,0,"","","","","",""
"fhs","heart rate","phv00437611","pht000211","heart rate during carotid tonometry","","MeasurementObservation","hrtrt","{beats}/min","phv00024907","FHS ORIGINAL EXAM 26","","","",,1,1,,0,0,0,"","","","","",""
"fhs","heart rate","phv00476570","pht010744","heart rate during carotid tonometry","","MeasurementObservation","hrtrt","{beats}/min","phv00476561","GENERATION 3 EXAM 2, OMNI 2 EXAM 2, AND NEW OFFSPRING SPOUSE EXAM 2","","","",,1,1,,0,0,0,"","","","","",""
"fhs","heart rate","phv00476645","pht010745","heart rate during carotid tonometry","","MeasurementObservation","hrtrt","{beats}/min","phv00476636","OFFSPRING EXAM 8 AND OMNI 1 EXAM 3","","","",,1,1,,0,0,0,"","","","","",""
"fhs","heart rate","phv00476767","pht010746","heart rate during carotid tonometry","","MeasurementObservation","hrtrt","{beats}/min","phv00476758","OFFSPRING EXAM 9 AND OMNI 1 EXAM 4","","","",,1,1,,0,0,0,"","","","","",""
"fhs","heart rate","phv00008222","pht000031","heart rate- 2, 2.5/12%","","MeasurementObservation","hrtrt","{beats}/min","phv00008379","FHS OFFSPRING EXAM 2","","","",,1,1,,0,0,0,"","","","","",""
"fhs","heart rate","phv00008258","pht000031","heart rate- 5, 5.0/18%","","MeasurementObservation","hrtrt","{beats}/min","phv00008379","FHS OFFSPRING EXAM 2","","","",,1,1,,0,0,0,"","","","","",""
"fhs","heart rate","phv00008186","pht000031","heart rate-0, 1.7/0","","MeasurementObservation","hrtrt","{beats}/min","phv00008379","FHS OFFSPRING EXAM 2","","","",,1,1,,0,0,0,"","","","","",""
"fhs","heart rate","phv00008210","pht000031","heart rate-1, 1.7/10%","","MeasurementObservation","hrtrt","{beats}/min","phv00008379","FHS OFFSPRING EXAM 2","","","",,1,1,,0,0,0,"","","","","",""
"fhs","heart rate","phv00008174","pht000031","heart rate-resting, p-hyvent","","MeasurementObservation","hrtrt","{beats}/min","phv00008379","FHS OFFSPRING EXAM 2","","","",,1,1,,0,0,0,"","","","","",""
"fhs","heart rate","phv00008162","pht000031","heart rate-resting, sit","","MeasurementObservation","hrtrt","{beats}/min","phv00008379","FHS OFFSPRING EXAM 2","","","",,1,1,,0,0,0,"","","","","",""
"fhs","heart rate","phv00008198","pht000031","heart rate-resting, sit","","MeasurementObservation","hrtrt","{beats}/min","phv00008379","FHS OFFSPRING EXAM 2","","","",,1,1,,0,0,0,"","","","","",""
"fhs","heart rate","phv00055229","pht000394","recovery 3 minutes heart rate","","MeasurementObservation","hrtrt","{beats}/min","phv00055249","FHS OFFSPRING EXAM 7","","","",,1,1,,0,0,0,"","","","","",""
"fhs","heart rate","phv00055236","pht000394","recovery 5 minutes heart rate","","MeasurementObservation","hrtrt","{beats}/min","phv00055249","FHS OFFSPRING EXAM 7","","","",,1,1,,0,0,0,"","","","","",""
"fhs","heart rate","phv00007263","pht000029","repeated chair stands: 30 second heart rate for post-repeated chair stand","","MeasurementObservation","hrtrt","{beats}/min","phv00007534","FHS ORIGINAL EXAM 27","","","",,1,1,,0,0,0,"","","","","",""
"fhs","heart rate","phv00070718","pht000692","repeated chair stands: 30 second heart rate for post-repeated chair stand","","MeasurementObservation","hrtrt","{beats}/min","phv00070736","FHS ORIGINAL EXAM 28","","","",,1,1,,0,0,0,"","","","","",""
"fhs","heart rate","phv00006839","pht000028","repeated chair stands: post-repeated chair stand 30 second heart rate","","MeasurementObservation","hrtrt","{beats}/min","phv00007095","FHS ORIGINAL EXAM 26","","","",,1,1,,0,0,0,"","","","","",""
"fhs","heart rate","phv00522545","pht012897","resting heart rate","","MeasurementObservation","hrtrt","{beats}/min","","","","","",,,1,,0,0,0,"","","","","",""
"fhs","height","phv00462000","pht010724","demographic and anthropometrics: anthropometry: height","","MeasurementObservation","bdy_hgt","cm","","","","","",,,1,,0,0,0,"","","","","",""
"fhs","height","phv00461141","pht004813","height","","MeasurementObservation","bdy_hgt","cm","","","","","",,,1,,0,0,0,"","","","","",""
"fhs","height","phv00520301","pht006026","height (inches), exam 3","","MeasurementObservation","bdy_hgt","cm","phv00277015","FHS GENERATION 3, NEW OFFSPRING SPOUSE, OMNI 2 EXAM 1-3","","","",,1,1,,0,0,0,"","","","","",""
"fhs","height","phv00522533","pht012897","height in centimeters","","MeasurementObservation","bdy_hgt","cm","","","","","",,,1,,0,0,0,"","","","","",""
"fhs","height","phv00522532","pht012897","height in meters","","MeasurementObservation","bdy_hgt","cm","","","","","",,,1,,0,0,0,"","","","","",""
"fhs","height","phv00461314","pht006006","numerical data - part i: height","","MeasurementObservation","bdy_hgt","cm","","","","","",,,1,,0,0,0,"","","","","",""
"fhs","hematocrit","phv00007952","pht000031","blood analysis: hematocrit","","MeasurementObservation","hemat","%","phv00008379","FHS OFFSPRING EXAM 2","","","",,1,1,,0,0,0,"","","","","",""
"fhs","hemoglobin a1c","phv00462165","pht010725","hemoglobin a1c","","MeasurementObservation","hemo_a1c","%","phv00462160","OFFSPRING EXAMS 5, 6, 7 AND OMNI 1 EXAMS 1, 2","","","",,1,1,,0,0,0,"","","","","",""
"fhs","hemoglobin a1c","phv00462187","pht010726","hemoglobin a1c sample type: whole blood","","MeasurementObservation","hemo_a1c","%","phv00462185","FHS EXAM LAB ASSAYS, GENERATION 3 EXAM 3, NEW OFFSPRING SPOUSE EXAM 3, OMNI 2 EXAM 3","","","",,1,1,,0,0,0,"","","","","",""
"fhs","hip circumference","phv00177546","pht003094","anthropometry: hip girth - protocol modification","","MeasurementObservation","hip_circ","cm","phv00177237","FHS GENERATION 3, NEW OFFSPRING SPOUSE, OMNI 2 EXAM 2","","","",,1,1,,0,0,0,"","","","","",""
"fhs","hip circumference","phv00462004","pht010724","demographic and anthropometrics: anthropometry: hip girth","","MeasurementObservation","hip_circ","cm","","","","","",,,1,,0,0,0,"","","","","",""
"fhs","hip circumference","phv00462005","pht010724","demographic and anthropometrics: anthropometry: protocol modification - hip girth","","MeasurementObservation","hip_circ","cm","","","","","",,,1,,0,0,0,"","","","","",""
"fhs","hip circumference","phv00520302","pht006026","hip girth (inches), exam 3","","MeasurementObservation","hip_circ","cm","phv00277015","FHS GENERATION 3, NEW OFFSPRING SPOUSE, OMNI 2 EXAM 1-3","","","",,1,1,,0,0,0,"","","","","",""
"fhs","hip circumference","phv00461317","pht006006","numerical data - part i: hip girth","","MeasurementObservation","hip_circ","cm","","","","","",,,1,,0,0,0,"","","","","",""
"fhs","hip circumference","phv00254294","pht005140","numerical data/anthropometry: hip girth - protocol modification","","MeasurementObservation","hip_circ","cm","phv00254010","FHS OFFSPRING EXAM 9, OMNI 1 EXAM 4","","","",,1,1,,0,0,0,"","","","","",""
"fhs","icam1 in blood","phv00462210","pht010727","icam1 (pf) - olink cardiometabolic(v.3602) - p05362 - oid01230","","MeasurementObservation","icam","ng/mL","phv00462203","OFFSPRING EXAM 7","","","",,1,1,,0,0,0,"","","","","",""
"fhs","icam1 in blood","phv00462209","pht010727","icam1 - olink cardiometabolic(v.3602) - p05362 - oid01230 (sample type: edta plasma)","","MeasurementObservation","icam","ng/mL","phv00462203","OFFSPRING EXAM 7","","","",,1,1,,0,0,0,"","","","","",""
"fhs","icam1 in blood","phv00520367","pht012880","intercellular adhesion molecule 1 (sample type: serum)","","MeasurementObservation","icam","ng/mL","phv00520362","GENERATION 3 EXAM 1, NEW OFFSPRING SPOUSE EXAM 1, AND OMNI 2 EXAM 1","","","",,1,1,,0,0,0,"","","","","",""
"fhs","icam1 in blood","phv00520383","pht012881","intercellular adhesion molecule 1 (sample type: serum)","","MeasurementObservation","icam","ng/mL","phv00520376","OFFSPRING EXAM 7 AND OMNI 1 EXAM 2","","","",,1,1,,0,0,0,"","","","","",""
"fhs","icam1 in blood","phv00520399","pht012882","intercellular adhesion molecule 1 (sample type: serum)","","MeasurementObservation","icam","ng/mL","phv00520395","OFFSPRING EXAM 8 AND OMNI 1 EXAM 3","","","",,1,1,,0,0,0,"","","","","",""
"fhs","icam1 in blood","phv00422578","pht006013","sicam-1: intercellular adhesion molecule 1 - 4342-10 (p05362) (sample type: citrated plasma)","","MeasurementObservation","icam","ng/mL","phv00275427","FHS OFFSPRING EXAM 5","","","",,1,1,,0,0,0,"","","","","",""
"fhs","insulin in blood","phv00422701","pht006013","insulin: insulin - 4883-56 (p01308) (sample type: citrated plasma)","","MeasurementObservation","insulin_blood","pmol/L","phv00275427","FHS OFFSPRING EXAM 5","","","",,1,1,,0,0,0,"","","","","",""
"fhs","insulin in blood","phv00462163","pht010725","plasma insulin (dpc)","","MeasurementObservation","insulin_blood","pmol/L","phv00462160","OFFSPRING EXAMS 5, 6, 7 AND OMNI 1 EXAMS 1, 2","","","",,1,1,,0,0,0,"","","","","",""
"fhs","insulin in blood","phv00462169","pht010725","plasma insulin (linco)","","MeasurementObservation","insulin_blood","pmol/L","phv00462160","OFFSPRING EXAMS 5, 6, 7 AND OMNI 1 EXAMS 1, 2","","","",,1,1,,0,0,0,"","","","","",""
"fhs","interleukin 1 beta in blood","phv00422093","pht006013","il-1b: interleukin-1 beta - 3037-62 (p01584) (sample type: citrated plasma)","","MeasurementObservation","il1_beta","pg/mL","phv00275427","FHS OFFSPRING EXAM 5","","","",,1,1,,0,0,0,"","","","","",""
"fhs","interleukin 1 beta in blood","phv00462449","pht010727","il18 - olink cardiovascular ii(v.5004) - q14116 - oid00409 (sample type: edta plasma)","","MeasurementObservation","il1_beta","pg/mL","phv00462203","OFFSPRING EXAM 7","","","",,1,1,,0,0,0,"","","","","",""
"fhs","interleukin 1 beta in blood","phv00462817","pht010727","il18 - olink inflammation(v.3012) - q14116 - oid00501 (sample type: edta plasma)","","MeasurementObservation","il1_beta","pg/mL","phv00462203","OFFSPRING EXAM 7","","","",,1,1,,0,0,0,"","","","","",""
"fhs","interleukin 1 beta in blood","phv00462450","pht010727","il18_cv (pf) - olink cardiovascular ii(v.5004) - q14116 - oid00409","","MeasurementObservation","il1_beta","pg/mL","phv00462203","OFFSPRING EXAM 7","","","",,1,1,,0,0,0,"","","","","",""
"fhs","interleukin 1 beta in blood","phv00462818","pht010727","il18_inf (pf) - olink inflammation(v.3012) - q14116 - oid00501","","MeasurementObservation","il1_beta","pg/mL","phv00462203","OFFSPRING EXAM 7","","","",,1,1,,0,0,0,"","","","","",""
"fhs","interleukin 10 in blood","phv00421958","pht006013","il-10: interleukin-10 - 2773-50 (p22301) (sample type: citrated plasma)","","MeasurementObservation","il10","pg/mL","phv00275427","FHS OFFSPRING EXAM 5","","","",,1,1,,0,0,0,"","","","","",""
"fhs","interleukin 10 in blood","phv00462872","pht010727","il10 (pf) - olink inflammation(v.3012) - p22301 - oid00528","","MeasurementObservation","il10","pg/mL","phv00462203","OFFSPRING EXAM 7","","","",,1,1,,0,0,0,"","","","","",""
"fhs","interleukin 10 in blood","phv00462871","pht010727","il10 - olink inflammation(v.3012) - p22301 - oid00528 (sample type: edta plasma)","","MeasurementObservation","il10","pg/mL","phv00462203","OFFSPRING EXAM 7","","","",,1,1,,0,0,0,"","","","","",""
"fhs","interleukin 18 in blood","phv00520385","pht012881","interleukin-18 (sample type: serum)","","MeasurementObservation","il18","pg/mL","phv00520376","OFFSPRING EXAM 7 AND OMNI 1 EXAM 2","","","",,1,1,,0,0,0,"","","","","",""
"fhs","interleukin 6 in blood","phv00422661","pht006013","il-6: interleukin-6 - 4673-13 (p05231) (sample type: citrated plasma)","","MeasurementObservation","il6","pg/mL","phv00275427","FHS OFFSPRING EXAM 5","","","",,1,1,,0,0,0,"","","","","",""
"fhs","interleukin 6 in blood","phv00462411","pht010727","il6 - olink cardiovascular ii(v.5004) - p05231 - oid00390 (sample type: edta plasma)","","MeasurementObservation","il6","pg/mL","phv00462203","OFFSPRING EXAM 7","","","",,1,1,,0,0,0,"","","","","",""
"fhs","interleukin 6 in blood","phv00462779","pht010727","il6 - olink inflammation(v.3012) - p05231 - oid00482 (sample type: edta plasma)","","MeasurementObservation","il6","pg/mL","phv00462203","OFFSPRING EXAM 7","","","",,1,1,,0,0,0,"","","","","",""
"fhs","interleukin 6 in blood","phv00462412","pht010727","il6_cv (pf) - olink cardiovascular ii(v.5004) - p05231 - oid00390","","MeasurementObservation","il6","pg/mL","phv00462203","OFFSPRING EXAM 7","","","",,1,1,,0,0,0,"","","","","",""
"fhs","interleukin 6 in blood","phv00462780","pht010727","il6_inf (pf) - olink inflammation(v.3012) - p05231 - oid00482","","MeasurementObservation","il6","pg/mL","phv00462203","OFFSPRING EXAM 7","","","",,1,1,,0,0,0,"","","","","",""
"fhs","interleukin 6 in blood","phv00520368","pht012880","interleukin-6 (sample type: serum)","","MeasurementObservation","il6","pg/mL","phv00520362","GENERATION 3 EXAM 1, NEW OFFSPRING SPOUSE EXAM 1, AND OMNI 2 EXAM 1","","","",,1,1,,0,0,0,"","","","","",""
"fhs","interleukin 6 in blood","phv00520384","pht012881","interleukin-6 (sample type: serum)","","MeasurementObservation","il6","pg/mL","phv00520376","OFFSPRING EXAM 7 AND OMNI 1 EXAM 2","","","",,1,1,,0,0,0,"","","","","",""
"fhs","interleukin 6 in blood","phv00520400","pht012882","interleukin-6 (sample type: serum)","","MeasurementObservation","il6","pg/mL","phv00520395","OFFSPRING EXAM 8 AND OMNI 1 EXAM 3","","","",,1,1,,0,0,0,"","","","","",""
"fhs","lactate dehydrogenase ldh","phv00422475","pht006013","ldh-h 1: l-lactate dehydrogenase b chain - 3890-8 (p07195) (sample type: citrated plasma)","","MeasurementObservation","lactate_dehyd","[IU]/L","phv00275427","FHS OFFSPRING EXAM 5","","","",,1,1,,0,0,0,"","","","","",""
"fhs","lactate in blood","phv00166732","pht002565","lactate","","MeasurementObservation","lactate_blood","mmol/L","phv00166712","FHS OFFSPRING EXAM 5","","","",,1,1,,0,0,0,"","","","","",""
"fhs","lactate in blood","phv00172259","pht002894","lactate","","MeasurementObservation","lactate_blood","mmol/L","phv00172242","FHSOFFSPRING EXAM 5","","","",,1,1,,0,0,0,"","","","","",""
"fhs","lactate in blood","phv00255391","pht005144","lactate","","MeasurementObservation","lactate_blood","mmol/L","phv00255349","FHS GENERATION 3 EXAM 1","","","",,1,1,,0,0,0,"","","","","",""
"fhs","lactate in blood","phv00521118","pht012888","qi41 - lactate (compound - metabolite)","","MeasurementObservation","lactate_blood","mmol/L","phv00521067","GENERATION 3 EXAM 3","","","",,1,1,,0,0,0,"","","","","",""
"fhs","lactate in blood","phv00521044","pht012887","qi41-lactate (compound - metabolite)","","MeasurementObservation","lactate_blood","mmol/L","phv00520993","GENERATION 3 EXAM 3","","","",,1,1,,0,0,0,"","","","","",""
"fhs","ldl","phv00520292","pht006026","calculated ldl cholesterol (mg/dl), exam 3","","MeasurementObservation","ldl","mg/dL","phv00277015","FHS GENERATION 3, NEW OFFSPRING SPOUSE, OMNI 2 EXAM 1-3","","","",,1,1,,0,0,0,"","","","","",""
"fhs","ldl","phv00008733","pht000032","ldl","","MeasurementObservation","ldl","mg/dL","phv00008743","FHS OFFSPRING EXAM 3","","","",,1,1,,0,0,0,"","","","","",""
"fhs","lymphocytes count","phv00008117","pht000031","lymphocytes","","MeasurementObservation","lympho_ct","10*3/uL","phv00008379","FHS OFFSPRING EXAM 2","","","",,1,1,,0,0,0,"","","","","",""
"fhs","mass lp-pla2 in blood","phv00520370","pht012880","lp-pla2 mass (sample type: plasma)","","MeasurementObservation","lppla2_mass","ng/mL","phv00520362","GENERATION 3 EXAM 1, NEW OFFSPRING SPOUSE EXAM 1, AND OMNI 2 EXAM 1","","","",,1,1,,0,0,0,"","","","","",""
"fhs","mass lp-pla2 in blood","phv00520388","pht012881","lp-pla2 mass (sample type: plasma)","","MeasurementObservation","lppla2_mass","ng/mL","phv00520376","OFFSPRING EXAM 7 AND OMNI 1 EXAM 2","","","",,1,1,,0,0,0,"","","","","",""
"fhs","mass lp-pla2 in blood","phv00520404","pht012882","lp-pla2 mass concentration (sample type: plasma)","","MeasurementObservation","lppla2_mass","ng/mL","phv00520395","OFFSPRING EXAM 8 AND OMNI 1 EXAM 3","","","",,1,1,,0,0,0,"","","","","",""
"fhs","mcp1 in blood","phv00462599","pht010727","mcp-1 - olink cardiovascular iii(v.6112) - p13500 - oid00576 (sample type: edta plasma)","","MeasurementObservation","mcp1","pg/mL","phv00462203","OFFSPRING EXAM 7","","","",,1,1,,0,0,0,"","","","","",""
"fhs","mcp1 in blood","phv00462783","pht010727","mcp-1 - olink inflammation(v.3012) - p13500 - oid00484 (sample type: edta plasma)","","MeasurementObservation","mcp1","pg/mL","phv00462203","OFFSPRING EXAM 7","","","",,1,1,,0,0,0,"","","","","",""
"fhs","mcp1 in blood","phv00421856","pht006013","mcp-1: c-c motif chemokine 2 - 2578-67 (p13500) (sample type: citrated plasma)","","MeasurementObservation","mcp1","pg/mL","phv00275427","FHS OFFSPRING EXAM 5","","","",,1,1,,0,0,0,"","","","","",""
"fhs","mcp1 in blood","phv00462600","pht010727","mcp_1_cv (pf) - olink cardiovascular iii(v.6112) - p13500 - oid00576","","MeasurementObservation","mcp1","pg/mL","phv00462203","OFFSPRING EXAM 7","","","",,1,1,,0,0,0,"","","","","",""
"fhs","mcp1 in blood","phv00462784","pht010727","mcp_1_inf (pf) - olink inflammation(v.3012) - p13500 - oid00484","","MeasurementObservation","mcp1","pg/mL","phv00462203","OFFSPRING EXAM 7","","","",,1,1,,0,0,0,"","","","","",""
"fhs","mcp1 in blood","phv00520371","pht012880","monocyte chemoattractant protein 1 (sample type: serum)","","MeasurementObservation","mcp1","pg/mL","phv00520362","GENERATION 3 EXAM 1, NEW OFFSPRING SPOUSE EXAM 1, AND OMNI 2 EXAM 1","","","",,1,1,,0,0,0,"","","","","",""
"fhs","mcp1 in blood","phv00520389","pht012881","monocyte chemoattractant protein 1 (sample type: serum)","","MeasurementObservation","mcp1","pg/mL","phv00520376","OFFSPRING EXAM 7 AND OMNI 1 EXAM 2","","","",,1,1,,0,0,0,"","","","","",""
"fhs","mcp1 in blood","phv00520402","pht012882","monocyte chemotactic protein 1 (sample type: serum)","","MeasurementObservation","mcp1","pg/mL","phv00520395","OFFSPRING EXAM 8 AND OMNI 1 EXAM 3","","","",,1,1,,0,0,0,"","","","","",""
"fhs","mean arterial pressure","phv00476585","pht010744","mean arterial pressure","","MeasurementObservation","mn_art_pres","mm[Hg]","phv00476561","GENERATION 3 EXAM 2, OMNI 2 EXAM 2, AND NEW OFFSPRING SPOUSE EXAM 2","","","",,1,1,,0,0,0,"","","","","",""
"fhs","mean arterial pressure","phv00476660","pht010745","mean arterial pressure","","MeasurementObservation","mn_art_pres","mm[Hg]","phv00476636","OFFSPRING EXAM 8 AND OMNI 1 EXAM 3","","","",,1,1,,0,0,0,"","","","","",""
"fhs","mean arterial pressure","phv00476782","pht010746","mean arterial pressure - mmhg","","MeasurementObservation","mn_art_pres","mm[Hg]","phv00476758","OFFSPRING EXAM 9 AND OMNI 1 EXAM 4","","","",,1,1,,0,0,0,"","","","","",""
"fhs","mean corpuscular hemoglobin","phv00008113","pht000031","mch (mean corpuscular hemoglobin)","","MeasurementObservation","mch","pg/{cell}","phv00008379","FHS OFFSPRING EXAM 2","","","",,1,1,,0,0,0,"","","","","",""
"fhs","mean corpuscular hemoglobin","phv00227030","pht004802","mean corpuscular hemoglobin (sample type: whole blood)","pg","MeasurementObservation","mch","pg/{cell}","phv00227023","FHS OFFSPRING EXAM 9, OMNI 1 EXAM 4","","","",,1,1,,0,0,0,"","","","","",""
"fhs","mean corpuscular hemoglobin concentration","phv00008114","pht000031","mchc (mean corpuscular hemoglobin concentration)","","MeasurementObservation","mchc","g/dL","phv00008379","FHS OFFSPRING EXAM 2","","","",,1,1,,0,0,0,"","","","","",""
"fhs","mean corpuscular volume","phv00008112","pht000031","mcv (mean corpuscular volume)","","MeasurementObservation","mcv","fL","phv00008379","FHS OFFSPRING EXAM 2","","","",,1,1,,0,0,0,"","","","","",""
"fhs","mmp9 in blood","phv00422412","pht006013","adam 9: disintegrin and metalloproteinase domain-containing protein 9 - 3795-6 (q13443) (sample type: citrated plasma)","","MeasurementObservation","mmp9","ng/mL","phv00275427","FHS OFFSPRING EXAM 5","","","",,1,1,,0,0,0,"","","","","",""
"fhs","mmp9 in blood","phv00462583","pht010727","mmp-9 - olink cardiovascular iii(v.6112) - p14780 - oid00568 (sample type: edta plasma)","","MeasurementObservation","mmp9","ng/mL","phv00462203","OFFSPRING EXAM 7","","","",,1,1,,0,0,0,"","","","","",""
"fhs","mmp9 in blood","phv00421857","pht006013","mmp-9: matrix metalloproteinase-9 - 2579-17 (p14780) (sample type: citrated plasma)","","MeasurementObservation","mmp9","ng/mL","phv00275427","FHS OFFSPRING EXAM 5","","","",,1,1,,0,0,0,"","","","","",""
"fhs","mmp9 in blood","phv00462584","pht010727","mmp_9 (pf) - olink cardiovascular iii(v.6112) - p14780 - oid00568","","MeasurementObservation","mmp9","ng/mL","phv00462203","OFFSPRING EXAM 7","","","",,1,1,,0,0,0,"","","","","",""
"fhs","monocytes count","phv00172190","pht002889","monocyte percent (sample type: whole blood)","%","MeasurementObservation","monocyte_ncnc_bld","10*3/uL","phv00172159","FHS GENERATION 3, NEW OFFSPRING SPOUSE, OMNI 2 EXAM 2","","","",,1,1,,0,0,0,"","","","","",""
"fhs","monocytes count","phv00227037","pht004802","monocyte percent (sample type: whole blood)","%","MeasurementObservation","monocyte_ncnc_bld","10*3/uL","phv00227023","FHS OFFSPRING EXAM 9, OMNI 1 EXAM 4","","","",,1,1,,0,0,0,"","","","","",""
"fhs","monocytes count","phv00008118","pht000031","monocytes","","MeasurementObservation","monocyte_ncnc_bld","10*3/uL","phv00008379","FHS OFFSPRING EXAM 2","","","",,1,1,,0,0,0,"","","","","",""
"fhs","myeloperoxidase in blood","phv00462648","pht010727","mpo (pf) - olink cardiovascular iii(v.6112) - p05164 - oid00600","","MeasurementObservation","mpo","ng/mL","phv00462203","OFFSPRING EXAM 7","","","",,1,1,,0,0,0,"","","","","",""
"fhs","myeloperoxidase in blood","phv00462647","pht010727","mpo - olink cardiovascular iii(v.6112) - p05164 - oid00600 (sample type: edta plasma)","","MeasurementObservation","mpo","ng/mL","phv00462203","OFFSPRING EXAM 7","","","",,1,1,,0,0,0,"","","","","",""
"fhs","myeloperoxidase in blood","phv00421858","pht006013","myeloperoxidase: myeloperoxidase - 2580-83 (p05164) (sample type: citrated plasma)","","MeasurementObservation","mpo","ng/mL","phv00275427","FHS OFFSPRING EXAM 5","","","",,1,1,,0,0,0,"","","","","",""
"fhs","myeloperoxidase in blood","phv00520390","pht012881","myeloperozidase (sample type: serum)","","MeasurementObservation","mpo","ng/mL","phv00520376","OFFSPRING EXAM 7 AND OMNI 1 EXAM 2","","","",,1,1,,0,0,0,"","","","","",""
"fhs","nt pro bnp","phv00423136","pht006013","n-terminal pro-bnp: n-terminal pro-bnp - 7655-11 (p16860) (sample type: citrated plasma)","","MeasurementObservation","nt_bnp","pg/mL","phv00275427","FHS OFFSPRING EXAM 5","","","",,1,1,,0,0,0,"","","","","",""
"fhs","nt pro bnp","phv00462607","pht010727","nt-probnp - olink cardiovascular iii(v.6112) - na - oid00131 (sample type: edta plasma)","","MeasurementObservation","nt_bnp","pg/mL","phv00462203","OFFSPRING EXAM 7","","","",,1,1,,0,0,0,"","","","","",""
"fhs","nt pro bnp","phv00462608","pht010727","nt_probnp (pf) - olink cardiovascular iii(v.6112) - na - oid00131","","MeasurementObservation","nt_bnp","pg/mL","phv00462203","OFFSPRING EXAM 7","","","",,1,1,,0,0,0,"","","","","",""
"fhs","osteoprotegerin in blood","phv00462589","pht010727","opg - olink cardiovascular iii(v.6112) - o00300 - oid00571 (sample type: edta plasma)","","MeasurementObservation","opg","ng/mL","phv00462203","OFFSPRING EXAM 7","","","",,1,1,,0,0,0,"","","","","",""
"fhs","osteoprotegerin in blood","phv00462773","pht010727","opg - olink inflammation(v.3012) - o00300 - oid00479 (sample type: edta plasma)","","MeasurementObservation","opg","ng/mL","phv00462203","OFFSPRING EXAM 7","","","",,1,1,,0,0,0,"","","","","",""
"fhs","osteoprotegerin in blood","phv00421850","pht006013","opg: tumor necrosis factor receptor superfamily member 11b - 2526-53 (o00300) (sample type: citrated plasma)","","MeasurementObservation","opg","ng/mL","phv00275427","FHS OFFSPRING EXAM 5","","","",,1,1,,0,0,0,"","","","","",""
"fhs","osteoprotegerin in blood","phv00462590","pht010727","opg_cv (pf) - olink cardiovascular iii(v.6112) - o00300 - oid00571","","MeasurementObservation","opg","ng/mL","phv00462203","OFFSPRING EXAM 7","","","",,1,1,,0,0,0,"","","","","",""
"fhs","osteoprotegerin in blood","phv00462774","pht010727","opg_inf (pf) - olink inflammation(v.3012) - o00300 - oid00479","","MeasurementObservation","opg","ng/mL","phv00462203","OFFSPRING EXAM 7","","","",,1,1,,0,0,0,"","","","","",""
"fhs","osteoprotegerin in blood","phv00520372","pht012880","osteoprotegerin (sample type: plasma)","","MeasurementObservation","opg","ng/mL","phv00520362","GENERATION 3 EXAM 1, NEW OFFSPRING SPOUSE EXAM 1, AND OMNI 2 EXAM 1","","","",,1,1,,0,0,0,"","","","","",""
"fhs","osteoprotegerin in blood","phv00520391","pht012881","osteoprotegerin (sample type: plasma)","","MeasurementObservation","opg","ng/mL","phv00520376","OFFSPRING EXAM 7 AND OMNI 1 EXAM 2","","","",,1,1,,0,0,0,"","","","","",""
"fhs","osteoprotegerin in blood","phv00520403","pht012882","osteoprotegerin (sample type: plasma)","","MeasurementObservation","opg","ng/mL","phv00520395","OFFSPRING EXAM 8 AND OMNI 1 EXAM 3","","","",,1,1,,0,0,0,"","","","","",""
"fhs","p-selectin in blood","phv00520374","pht012880","p-selectin (sample type: plasma)","","MeasurementObservation","pselectin","ng/mL","phv00520362","GENERATION 3 EXAM 1, NEW OFFSPRING SPOUSE EXAM 1, AND OMNI 2 EXAM 1","","","",,1,1,,0,0,0,"","","","","",""
"fhs","p-selectin in blood","phv00520392","pht012881","p-selectin (sample type: plasma)","","MeasurementObservation","pselectin","ng/mL","phv00520376","OFFSPRING EXAM 7 AND OMNI 1 EXAM 2","","","",,1,1,,0,0,0,"","","","","",""
"fhs","p-selectin in blood","phv00520405","pht012882","p-selectin (sample type: plasma)","","MeasurementObservation","pselectin","ng/mL","phv00520395","OFFSPRING EXAM 8 AND OMNI 1 EXAM 3","","","",,1,1,,0,0,0,"","","","","",""
"fhs","platelet count","phv00227102","pht004806","platelet count on platelet-rich plasma","{#}/mL","MeasurementObservation","platelet_ct","10*3/uL","phv00227087","FHS OMNI 1 EXAM 1","","","",,1,1,,0,0,0,"","","","","",""
"fhs","platelet count","phv00024567","pht000198","platelet count on platelet-rich plasma (not whole blood)","","MeasurementObservation","platelet_ct","10*3/uL","phv00024576","FHS OFFSPRING EXAM 5","","","",,1,1,,0,0,0,"","","","","",""
"fhs","platelet count","phv00462218","pht010727","pltp (pf) - olink cardiometabolic(v.3602) - p55058 - oid01275","","MeasurementObservation","platelet_ct","10*3/uL","phv00462203","OFFSPRING EXAM 7","","","",,1,1,,0,0,0,"","","","","",""
"fhs","platelet count","phv00462217","pht010727","pltp - olink cardiometabolic(v.3602) - p55058 - oid01275 (sample type: edta plasma)","","MeasurementObservation","platelet_ct","10*3/uL","phv00462203","OFFSPRING EXAM 7","","","",,1,1,,0,0,0,"","","","","",""
"fhs","potassium in blood","phv00002665","pht000017","blood analysis: serum potassium","","MeasurementObservation","potassium","mmol/L","phv00002668","FHS ORIGINAL EXAM 15","","","",,1,1,,0,0,0,"","","","","",""
"fhs","potassium in blood","phv00007955","pht000031","blood analysis: serum potassium","","MeasurementObservation","potassium","mmol/L","phv00008379","FHS OFFSPRING EXAM 2","","","",,1,1,,0,0,0,"","","","","",""
"fhs","pr interval","phv00000657","pht000009","ecg: pr interval less than 0.12 second, exam 3","","MeasurementObservation","pr_ekg","ms","phv00001036","FHS ORIGINAL EXAM 1-7","","","",,1,1,,0,0,0,"","","","","",""
"fhs","pr interval","phv00000741","pht000009","ecg: pr interval less than 0.12 second, exam 4","","MeasurementObservation","pr_ekg","ms","phv00001036","FHS ORIGINAL EXAM 1-7","","","",,1,1,,0,0,0,"","","","","",""
"fhs","pr interval","phv00000823","pht000009","ecg: pr interval less than 0.12 second, exam 5","","MeasurementObservation","pr_ekg","ms","phv00001036","FHS ORIGINAL EXAM 1-7","","","",,1,1,,0,0,0,"","","","","",""
"fhs","pr interval","phv00000889","pht000009","ecg: pr interval less than 0.12 second, exam 6","","MeasurementObservation","pr_ekg","ms","phv00001036","FHS ORIGINAL EXAM 1-7","","","",,1,1,,0,0,0,"","","","","",""
"fhs","pr interval","phv00001014","pht000009","ecg: pr interval less than 0.12 second, exam 7","","MeasurementObservation","pr_ekg","ms","phv00001036","FHS ORIGINAL EXAM 1-7","","","",,1,1,,0,0,0,"","","","","",""
"fhs","pr interval","phv00000573","pht000009","ecg: pr interval under 0.12 second, exam 2","","MeasurementObservation","pr_ekg","ms","phv00001036","FHS ORIGINAL EXAM 1-7","","","",,1,1,,0,0,0,"","","","","",""
"fhs","pr interval","phv00522747","pht012900","pr interval","","MeasurementObservation","pr_ekg","ms","","","","","",,,1,,0,0,0,"","","","","",""
"fhs","qrs interval","phv00006618","pht000027","ecg - ventricular conduction abnormalities iv block - complete (qrs interval = .12 seconds or greater)","","MeasurementObservation","qrs_ekg","ms","phv00006663","FHS ORIGINAL EXAM 25","","","",,1,1,,0,0,0,"","","","","",""
"fhs","qrs interval","phv00006619","pht000027","ecg - ventricular conduction abnormalities iv block- incomplete (qrs interval = .10 or .11 seconds)","","MeasurementObservation","qrs_ekg","ms","phv00006663","FHS ORIGINAL EXAM 25","","","",,1,1,,0,0,0,"","","","","",""
"fhs","qrs interval","phv00008659","pht000032","ecg: qrs duration between .09 and .11 seconds lvh criteria (.09 <= qrs dur <= .11)","","MeasurementObservation","qrs_ekg","ms","phv00008743","FHS OFFSPRING EXAM 3","","","",,1,1,,0,0,0,"","","","","",""
"fhs","qrs interval","phv00001174","pht000010","ecg: qrs interval","","MeasurementObservation","qrs_ekg","ms","phv00001187","FHS ORIGINAL EXAM 8","","","",,1,1,,0,0,0,"","","","","",""
"fhs","qrs interval","phv00008635","pht000032","ecg: qrs interval","","MeasurementObservation","qrs_ekg","ms","phv00008743","FHS OFFSPRING EXAM 3","","","",,1,1,,0,0,0,"","","","","",""
"fhs","qrs interval","phv00461066","pht004813","ecg: qrs interval","","MeasurementObservation","qrs_ekg","ms","","","","","",,,1,,0,0,0,"","","","","",""
"fhs","qrs interval","phv00461942","pht010724","ecg: rates and intervals: qrs interval","","MeasurementObservation","qrs_ekg","ms","","","","","",,,1,,0,0,0,"","","","","",""
"fhs","qrs interval","phv00007052","pht000028","ecg: ventricular conduction abnormalities: complete (qrs interval = 0.12 sec or greater)","","MeasurementObservation","qrs_ekg","ms","phv00007095","FHS ORIGINAL EXAM 26","","","",,1,1,,0,0,0,"","","","","",""
"fhs","qrs interval","phv00007487","pht000029","ecg: ventricular conduction abnormalities: complete (qrs interval = 0.12 sec or greater)","","MeasurementObservation","qrs_ekg","ms","phv00007534","FHS ORIGINAL EXAM 27","","","",,1,1,,0,0,0,"","","","","",""
"fhs","qrs interval","phv00007053","pht000028","ecg: ventricular conduction abnormalities: incomplete (qrs interval = 0.10 or 0.11 sec)","","MeasurementObservation","qrs_ekg","ms","phv00007095","FHS ORIGINAL EXAM 26","","","",,1,1,,0,0,0,"","","","","",""
"fhs","qrs interval","phv00007488","pht000029","ecg: ventricular conduction abnormalities: incomplete (qrs interval = 0.10 or 0.11 sec)","","MeasurementObservation","qrs_ekg","ms","phv00007534","FHS ORIGINAL EXAM 27","","","",,1,1,,0,0,0,"","","","","",""
"fhs","qrs interval","phv00461683","pht006006","electrocardiograph - part i: rates and intervals: qrs interval","","MeasurementObservation","qrs_ekg","ms","","","","","",,,1,,0,0,0,"","","","","",""
"fhs","qrs interval","phv00522748","pht012900","qrs duration","","MeasurementObservation","qrs_ekg","ms","","","","","",,,1,,0,0,0,"","","","","",""
"fhs","qrs interval","phv00023257","pht000149","qrs interval","","MeasurementObservation","qrs_ekg","ms","phv00023494","FHS ORIGINAL EXAM 16-18, OFFSPRING EXAM 2","","","",,1,1,,0,0,0,"","","","","",""
"fhs","qt interval","phv00003181","pht000019","ecg: qt interval","","MeasurementObservation","qt_ekg","ms","phv00003261","FHS ORIGINAL EXAM 17","","","",,1,1,,0,0,0,"","","","","",""
"fhs","qt interval","phv00008636","pht000032","ecg: qt interval","","MeasurementObservation","qt_ekg","ms","phv00008743","FHS OFFSPRING EXAM 3","","","",,1,1,,0,0,0,"","","","","",""
"fhs","qt interval","phv00023258","pht000149","qt interval","","MeasurementObservation","qt_ekg","ms","phv00023494","FHS ORIGINAL EXAM 16-18, OFFSPRING EXAM 2","","","",,1,1,,0,0,0,"","","","","",""
"fhs","qt interval","phv00522749","pht012900","qt interval","","MeasurementObservation","qt_ekg","ms","","","","","",,,1,,0,0,0,"","","","","",""
"fhs","red blood cell count","phv00008109","pht000031","rbc","","MeasurementObservation","rdbld_ct","10*6/uL","phv00008379","FHS OFFSPRING EXAM 2","","","",,1,1,,0,0,0,"","","","","",""
"fhs","red blood cell count","phv00081029","pht001045","red blood cell count","mm3(10*3/uL)","MeasurementObservation","rdbld_ct","10*6/uL","phv00081012","FHS ORIGINAL EXAM 20 AND EXAM 21","","","",,1,1,,0,0,0,"","","","","",""
"fhs","sleep hours","phv00462040","pht010724","physical activity index (pai): sleep: number of hours that you typically sleep?","h","MeasurementObservation","sleep_duration_daily","h","","","","","",,,1,1,0,0,0,"","","","","",""
"fhs","sleep hours","phv00056812","pht000397","reported elapsed time between sleep and wakening","","MeasurementObservation","sleep_duration_daily","h","phv00057982","FHS OFFSPRING AND OMNI 1 SHHS 2","","","",,1,1,,0,0,0,"","","","","",""
"fhs","sleep hours","phv00055514","pht000395","sleep time in minutes used for calculating rdi only and arousal index","","MeasurementObservation","sleep_duration_daily","h","phv00056635","FHS OFFSPRING OR OMNI 1 SHHS EXAM 1","","","",,1,1,,0,0,0,"","","","","",""
"fhs","sleep hours","phv00057903","pht000397","sleep time in minutes used for calculating rdi only and arousal index","","MeasurementObservation","sleep_duration_daily","h","phv00057982","FHS OFFSPRING AND OMNI 1 SHHS 2","","","",,1,1,,0,0,0,"","","","","",""
"fhs","sleep hours","phv00055515","pht000395","sleep time in minutes when entire sleep was captured","","MeasurementObservation","sleep_duration_daily","h","phv00056635","FHS OFFSPRING OR OMNI 1 SHHS EXAM 1","","","",,1,1,,0,0,0,"","","","","",""
"fhs","sleep hours","phv00057904","pht000397","sleep time in minutes when entire sleep was captured","","MeasurementObservation","sleep_duration_daily","h","phv00057982","FHS OFFSPRING AND OMNI 1 SHHS 2","","","",,1,1,,0,0,0,"","","","","",""
"fhs","sleep hours","phv00461263","pht004813","sleep: number of hours that you typically sleep?","h","MeasurementObservation","sleep_duration_daily","h","","","","","",,,1,1,0,0,0,"","","","","",""
"fhs","sleep hours","phv00056473","pht000395","total sleep time","","MeasurementObservation","sleep_duration_daily","h","phv00056635","FHS OFFSPRING OR OMNI 1 SHHS EXAM 1","","","",,1,1,,0,0,0,"","","","","",""
"fhs","sleep hours","phv00523317","pht012902","total sleep time (min)","","MeasurementObservation","sleep_duration_daily","h","","","","","",,,1,,0,0,0,"","","","","",""
"fhs","sodium in blood","phv00002666","pht000017","blood analysis: red cell sodium","","MeasurementObservation","sodium_blood","mmol/L","phv00002668","FHS ORIGINAL EXAM 15","","","",,1,1,,0,0,0,"","","","","",""
"fhs","sodium in blood","phv00002664","pht000017","blood analysis: serum sodium","","MeasurementObservation","sodium_blood","mmol/L","phv00002668","FHS ORIGINAL EXAM 15","","","",,1,1,,0,0,0,"","","","","",""
"fhs","sodium in blood","phv00007954","pht000031","blood analysis: serum sodium","","MeasurementObservation","sodium_blood","mmol/L","phv00008379","FHS OFFSPRING EXAM 2","","","",,1,1,,0,0,0,"","","","","",""
"fhs","sodium in blood","phv00008101","pht000031","sodium","","MeasurementObservation","sodium_blood","mmol/L","phv00008379","FHS OFFSPRING EXAM 2","","","",,1,1,,0,0,0,"","","","","",""
"fhs","sodium intake","phv00157001","pht002150","derived field: nutrient value - sodium","mg","MeasurementObservation","sodium_intak","mg/d","phv00157296","FHS GENERATION 3 EXAM 1","","","",,1,1,,0,0,0,"","","","","",""
"fhs","sodium intake","phv00162361","pht002350","derived field: nutrient value - sodium","mg","MeasurementObservation","sodium_intak","mg/d","phv00162112","FHS OFFSPRING EXAM 8","","","",,1,1,,0,0,0,"","","","","",""
"fhs","sodium intake","phv00172710","pht002900","derived field: nutrient value - sodium","mg","MeasurementObservation","sodium_intak","mg/d","phv00172393","FHS GENERATION 3, NEW OFFSPRING SPOUSE, OMNI 2 EXAM 2","","","",,1,1,,0,0,0,"","","","","",""
"fhs","sodium intake","phv00477169","pht010751","derived field: nutrient value - sodium","","MeasurementObservation","sodium_intak","mg/d","","","","","",,,1,,0,0,0,"","","","","",""
"fhs","sodium intake","phv00477732","pht010752","derived field: nutrient value - sodium","","MeasurementObservation","sodium_intak","mg/d","","","","","",,,1,,0,0,0,"","","","","",""
"fhs","sodium intake","phv00478295","pht010753","derived field: nutrient value - sodium","","MeasurementObservation","sodium_intak","mg/d","","","","","",,,1,,0,0,0,"","","","","",""
"fhs","sodium intake","phv00068636","pht000681","derived field: nutrient value - sodium, (mg)","mg","MeasurementObservation","sodium_intak","mg/d","phv00068713","FHS OFFSPRING EXAM 6","","","",,1,1,,0,0,0,"","","","","",""
"fhs","sodium intake","phv00068753","pht000682","derived field: nutrient value - sodium, (mg)","mg","MeasurementObservation","sodium_intak","mg/d","phv00069162","FHS OFFSPRING EXAM 7","","","",,1,1,,0,0,0,"","","","","",""
"fhs","sodium intake","phv00070229","pht000680","derived field: nutrient value - sodium, (mg)","mg","MeasurementObservation","sodium_intak","mg/d","phv00068241","FHS OFFSPRING EXAM 5","","","",,1,1,,0,0,0,"","","","","",""
"fhs","sodium intake","phv00157335","pht002151","derived field: nutrient value - sodium, (mg)","mg","MeasurementObservation","sodium_intak","mg/d","phv00157771","FHS ORIGINAL EXAM 20","","","",,1,1,,0,0,0,"","","","","",""
"fhs","sodium intake","phv00157809","pht002152","derived field: nutrient value - sodium, (mg)","mg","MeasurementObservation","sodium_intak","mg/d","phv00158091","FHS ORIGINAL EXAM 21","","","",,1,1,,0,0,0,"","","","","",""
"fhs","sodium intake","phv00158129","pht002153","derived field: nutrient value - sodium, (mg)","mg","MeasurementObservation","sodium_intak","mg/d","phv00158540","FHS ORIGINAL EXAM 22","","","",,1,1,,0,0,0,"","","","","",""
"fhs","sodium intake","phv00523566","pht012909","sodium (mg)","","MeasurementObservation","sodium_intak","mg/d","","","","","",,,1,,0,0,0,"","","","","",""
"fhs","sodium intake","phv00478925","pht010754","sodium mg","","MeasurementObservation","sodium_intak","mg/d","","","","","",,,1,,0,0,0,"","","","","",""
"fhs","sodium intake","phv00524306","pht012910","sodium mg","","MeasurementObservation","sodium_intak","mg/d","","","","","",,,1,,0,0,0,"","","","","",""
"fhs","spo2","phv00523416","pht012903","% events at spo2 level 34-30","","MeasurementObservation","spo2","%","","","","","",,,1,,0,0,0,"","","","","",""
"fhs","spo2","phv00523418","pht012903","% events at spo2 level 39-35","","MeasurementObservation","spo2","%","","","","","",,,1,,0,0,0,"","","","","",""
"fhs","spo2","phv00523413","pht012903","% events at spo2 level 44-40","","MeasurementObservation","spo2","%","","","","","",,,1,,0,0,0,"","","","","",""
"fhs","spo2","phv00523410","pht012903","% events at spo2 level 49-45","","MeasurementObservation","spo2","%","","","","","",,,1,,0,0,0,"","","","","",""
"fhs","spo2","phv00523411","pht012903","% events at spo2 level 54-50","","MeasurementObservation","spo2","%","","","","","",,,1,,0,0,0,"","","","","",""
"fhs","spo2","phv00523408","pht012903","% events at spo2 level 59-55","","MeasurementObservation","spo2","%","","","","","",,,1,,0,0,0,"","","","","",""
"fhs","spo2","phv00523405","pht012903","% events at spo2 level 64-60","","MeasurementObservation","spo2","%","","","","","",,,1,,0,0,0,"","","","","",""
"fhs","spo2","phv00523404","pht012903","% events at spo2 level 69-65","","MeasurementObservation","spo2","%","","","","","",,,1,,0,0,0,"","","","","",""
"fhs","spo2","phv00523401","pht012903","% events at spo2 level 74-70","","MeasurementObservation","spo2","%","","","","","",,,1,,0,0,0,"","","","","",""
"fhs","spo2","phv00523380","pht012903","% events at spo2 level 79-75","","MeasurementObservation","spo2","%","","","","","",,,1,,0,0,0,"","","","","",""
"fhs","spo2","phv00523379","pht012903","% events at spo2 level 84-80","","MeasurementObservation","spo2","%","","","","","",,,1,,0,0,0,"","","","","",""
"fhs","spo2","phv00523378","pht012903","% events at spo2 level 89-85","","MeasurementObservation","spo2","%","","","","","",,,1,,0,0,0,"","","","","",""
"fhs","spo2","phv00523422","pht012903","% events at spo2 level 94-90","","MeasurementObservation","spo2","%","","","","","",,,1,,0,0,0,"","","","","",""
"fhs","spo2","phv00523420","pht012903","% events at spo2 level 99-95","","MeasurementObservation","spo2","%","","","","","",,,1,,0,0,0,"","","","","",""
"fhs","spo2","phv00523424","pht012903","% time below spo2 level 100","","MeasurementObservation","spo2","%","","","","","",,,1,,0,0,0,"","","","","",""
"fhs","spo2","phv00523474","pht012903","% time below spo2 level 35","","MeasurementObservation","spo2","%","","","","","",,,1,,0,0,0,"","","","","",""
"fhs","spo2","phv00523473","pht012903","% time below spo2 level 40","","MeasurementObservation","spo2","%","","","","","",,,1,,0,0,0,"","","","","",""
"fhs","spo2","phv00523472","pht012903","% time below spo2 level 45","","MeasurementObservation","spo2","%","","","","","",,,1,,0,0,0,"","","","","",""
"fhs","spo2","phv00523438","pht012903","% time below spo2 level 50","","MeasurementObservation","spo2","%","","","","","",,,1,,0,0,0,"","","","","",""
"fhs","spo2","phv00523436","pht012903","% time below spo2 level 55","","MeasurementObservation","spo2","%","","","","","",,,1,,0,0,0,"","","","","",""
"fhs","spo2","phv00523431","pht012903","% time below spo2 level 60","","MeasurementObservation","spo2","%","","","","","",,,1,,0,0,0,"","","","","",""
"fhs","spo2","phv00523434","pht012903","% time below spo2 level 65","","MeasurementObservation","spo2","%","","","","","",,,1,,0,0,0,"","","","","",""
"fhs","spo2","phv00523430","pht012903","% time below spo2 level 70","","MeasurementObservation","spo2","%","","","","","",,,1,,0,0,0,"","","","","",""
"fhs","spo2","phv00523428","pht012903","% time below spo2 level 75","","MeasurementObservation","spo2","%","","","","","",,,1,,0,0,0,"","","","","",""
"fhs","spo2","phv00523383","pht012903","% time below spo2 level 80","","MeasurementObservation","spo2","%","","","","","",,,1,,0,0,0,"","","","","",""
"fhs","spo2","phv00523382","pht012903","% time below spo2 level 85","","MeasurementObservation","spo2","%","","","","","",,,1,,0,0,0,"","","","","",""
"fhs","spo2","phv00523381","pht012903","% time below spo2 level 90","","MeasurementObservation","spo2","%","","","","","",,,1,,0,0,0,"","","","","",""
"fhs","spo2","phv00523426","pht012903","% time below spo2 level 95","","MeasurementObservation","spo2","%","","","","","",,,1,,0,0,0,"","","","","",""
"fhs","spo2","phv00523461","pht012903","average low % spo2","","MeasurementObservation","spo2","%","","","","","",,,1,,0,0,0,"","","","","",""
"fhs","spo2","phv00523462","pht012903","average low % spo2 < 88%","","MeasurementObservation","spo2","%","","","","","",,,1,,0,0,0,"","","","","",""
"fhs","spo2","phv00523452","pht012903","average spo2 event duration (sec)","","MeasurementObservation","spo2","%","","","","","",,,1,,0,0,0,"","","","","",""
"fhs","spo2","phv00523440","pht012903","basal % spo2","","MeasurementObservation","spo2","%","","","","","",,,1,,0,0,0,"","","","","",""
"fhs","spo2","phv00523377","pht012903","minimum spo2 (%)","","MeasurementObservation","spo2","%","","","","","",,,1,,0,0,0,"","","","","",""
"fhs","spo2","phv00056500","pht000395","oxygen saturation < 70% for > 10% tst","","MeasurementObservation","spo2","%","phv00056635","FHS OFFSPRING OR OMNI 1 SHHS EXAM 1","","","",,1,1,,0,0,0,"","","","","",""
"fhs","spo2","phv00057872","pht000397","oxygen saturation < 70% for > 10% tst","","MeasurementObservation","spo2","%","phv00057982","FHS OFFSPRING AND OMNI 1 SHHS 2","","","",,1,1,,0,0,0,"","","","","",""
"fhs","spo2","phv00523415","pht012903","second % events at spo2 level 34-30","","MeasurementObservation","spo2","%","","","","","",,,1,,0,0,0,"","","","","",""
"fhs","spo2","phv00523417","pht012903","second % events at spo2 level 39-35","","MeasurementObservation","spo2","%","","","","","",,,1,,0,0,0,"","","","","",""
"fhs","spo2","phv00523414","pht012903","second % events at spo2 level 44-40","","MeasurementObservation","spo2","%","","","","","",,,1,,0,0,0,"","","","","",""
"fhs","spo2","phv00523409","pht012903","second % events at spo2 level 49-45","","MeasurementObservation","spo2","%","","","","","",,,1,,0,0,0,"","","","","",""
"fhs","spo2","phv00523412","pht012903","second % events at spo2 level 54-50","","MeasurementObservation","spo2","%","","","","","",,,1,,0,0,0,"","","","","",""
"fhs","spo2","phv00523407","pht012903","second % events at spo2 level 59-55","","MeasurementObservation","spo2","%","","","","","",,,1,,0,0,0,"","","","","",""
"fhs","spo2","phv00523406","pht012903","second % events at spo2 level 64-60","","MeasurementObservation","spo2","%","","","","","",,,1,,0,0,0,"","","","","",""
"fhs","spo2","phv00523403","pht012903","second % events at spo2 level 69-65","","MeasurementObservation","spo2","%","","","","","",,,1,,0,0,0,"","","","","",""
"fhs","spo2","phv00523402","pht012903","second % events at spo2 level 74-70","","MeasurementObservation","spo2","%","","","","","",,,1,,0,0,0,"","","","","",""
"fhs","spo2","phv00523386","pht012903","second % events at spo2 level 79-75","","MeasurementObservation","spo2","%","","","","","",,,1,,0,0,0,"","","","","",""
"fhs","spo2","phv00523387","pht012903","second % events at spo2 level 84-80","","MeasurementObservation","spo2","%","","","","","",,,1,,0,0,0,"","","","","",""
"fhs","spo2","phv00523388","pht012903","second % events at spo2 level 89-85","","MeasurementObservation","spo2","%","","","","","",,,1,,0,0,0,"","","","","",""
"fhs","spo2","phv00523421","pht012903","second % events at spo2 level 94-90","","MeasurementObservation","spo2","%","","","","","",,,1,,0,0,0,"","","","","",""
"fhs","spo2","phv00523419","pht012903","second % events at spo2 level 99-95","","MeasurementObservation","spo2","%","","","","","",,,1,,0,0,0,"","","","","",""
"fhs","spo2","phv00523423","pht012903","second % time below spo2 level 100","","MeasurementObservation","spo2","%","","","","","",,,1,,0,0,0,"","","","","",""
"fhs","spo2","phv00523471","pht012903","second % time below spo2 level 35","","MeasurementObservation","spo2","%","","","","","",,,1,,0,0,0,"","","","","",""
"fhs","spo2","phv00523470","pht012903","second % time below spo2 level 40","","MeasurementObservation","spo2","%","","","","","",,,1,,0,0,0,"","","","","",""
"fhs","spo2","phv00523469","pht012903","second % time below spo2 level 45","","MeasurementObservation","spo2","%","","","","","",,,1,,0,0,0,"","","","","",""
"fhs","spo2","phv00523437","pht012903","second % time below spo2 level 50","","MeasurementObservation","spo2","%","","","","","",,,1,,0,0,0,"","","","","",""
"fhs","spo2","phv00523435","pht012903","second % time below spo2 level 55","","MeasurementObservation","spo2","%","","","","","",,,1,,0,0,0,"","","","","",""
"fhs","spo2","phv00523432","pht012903","second % time below spo2 level 60","","MeasurementObservation","spo2","%","","","","","",,,1,,0,0,0,"","","","","",""
"fhs","spo2","phv00523433","pht012903","second % time below spo2 level 65","","MeasurementObservation","spo2","%","","","","","",,,1,,0,0,0,"","","","","",""
"fhs","spo2","phv00523429","pht012903","second % time below spo2 level 70","","MeasurementObservation","spo2","%","","","","","",,,1,,0,0,0,"","","","","",""
"fhs","spo2","phv00523427","pht012903","second % time below spo2 level 75","","MeasurementObservation","spo2","%","","","","","",,,1,,0,0,0,"","","","","",""
"fhs","spo2","phv00523398","pht012903","second % time below spo2 level 80","","MeasurementObservation","spo2","%","","","","","",,,1,,0,0,0,"","","","","",""
"fhs","spo2","phv00523399","pht012903","second % time below spo2 level 85","","MeasurementObservation","spo2","%","","","","","",,,1,,0,0,0,"","","","","",""
"fhs","spo2","phv00523400","pht012903","second % time below spo2 level 90","","MeasurementObservation","spo2","%","","","","","",,,1,,0,0,0,"","","","","",""
"fhs","spo2","phv00523425","pht012903","second % time below spo2 level 95","","MeasurementObservation","spo2","%","","","","","",,,1,,0,0,0,"","","","","",""
"fhs","spo2","phv00523468","pht012903","second average low % spo2","","MeasurementObservation","spo2","%","","","","","",,,1,,0,0,0,"","","","","",""
"fhs","spo2","phv00523463","pht012903","second average low % spo2 < 88%","","MeasurementObservation","spo2","%","","","","","",,,1,,0,0,0,"","","","","",""
"fhs","spo2","phv00523451","pht012903","second average spo2 event duration (sec)","","MeasurementObservation","spo2","%","","","","","",,,1,,0,0,0,"","","","","",""
"fhs","spo2","phv00523439","pht012903","second basal % spo2","","MeasurementObservation","spo2","%","","","","","",,,1,,0,0,0,"","","","","",""
"fhs","spo2","phv00523391","pht012903","second minimum spo2 (%)","","MeasurementObservation","spo2","%","","","","","",,,1,,0,0,0,"","","","","",""
"fhs","spo2","phv00523392","pht012903","second spo2 % artifact","","MeasurementObservation","spo2","%","","","","","",,,1,,0,0,0,"","","","","",""
"fhs","spo2","phv00523455","pht012903","second spo2 adjusted index (1/hr)","","MeasurementObservation","spo2","%","","","","","",,,1,,0,0,0,"","","","","",""
"fhs","spo2","phv00523441","pht012903","second spo2 event < 88%","","MeasurementObservation","spo2","%","","","","","",,,1,,0,0,0,"","","","","",""
"fhs","spo2","phv00523393","pht012903","second spo2 index 1/hr","","MeasurementObservation","spo2","%","","","","","",,,1,,0,0,0,"","","","","",""
"fhs","spo2","phv00523390","pht012903","second spo2 time (min) < 88%","","MeasurementObservation","spo2","%","","","","","",,,1,,0,0,0,"","","","","",""
"fhs","spo2","phv00523447","pht012903","second time in spo2 events (min)","","MeasurementObservation","spo2","%","","","","","",,,1,,0,0,0,"","","","","",""
"fhs","spo2","phv00523394","pht012903","second total spo2 events","","MeasurementObservation","spo2","%","","","","","",,,1,,0,0,0,"","","","","",""
"fhs","spo2","phv00523374","pht012903","spo2 % artifact","","MeasurementObservation","spo2","%","","","","","",,,1,,0,0,0,"","","","","",""
"fhs","spo2","phv00523456","pht012903","spo2 adjusted index (1/hr)","","MeasurementObservation","spo2","%","","","","","",,,1,,0,0,0,"","","","","",""
"fhs","spo2","phv00523442","pht012903","spo2 event < 88%","","MeasurementObservation","spo2","%","","","","","",,,1,,0,0,0,"","","","","",""
"fhs","spo2","phv00523372","pht012903","spo2 index 1/hr","","MeasurementObservation","spo2","%","","","","","",,,1,,0,0,0,"","","","","",""
"fhs","spo2","phv00523376","pht012903","spo2 time (min) < 88%","","MeasurementObservation","spo2","%","","","","","",,,1,,0,0,0,"","","","","",""
"fhs","spo2","phv00523448","pht012903","time in spo2 events (min)","","MeasurementObservation","spo2","%","","","","","",,,1,,0,0,0,"","","","","",""
"fhs","spo2","phv00523370","pht012903","total spo2 events","","MeasurementObservation","spo2","%","","","","","",,,1,,0,0,0,"","","","","",""
"fhs","systolic blood pressure","phv00520257","pht000396","average systolic blood pressure","","MeasurementObservation","bp_systolic","mm[Hg]","phv00056722","FHS SHHS OFFSPRING AND OMNI 1 EXAM 2","","","",,1,1,,0,0,0,"","","","","",""
"fhs","systolic blood pressure","phv00520305","pht006026","average systolic blood pressure (mmhg), exam 3","","MeasurementObservation","bp_systolic","mm[Hg]","phv00277015","FHS GENERATION 3, NEW OFFSPRING SPOUSE, OMNI 2 EXAM 1-3","","","",,1,1,,0,0,0,"","","","","",""
"fhs","systolic blood pressure","phv00461938","pht010724","blood pressure: 2nd reading: systolic","","MeasurementObservation","bp_systolic","mm[Hg]","","","","","",,,1,,0,0,0,"","","","","",""
"fhs","systolic blood pressure","phv00461869","pht010724","blood pressure: first reading - systolic","","MeasurementObservation","bp_systolic","mm[Hg]","","","","","",,,1,,0,0,0,"","","","","",""
"fhs","systolic blood pressure","phv00021578","pht000076","if dorsalis pedis used: systolic blood pressure by doppler in left ankle","","MeasurementObservation","bp_systolic","mm[Hg]","phv00021587","FHS OFFSPRING COHORT EXAM 7","","","",,1,1,,0,0,0,"","","","","",""
"fhs","systolic blood pressure","phv00021597","pht000077","if dorsalis pedis used: systolic blood pressure by doppler in left ankle","","MeasurementObservation","bp_systolic","mm[Hg]","phv00021606","FHS OFFSPRING EXAM 6","","","",,1,1,,0,0,0,"","","","","",""
"fhs","systolic blood pressure","phv00023137","pht000138","if dorsalis pedis used: systolic blood pressure by doppler in left arm","","MeasurementObservation","bp_systolic","mm[Hg]","phv00023146","FHS ORIGINAL EXAM 23","","","",,1,1,,0,0,0,"","","","","",""
"fhs","systolic blood pressure","phv00021577","pht000076","if dorsalis pedis used: systolic blood pressure by doppler in right ankle","","MeasurementObservation","bp_systolic","mm[Hg]","phv00021587","FHS OFFSPRING COHORT EXAM 7","","","",,1,1,,0,0,0,"","","","","",""
"fhs","systolic blood pressure","phv00021596","pht000077","if dorsalis pedis used: systolic blood pressure by doppler in right ankle","","MeasurementObservation","bp_systolic","mm[Hg]","phv00021606","FHS OFFSPRING EXAM 6","","","",,1,1,,0,0,0,"","","","","",""
"fhs","systolic blood pressure","phv00023136","pht000138","if dorsalis pedis used: systolic blood pressure by doppler in right arm","","MeasurementObservation","bp_systolic","mm[Hg]","phv00023146","FHS ORIGINAL EXAM 23","","","",,1,1,,0,0,0,"","","","","",""
"fhs","systolic blood pressure","phv00461319","pht006006","numerical data - part i: nurse's blood pressure - systolic (nearest 2mm hg)","","MeasurementObservation","bp_systolic","mm[Hg]","","","","","",,,1,,0,0,0,"","","","","",""
"fhs","systolic blood pressure","phv00274822","pht006007","physical exam - physician blood pressure 2nd reading - systolic (nearest 2mm hg)","","MeasurementObservation","bp_systolic","mm[Hg]","phv00274708","FHS ORIGINAL EXAM 31","","","",,1,1,,0,0,0,"","","","","",""
"fhs","systolic blood pressure","phv00275179","pht006008","physical exam - physician blood pressure 2nd reading - systolic (nearest 2mm hg)","","MeasurementObservation","bp_systolic","mm[Hg]","phv00275063","FHS ORIGINAL EXAM 32","","","",,1,1,,0,0,0,"","","","","",""
"fhs","systolic blood pressure","phv00461587","pht006006","physical exam - physician blood pressure first reading - systolic (nearest 2mm hg)","","MeasurementObservation","bp_systolic","mm[Hg]","","","","","",,,1,,0,0,0,"","","","","",""
"fhs","systolic blood pressure","phv00461678","pht006006","physical exam - physician blood pressure second reading - systolic (nearest 2mm hg)","","MeasurementObservation","bp_systolic","mm[Hg]","","","","","",,,1,,0,0,0,"","","","","",""
"fhs","systolic blood pressure","phv00021579","pht000076","repeat systolic blood pressure measurement by doppler in left ankle","","MeasurementObservation","bp_systolic","mm[Hg]","phv00021587","FHS OFFSPRING COHORT EXAM 7","","","",,1,1,,0,0,0,"","","","","",""
"fhs","systolic blood pressure","phv00023138","pht000138","repeat systolic blood pressure measurement by doppler in left ankle","","MeasurementObservation","bp_systolic","mm[Hg]","phv00023146","FHS ORIGINAL EXAM 23","","","",,1,1,,0,0,0,"","","","","",""
"fhs","systolic blood pressure","phv00021581","pht000076","repeat systolic blood pressure measurement by doppler in left arm","","MeasurementObservation","bp_systolic","mm[Hg]","phv00021587","FHS OFFSPRING COHORT EXAM 7","","","",,1,1,,0,0,0,"","","","","",""
"fhs","systolic blood pressure","phv00023140","pht000138","repeat systolic blood pressure measurement by doppler in left arm","","MeasurementObservation","bp_systolic","mm[Hg]","phv00023146","FHS ORIGINAL EXAM 23","","","",,1,1,,0,0,0,"","","","","",""
"fhs","systolic blood pressure","phv00021580","pht000076","repeat systolic blood pressure measurement by doppler in right ankle","","MeasurementObservation","bp_systolic","mm[Hg]","phv00021587","FHS OFFSPRING COHORT EXAM 7","","","",,1,1,,0,0,0,"","","","","",""
"fhs","systolic blood pressure","phv00023139","pht000138","repeat systolic blood pressure measurement by doppler in right ankle","","MeasurementObservation","bp_systolic","mm[Hg]","phv00023146","FHS ORIGINAL EXAM 23","","","",,1,1,,0,0,0,"","","","","",""
"fhs","systolic blood pressure","phv00522548","pht012897","resting systolic blood pressure","","MeasurementObservation","bp_systolic","mm[Hg]","","","","","",,,1,,0,0,0,"","","","","",""
"fhs","systolic blood pressure","phv00055256","pht000395","seated systolic blood pressure","","MeasurementObservation","bp_systolic","mm[Hg]","phv00056635","FHS OFFSPRING OR OMNI 1 SHHS EXAM 1","","","",,1,1,,0,0,0,"","","","","",""
"fhs","systolic blood pressure","phv00522553","pht012897","systolic blood pressure at 75 watts","","MeasurementObservation","bp_systolic","mm[Hg]","","","","","",,,1,,0,0,0,"","","","","",""
"fhs","systolic blood pressure","phv00522567","pht012897","systolic blood pressure at peak exercise","","MeasurementObservation","bp_systolic","mm[Hg]","","","","","",,,1,,0,0,0,"","","","","",""
"fhs","systolic blood pressure","phv00021576","pht000076","systolic blood pressure by doppler in left ankle","","MeasurementObservation","bp_systolic","mm[Hg]","phv00021587","FHS OFFSPRING COHORT EXAM 7","","","",,1,1,,0,0,0,"","","","","",""
"fhs","systolic blood pressure","phv00021595","pht000077","systolic blood pressure by doppler in left ankle","","MeasurementObservation","bp_systolic","mm[Hg]","phv00021606","FHS OFFSPRING EXAM 6","","","",,1,1,,0,0,0,"","","","","",""
"fhs","systolic blood pressure","phv00023135","pht000138","systolic blood pressure by doppler in left ankle","","MeasurementObservation","bp_systolic","mm[Hg]","phv00023146","FHS ORIGINAL EXAM 23","","","",,1,1,,0,0,0,"","","","","",""
"fhs","systolic blood pressure","phv00021573","pht000076","systolic blood pressure by doppler in left arm","","MeasurementObservation","bp_systolic","mm[Hg]","phv00021587","FHS OFFSPRING COHORT EXAM 7","","","",,1,1,,0,0,0,"","","","","",""
"fhs","systolic blood pressure","phv00021592","pht000077","systolic blood pressure by doppler in left arm","","MeasurementObservation","bp_systolic","mm[Hg]","phv00021606","FHS OFFSPRING EXAM 6","","","",,1,1,,0,0,0,"","","","","",""
"fhs","systolic blood pressure","phv00023132","pht000138","systolic blood pressure by doppler in left arm","","MeasurementObservation","bp_systolic","mm[Hg]","phv00023146","FHS ORIGINAL EXAM 23","","","",,1,1,,0,0,0,"","","","","",""
"fhs","systolic blood pressure","phv00021575","pht000076","systolic blood pressure by doppler in right ankle","","MeasurementObservation","bp_systolic","mm[Hg]","phv00021587","FHS OFFSPRING COHORT EXAM 7","","","",,1,1,,0,0,0,"","","","","",""
"fhs","systolic blood pressure","phv00021594","pht000077","systolic blood pressure by doppler in right ankle","","MeasurementObservation","bp_systolic","mm[Hg]","phv00021606","FHS OFFSPRING EXAM 6","","","",,1,1,,0,0,0,"","","","","",""
"fhs","systolic blood pressure","phv00023134","pht000138","systolic blood pressure by doppler in right ankle","","MeasurementObservation","bp_systolic","mm[Hg]","phv00023146","FHS ORIGINAL EXAM 23","","","",,1,1,,0,0,0,"","","","","",""
"fhs","systolic blood pressure","phv00021572","pht000076","systolic blood pressure by doppler in right arm","","MeasurementObservation","bp_systolic","mm[Hg]","phv00021587","FHS OFFSPRING COHORT EXAM 7","","","",,1,1,,0,0,0,"","","","","",""
"fhs","systolic blood pressure","phv00021591","pht000077","systolic blood pressure by doppler in right arm","","MeasurementObservation","bp_systolic","mm[Hg]","phv00021606","FHS OFFSPRING EXAM 6","","","",,1,1,,0,0,0,"","","","","",""
"fhs","systolic blood pressure","phv00023131","pht000138","systolic blood pressure by doppler in right arm","","MeasurementObservation","bp_systolic","mm[Hg]","phv00023146","FHS ORIGINAL EXAM 23","","","",,1,1,,0,0,0,"","","","","",""
"fhs","systolic blood pressure","phv00520251","pht000396","systolic blood pressure: first reading","","MeasurementObservation","bp_systolic","mm[Hg]","phv00056722","FHS SHHS OFFSPRING AND OMNI 1 EXAM 2","","","",,1,1,,0,0,0,"","","","","",""
"fhs","systolic blood pressure","phv00461004","pht004813","systolic blood pressure: physician's first reading","","MeasurementObservation","bp_systolic","mm[Hg]","","","","","",,,1,,0,0,0,"","","","","",""
"fhs","systolic blood pressure","phv00021092","pht000074","systolic blood pressure: physician's first reading (to nearest 2mm hg)","","MeasurementObservation","bp_systolic","mm[Hg]","phv00021427","FHS GENERATION 3 EXAM 1","","","",,1,1,,0,0,0,"","","","","",""
"fhs","systolic blood pressure","phv00461059","pht004813","systolic blood pressure: physician's second reading","","MeasurementObservation","bp_systolic","mm[Hg]","","","","","",,,1,,0,0,0,"","","","","",""
"fhs","systolic blood pressure","phv00021147","pht000074","systolic blood pressure: physician's second reading (to nearest 2mm hg)","","MeasurementObservation","bp_systolic","mm[Hg]","phv00021427","FHS GENERATION 3 EXAM 1","","","",,1,1,,0,0,0,"","","","","",""
"fhs","systolic blood pressure","phv00520253","pht000396","systolic blood pressure: second reading","","MeasurementObservation","bp_systolic","mm[Hg]","phv00056722","FHS SHHS OFFSPRING AND OMNI 1 EXAM 2","","","",,1,1,,0,0,0,"","","","","",""
"fhs","systolic blood pressure","phv00461149","pht004813","systolic blood pressure: technician's reading","","MeasurementObservation","bp_systolic","mm[Hg]","","","","","",,,1,,0,0,0,"","","","","",""
"fhs","systolic blood pressure","phv00520255","pht000396","systolic blood pressure: third reading","","MeasurementObservation","bp_systolic","mm[Hg]","phv00056722","FHS SHHS OFFSPRING AND OMNI 1 EXAM 2","","","",,1,1,,0,0,0,"","","","","",""
"fhs","tnfa in blood","phv00462168","pht010725","high sensitivity tnf-alpha","","MeasurementObservation","tnfa","pg/mL","phv00462160","OFFSPRING EXAMS 5, 6, 7 AND OMNI 1 EXAMS 1, 2","","","",,1,1,,0,0,0,"","","","","",""
"fhs","tnfa in blood","phv00463142","pht010728","rna levels (cycle threshold): tnf, run1, platelet","","MeasurementObservation","tnfa","pg/mL","","","","","",,,1,,0,0,0,"","","","","",""
"fhs","tnfa in blood","phv00462873","pht010727","tnf - olink inflammation(v.3012) - p01375 - oid00529 (sample type: edta plasma)","","MeasurementObservation","tnfa","pg/mL","phv00462203","OFFSPRING EXAM 7","","","",,1,1,,0,0,0,"","","","","",""
"fhs","tnfa in blood","phv00422395","pht006013","tnf-a: tumor necrosis factor - 3722-49 (p01375) (sample type: citrated plasma)","","MeasurementObservation","tnfa","pg/mL","phv00275427","FHS OFFSPRING EXAM 5","","","",,1,1,,0,0,0,"","","","","",""
"fhs","tnfa in blood","phv00423119","pht006013","tnf-a: tumor necrosis factor - 5936-53 (p01375) (sample type: citrated plasma)","","MeasurementObservation","tnfa","pg/mL","phv00275427","FHS OFFSPRING EXAM 5","","","",,1,1,,0,0,0,"","","","","",""
"fhs","tnfa-r1 in blood","phv00462745","pht010727","tnf-r1 - olink cardiovascular iii(v.6112) - p19438 - oid00649 (sample type: edta plasma)","","MeasurementObservation","tnfa_r1","pg/mL","phv00462203","OFFSPRING EXAM 7","","","",,1,1,,0,0,0,"","","","","",""
"fhs","total cholesterol in blood","phv00006027","pht000025","blood analysis - total cholesterol","","MeasurementObservation","tot_chol_bld","mg/dL","phv00006030","FHS ORIGINAL EXAM 23","","","",,1,1,,0,0,0,"","","","","",""
"fhs","total cholesterol in blood","phv00010135","pht000035","blood analysis - total cholesterol","","MeasurementObservation","tot_chol_bld","mg/dL","phv00010138","FHS OFFSPRING EXAM 6","","","",,1,1,,0,0,0,"","","","","",""
"fhs","total cholesterol in blood","phv00008726","pht000032","total cholesterol","","MeasurementObservation","tot_chol_bld","mg/dL","phv00008743","FHS OFFSPRING EXAM 3","","","",,1,1,,0,0,0,"","","","","",""
"fhs","total cholesterol in blood","phv00009121","pht000033","total cholesterol","","MeasurementObservation","tot_chol_bld","mg/dL","phv00009127","FHS OFFSPRING EXAM 4","","","",,1,1,,0,0,0,"","","","","",""
"fhs","total cholesterol in blood","phv00520306","pht006026","total cholesterol (mg/dl), exam 3","","MeasurementObservation","tot_chol_bld","mg/dL","phv00277015","FHS GENERATION 3, NEW OFFSPRING SPOUSE, OMNI 2 EXAM 1-3","","","",,1,1,,0,0,0,"","","","","",""
"fhs","total cholesterol in blood","phv00423929","pht009761","total cholesterol, exam 1","mm[Hg]","MeasurementObservation","tot_chol_bld","mg/dL","phv00423868","FHS OMNI 1 EXAM 1-4","","","",,1,1,,0,0,0,"","","","","",""
"fhs","triglycerides in blood","phv00010136","pht000035","blood analysis - triglycerides","","MeasurementObservation","triglyc_bld","mg/dL","phv00010138","FHS OFFSPRING EXAM 6","","","",,1,1,,0,0,0,"","","","","",""
"fhs","triglycerides in blood","phv00007976","pht000031","blood analysis-fasting lipids triglyceride","","MeasurementObservation","triglyc_bld","mg/dL","phv00008379","FHS OFFSPRING EXAM 2","","","",,1,1,,0,0,0,"","","","","",""
"fhs","triglycerides in blood","phv00001402","pht000012","blood analysis: fasting: triglyceride","","MeasurementObservation","triglyc_bld","mg/dL","phv00001559","FHS ORIGINAL EXAM 10","","","",,1,1,,0,0,0,"","","","","",""
"fhs","triglycerides in blood","phv00001390","pht000012","blood analysis: triglyceride (eq/hl)","","MeasurementObservation","triglyc_bld","mg/dL","phv00001559","FHS ORIGINAL EXAM 10","","","",,1,1,,0,0,0,"","","","","",""
"fhs","triglycerides in blood","phv00001054","pht000010","blood analysis: triglycerides, whole serum","","MeasurementObservation","triglyc_bld","mg/dL","phv00001187","FHS ORIGINAL EXAM 8","","","",,1,1,,0,0,0,"","","","","",""
"fhs","triglycerides in blood","phv00008730","pht000032","triglyceride","","MeasurementObservation","triglyc_bld","mg/dL","phv00008743","FHS OFFSPRING EXAM 3","","","",,1,1,,0,0,0,"","","","","",""
"fhs","triglycerides in blood","phv00009124","pht000033","triglyceride","","MeasurementObservation","triglyc_bld","mg/dL","phv00009127","FHS OFFSPRING EXAM 4","","","",,1,1,,0,0,0,"","","","","",""
"fhs","triglycerides in blood","phv00008105","pht000031","triglycerides","","MeasurementObservation","triglyc_bld","mg/dL","phv00008379","FHS OFFSPRING EXAM 2","","","",,1,1,,0,0,0,"","","","","",""
"fhs","triglycerides in blood","phv00423783","pht009755","triglycerides","meq/L(x100)","MeasurementObservation","triglyc_bld","mg/dL","phv00423778","FHS ORIGINAL EXAM 10-12","","","",,1,1,,0,0,0,"","","","","",""
"fhs","triglycerides in blood","phv00520307","pht006026","triglycerides (mg/dl), exam 3","","MeasurementObservation","triglyc_bld","mg/dL","phv00277015","FHS GENERATION 3, NEW OFFSPRING SPOUSE, OMNI 2 EXAM 1-3","","","",,1,1,,0,0,0,"","","","","",""
"fhs","triglycerides in blood","phv00462194","pht010726","triglycerides sample type: edta plasma","","MeasurementObservation","triglyc_bld","mg/dL","phv00462185","FHS EXAM LAB ASSAYS, GENERATION 3 EXAM 3, NEW OFFSPRING SPOUSE EXAM 3, OMNI 2 EXAM 3","","","",,1,1,,0,0,0,"","","","","",""
"fhs","troponin all types","phv00422930","pht006013","troponin i, skeletal, fast twitch: troponin i, fast skeletal muscle - 5440-26 (p48788) (sample type: citrated plasma)","","MeasurementObservation","troponin","ng/mL","phv00275427","FHS OFFSPRING EXAM 5","","","",,1,1,,0,0,0,"","","","","",""
"fhs","troponin all types","phv00422931","pht006013","troponin i: troponin i, cardiac muscle - 5441-67 (p19429) (sample type: citrated plasma)","","MeasurementObservation","troponin","ng/mL","phv00275427","FHS OFFSPRING EXAM 5","","","",,1,1,,0,0,0,"","","","","",""
"fhs","troponin all types","phv00276804","pht006018","troponin lab normal units - iu or ug/l or ng/ml","","MeasurementObservation","troponin","ng/mL","phv00276803","FHS ORIGINAL, OFFSPRING, GENERATION 3, NEW OFFSPRING SPOUSE, OMNI 1, OMNI 2 CASE REVIEW","","","",,1,1,,0,0,0,"","","","","",""
"fhs","troponin all types","phv00423054","pht006013","troponin t: troponin t, cardiac muscle - 5315-22 (p45379) (sample type: citrated plasma)","","MeasurementObservation","troponin","ng/mL","phv00275427","FHS OFFSPRING EXAM 5","","","",,1,1,,0,0,0,"","","","","",""
"fhs","vegetables","phv00523913","pht012909","alfalfa sprouts","","MeasurementObservation","vege_serving","{servings}/wk","","","","","",,,1,,0,0,0,"","","","","",""
"fhs","vegetables","phv00523902","pht012909","beans/lentils","","MeasurementObservation","vege_serving","{servings}/wk","","","","","",,,1,,0,0,0,"","","","","",""
"fhs","vegetables","phv00479162","pht010754","beans/lentils: (servings/week)","","MeasurementObservation","vege_serving","{servings}/wk","","","","","",,,1,,0,0,0,"","","","","",""
"fhs","vegetables","phv00524549","pht012910","beans/lentils: (servings/week)","","MeasurementObservation","vege_serving","{servings}/wk","","","","","",,,1,,0,0,0,"","","","","",""
"fhs","vegetables","phv00523912","pht012909","beets","","MeasurementObservation","vege_serving","{servings}/wk","","","","","",,,1,,0,0,0,"","","","","",""
"fhs","vegetables","phv00523893","pht012909","broccoli","","MeasurementObservation","vege_serving","{servings}/wk","","","","","",,,1,,0,0,0,"","","","","",""
"fhs","vegetables","phv00479165","pht010754","broccoli: (servings/week)","","MeasurementObservation","vege_serving","{servings}/wk","","","","","",,,1,,0,0,0,"","","","","",""
"fhs","vegetables","phv00524552","pht012910","broccoli: (servings/week)","","MeasurementObservation","vege_serving","{servings}/wk","","","","","",,,1,,0,0,0,"","","","","",""
"fhs","vegetables","phv00523896","pht012909","brussels sprouts","","MeasurementObservation","vege_serving","{servings}/wk","","","","","",,,1,,0,0,0,"","","","","",""
"fhs","vegetables","phv00479168","pht010754","brussels sprouts: (servings/week)","","MeasurementObservation","vege_serving","{servings}/wk","","","","","",,,1,,0,0,0,"","","","","",""
"fhs","vegetables","phv00524555","pht012910","brussels sprouts: (servings/week)","","MeasurementObservation","vege_serving","{servings}/wk","","","","","",,,1,,0,0,0,"","","","","",""
"fhs","vegetables","phv00523894","pht012909","cabbage/cole slaw","","MeasurementObservation","vege_serving","{servings}/wk","","","","","",,,1,,0,0,0,"","","","","",""
"fhs","vegetables","phv00479167","pht010754","cabbage/cole slaw: (servings/week)","","MeasurementObservation","vege_serving","{servings}/wk","","","","","",,,1,,0,0,0,"","","","","",""
"fhs","vegetables","phv00524554","pht012910","cabbage/cole slaw: (servings/week)","","MeasurementObservation","vege_serving","{servings}/wk","","","","","",,,1,,0,0,0,"","","","","",""
"fhs","vegetables","phv00523898","pht012909","carrots, cooked","","MeasurementObservation","vege_serving","{servings}/wk","","","","","",,,1,,0,0,0,"","","","","",""
"fhs","vegetables","phv00479170","pht010754","carrots, cooked: (servings/week)","","MeasurementObservation","vege_serving","{servings}/wk","","","","","",,,1,,0,0,0,"","","","","",""
"fhs","vegetables","phv00524557","pht012910","carrots, cooked: (servings/week)","","MeasurementObservation","vege_serving","{servings}/wk","","","","","",,,1,,0,0,0,"","","","","",""
"fhs","vegetables","phv00523897","pht012909","carrots, raw","","MeasurementObservation","vege_serving","{servings}/wk","","","","","",,,1,,0,0,0,"","","","","",""
"fhs","vegetables","phv00479169","pht010754","carrots, raw: (servings/week)","","MeasurementObservation","vege_serving","{servings}/wk","","","","","",,,1,,0,0,0,"","","","","",""
"fhs","vegetables","phv00524556","pht012910","carrots, raw: (servings/week)","","MeasurementObservation","vege_serving","{servings}/wk","","","","","",,,1,,0,0,0,"","","","","",""
"fhs","vegetables","phv00523895","pht012909","cauliflower","","MeasurementObservation","vege_serving","{servings}/wk","","","","","",,,1,,0,0,0,"","","","","",""
"fhs","vegetables","phv00479166","pht010754","cauliflower: (servings/week)","","MeasurementObservation","vege_serving","{servings}/wk","","","","","",,,1,,0,0,0,"","","","","",""
"fhs","vegetables","phv00524553","pht012910","cauliflower: (servings/week)","","MeasurementObservation","vege_serving","{servings}/wk","","","","","",,,1,,0,0,0,"","","","","",""
"fhs","vegetables","phv00523911","pht012909","celery","","MeasurementObservation","vege_serving","{servings}/wk","","","","","",,,1,,0,0,0,"","","","","",""
"fhs","vegetables","phv00479181","pht010754","celery: (servings/week)","","MeasurementObservation","vege_serving","{servings}/wk","","","","","",,,1,,0,0,0,"","","","","",""
"fhs","vegetables","phv00524568","pht012910","celery: (servings/week)","","MeasurementObservation","vege_serving","{servings}/wk","","","","","",,,1,,0,0,0,"","","","","",""
"fhs","vegetables","phv00523899","pht012909","corn","","MeasurementObservation","vege_serving","{servings}/wk","","","","","",,,1,,0,0,0,"","","","","",""
"fhs","vegetables","phv00479171","pht010754","corn: (servings/week)","","MeasurementObservation","vege_serving","{servings}/wk","","","","","",,,1,,0,0,0,"","","","","",""
"fhs","vegetables","phv00524558","pht012910","corn: (servings/week)","","MeasurementObservation","vege_serving","{servings}/wk","","","","","",,,1,,0,0,0,"","","","","",""
"fhs","vegetables","phv00172510","pht002900","derived field: vegetables pass through bubble","","MeasurementObservation","vege_serving","{servings}/wk","phv00172393","FHS GENERATION 3, NEW OFFSPRING SPOUSE, OMNI 2 EXAM 2","","","",,1,1,,0,0,0,"","","","","",""
"fhs","vegetables","phv00477406","pht010751","derived field:alfalfa sprouts","","MeasurementObservation","vege_serving","{servings}/wk","","","","","",,,1,,0,0,0,"","","","","",""
"fhs","vegetables","phv00477969","pht010752","derived field:alfalfa sprouts","","MeasurementObservation","vege_serving","{servings}/wk","","","","","",,,1,,0,0,0,"","","","","",""
"fhs","vegetables","phv00478530","pht010753","derived field:alfalfa sprouts","","MeasurementObservation","vege_serving","{servings}/wk","","","","","",,,1,,0,0,0,"","","","","",""
"fhs","vegetables","phv00477395","pht010751","derived field:beans/lentils","","MeasurementObservation","vege_serving","{servings}/wk","","","","","",,,1,,0,0,0,"","","","","",""
"fhs","vegetables","phv00477958","pht010752","derived field:beans/lentils","","MeasurementObservation","vege_serving","{servings}/wk","","","","","",,,1,,0,0,0,"","","","","",""
"fhs","vegetables","phv00478519","pht010753","derived field:beans/lentils","","MeasurementObservation","vege_serving","{servings}/wk","","","","","",,,1,,0,0,0,"","","","","",""
"fhs","vegetables","phv00477405","pht010751","derived field:beets","","MeasurementObservation","vege_serving","{servings}/wk","","","","","",,,1,,0,0,0,"","","","","",""
"fhs","vegetables","phv00477968","pht010752","derived field:beets","","MeasurementObservation","vege_serving","{servings}/wk","","","","","",,,1,,0,0,0,"","","","","",""
"fhs","vegetables","phv00478529","pht010753","derived field:beets","","MeasurementObservation","vege_serving","{servings}/wk","","","","","",,,1,,0,0,0,"","","","","",""
"fhs","vegetables","phv00477386","pht010751","derived field:broccoli","","MeasurementObservation","vege_serving","{servings}/wk","","","","","",,,1,,0,0,0,"","","","","",""
"fhs","vegetables","phv00477949","pht010752","derived field:broccoli","","MeasurementObservation","vege_serving","{servings}/wk","","","","","",,,1,,0,0,0,"","","","","",""
"fhs","vegetables","phv00478510","pht010753","derived field:broccoli","","MeasurementObservation","vege_serving","{servings}/wk","","","","","",,,1,,0,0,0,"","","","","",""
"fhs","vegetables","phv00477389","pht010751","derived field:brussels sprouts","","MeasurementObservation","vege_serving","{servings}/wk","","","","","",,,1,,0,0,0,"","","","","",""
"fhs","vegetables","phv00477952","pht010752","derived field:brussels sprouts","","MeasurementObservation","vege_serving","{servings}/wk","","","","","",,,1,,0,0,0,"","","","","",""
"fhs","vegetables","phv00478513","pht010753","derived field:brussels sprouts","","MeasurementObservation","vege_serving","{servings}/wk","","","","","",,,1,,0,0,0,"","","","","",""
"fhs","vegetables","phv00477387","pht010751","derived field:cabbage/cole slaw","","MeasurementObservation","vege_serving","{servings}/wk","","","","","",,,1,,0,0,0,"","","","","",""
"fhs","vegetables","phv00477950","pht010752","derived field:cabbage/cole slaw","","MeasurementObservation","vege_serving","{servings}/wk","","","","","",,,1,,0,0,0,"","","","","",""
"fhs","vegetables","phv00478511","pht010753","derived field:cabbage/cole slaw","","MeasurementObservation","vege_serving","{servings}/wk","","","","","",,,1,,0,0,0,"","","","","",""
"fhs","vegetables","phv00477391","pht010751","derived field:carrots, cooked","","MeasurementObservation","vege_serving","{servings}/wk","","","","","",,,1,,0,0,0,"","","","","",""
"fhs","vegetables","phv00477954","pht010752","derived field:carrots, cooked","","MeasurementObservation","vege_serving","{servings}/wk","","","","","",,,1,,0,0,0,"","","","","",""
"fhs","vegetables","phv00478515","pht010753","derived field:carrots, cooked","","MeasurementObservation","vege_serving","{servings}/wk","","","","","",,,1,,0,0,0,"","","","","",""
"fhs","vegetables","phv00477390","pht010751","derived field:carrots, raw","","MeasurementObservation","vege_serving","{servings}/wk","","","","","",,,1,,0,0,0,"","","","","",""
"fhs","vegetables","phv00477953","pht010752","derived field:carrots, raw","","MeasurementObservation","vege_serving","{servings}/wk","","","","","",,,1,,0,0,0,"","","","","",""
"fhs","vegetables","phv00478514","pht010753","derived field:carrots, raw","","MeasurementObservation","vege_serving","{servings}/wk","","","","","",,,1,,0,0,0,"","","","","",""
"fhs","vegetables","phv00477388","pht010751","derived field:cauliflower","","MeasurementObservation","vege_serving","{servings}/wk","","","","","",,,1,,0,0,0,"","","","","",""
"fhs","vegetables","phv00477951","pht010752","derived field:cauliflower","","MeasurementObservation","vege_serving","{servings}/wk","","","","","",,,1,,0,0,0,"","","","","",""
"fhs","vegetables","phv00478512","pht010753","derived field:cauliflower","","MeasurementObservation","vege_serving","{servings}/wk","","","","","",,,1,,0,0,0,"","","","","",""
"fhs","vegetables","phv00477404","pht010751","derived field:celery","","MeasurementObservation","vege_serving","{servings}/wk","","","","","",,,1,,0,0,0,"","","","","",""
"fhs","vegetables","phv00477967","pht010752","derived field:celery","","MeasurementObservation","vege_serving","{servings}/wk","","","","","",,,1,,0,0,0,"","","","","",""
"fhs","vegetables","phv00478528","pht010753","derived field:celery","","MeasurementObservation","vege_serving","{servings}/wk","","","","","",,,1,,0,0,0,"","","","","",""
"fhs","vegetables","phv00477392","pht010751","derived field:corn","","MeasurementObservation","vege_serving","{servings}/wk","","","","","",,,1,,0,0,0,"","","","","",""
"fhs","vegetables","phv00477955","pht010752","derived field:corn","","MeasurementObservation","vege_serving","{servings}/wk","","","","","",,,1,,0,0,0,"","","","","",""
"fhs","vegetables","phv00478516","pht010753","derived field:corn","","MeasurementObservation","vege_serving","{servings}/wk","","","","","",,,1,,0,0,0,"","","","","",""
"fhs","vegetables","phv00477407","pht010751","derived field:garlic","","MeasurementObservation","vege_serving","{servings}/wk","","","","","",,,1,,0,0,0,"","","","","",""
"fhs","vegetables","phv00477970","pht010752","derived field:garlic","","MeasurementObservation","vege_serving","{servings}/wk","","","","","",,,1,,0,0,0,"","","","","",""
"fhs","vegetables","phv00478531","pht010753","derived field:garlic","","MeasurementObservation","vege_serving","{servings}/wk","","","","","",,,1,,0,0,0,"","","","","",""
"fhs","vegetables","phv00477402","pht010751","derived field:iceberg/head lettuce","","MeasurementObservation","vege_serving","{servings}/wk","","","","","",,,1,,0,0,0,"","","","","",""
"fhs","vegetables","phv00477965","pht010752","derived field:iceberg/head lettuce","","MeasurementObservation","vege_serving","{servings}/wk","","","","","",,,1,,0,0,0,"","","","","",""
"fhs","vegetables","phv00478526","pht010753","derived field:iceberg/head lettuce","","MeasurementObservation","vege_serving","{servings}/wk","","","","","",,,1,,0,0,0,"","","","","",""
"fhs","vegetables","phv00477401","pht010751","derived field:kale/mustard/chard","","MeasurementObservation","vege_serving","{servings}/wk","","","","","",,,1,,0,0,0,"","","","","",""
"fhs","vegetables","phv00477964","pht010752","derived field:kale/mustard/chard","","MeasurementObservation","vege_serving","{servings}/wk","","","","","",,,1,,0,0,0,"","","","","",""
"fhs","vegetables","phv00478525","pht010753","derived field:kale/mustard/chard","","MeasurementObservation","vege_serving","{servings}/wk","","","","","",,,1,,0,0,0,"","","","","",""
"fhs","vegetables","phv00477394","pht010751","derived field:mixed vegetables","","MeasurementObservation","vege_serving","{servings}/wk","","","","","",,,1,,0,0,0,"","","","","",""
"fhs","vegetables","phv00477957","pht010752","derived field:mixed vegetables","","MeasurementObservation","vege_serving","{servings}/wk","","","","","",,,1,,0,0,0,"","","","","",""
"fhs","vegetables","phv00478518","pht010753","derived field:mixed vegetables","","MeasurementObservation","vege_serving","{servings}/wk","","","","","",,,1,,0,0,0,"","","","","",""
"fhs","vegetables","phv00477393","pht010751","derived field:peas/lima beans","","MeasurementObservation","vege_serving","{servings}/wk","","","","","",,,1,,0,0,0,"","","","","",""
"fhs","vegetables","phv00477956","pht010752","derived field:peas/lima beans","","MeasurementObservation","vege_serving","{servings}/wk","","","","","",,,1,,0,0,0,"","","","","",""
"fhs","vegetables","phv00478517","pht010753","derived field:peas/lima beans","","MeasurementObservation","vege_serving","{servings}/wk","","","","","",,,1,,0,0,0,"","","","","",""
"fhs","vegetables","phv00477383","pht010751","derived field:red chili sauce","","MeasurementObservation","vege_serving","{servings}/wk","","","","","",,,1,,0,0,0,"","","","","",""
"fhs","vegetables","phv00477946","pht010752","derived field:red chili sauce","","MeasurementObservation","vege_serving","{servings}/wk","","","","","",,,1,,0,0,0,"","","","","",""
"fhs","vegetables","phv00478507","pht010753","derived field:red chili sauce","","MeasurementObservation","vege_serving","{servings}/wk","","","","","",,,1,,0,0,0,"","","","","",""
"fhs","vegetables","phv00477403","pht010751","derived field:romaine/leaf lettuce","","MeasurementObservation","vege_serving","{servings}/wk","","","","","",,,1,,0,0,0,"","","","","",""
"fhs","vegetables","phv00477966","pht010752","derived field:romaine/leaf lettuce","","MeasurementObservation","vege_serving","{servings}/wk","","","","","",,,1,,0,0,0,"","","","","",""
"fhs","vegetables","phv00478527","pht010753","derived field:romaine/leaf lettuce","","MeasurementObservation","vege_serving","{servings}/wk","","","","","",,,1,,0,0,0,"","","","","",""
"fhs","vegetables","phv00477400","pht010751","derived field:spanach, raw","","MeasurementObservation","vege_serving","{servings}/wk","","","","","",,,1,,0,0,0,"","","","","",""
"fhs","vegetables","phv00477963","pht010752","derived field:spanach, raw","","MeasurementObservation","vege_serving","{servings}/wk","","","","","",,,1,,0,0,0,"","","","","",""
"fhs","vegetables","phv00478524","pht010753","derived field:spanach, raw","","MeasurementObservation","vege_serving","{servings}/wk","","","","","",,,1,,0,0,0,"","","","","",""
"fhs","vegetables","phv00477399","pht010751","derived field:spinach, cooked","","MeasurementObservation","vege_serving","{servings}/wk","","","","","",,,1,,0,0,0,"","","","","",""
"fhs","vegetables","phv00477962","pht010752","derived field:spinach, cooked","","MeasurementObservation","vege_serving","{servings}/wk","","","","","",,,1,,0,0,0,"","","","","",""
"fhs","vegetables","phv00478523","pht010753","derived field:spinach, cooked","","MeasurementObservation","vege_serving","{servings}/wk","","","","","",,,1,,0,0,0,"","","","","",""
"fhs","vegetables","phv00477385","pht010751","derived field:string beans","","MeasurementObservation","vege_serving","{servings}/wk","","","","","",,,1,,0,0,0,"","","","","",""
"fhs","vegetables","phv00477948","pht010752","derived field:string beans","","MeasurementObservation","vege_serving","{servings}/wk","","","","","",,,1,,0,0,0,"","","","","",""
"fhs","vegetables","phv00478509","pht010753","derived field:string beans","","MeasurementObservation","vege_serving","{servings}/wk","","","","","",,,1,,0,0,0,"","","","","",""
"fhs","vegetables","phv00477397","pht010751","derived field:summer squash","","MeasurementObservation","vege_serving","{servings}/wk","","","","","",,,1,,0,0,0,"","","","","",""
"fhs","vegetables","phv00477960","pht010752","derived field:summer squash","","MeasurementObservation","vege_serving","{servings}/wk","","","","","",,,1,,0,0,0,"","","","","",""
"fhs","vegetables","phv00478521","pht010753","derived field:summer squash","","MeasurementObservation","vege_serving","{servings}/wk","","","","","",,,1,,0,0,0,"","","","","",""
"fhs","vegetables","phv00477384","pht010751","derived field:tofu or soybeans","","MeasurementObservation","vege_serving","{servings}/wk","","","","","",,,1,,0,0,0,"","","","","",""
"fhs","vegetables","phv00477947","pht010752","derived field:tofu or soybeans","","MeasurementObservation","vege_serving","{servings}/wk","","","","","",,,1,,0,0,0,"","","","","",""
"fhs","vegetables","phv00478508","pht010753","derived field:tofu or soybeans","","MeasurementObservation","vege_serving","{servings}/wk","","","","","",,,1,,0,0,0,"","","","","",""
"fhs","vegetables","phv00477381","pht010751","derived field:tomato juice","","MeasurementObservation","vege_serving","{servings}/wk","","","","","",,,1,,0,0,0,"","","","","",""
"fhs","vegetables","phv00477944","pht010752","derived field:tomato juice","","MeasurementObservation","vege_serving","{servings}/wk","","","","","",,,1,,0,0,0,"","","","","",""
"fhs","vegetables","phv00478505","pht010753","derived field:tomato juice","","MeasurementObservation","vege_serving","{servings}/wk","","","","","",,,1,,0,0,0,"","","","","",""
"fhs","vegetables","phv00477382","pht010751","derived field:tomato sauce","","MeasurementObservation","vege_serving","{servings}/wk","","","","","",,,1,,0,0,0,"","","","","",""
"fhs","vegetables","phv00477945","pht010752","derived field:tomato sauce","","MeasurementObservation","vege_serving","{servings}/wk","","","","","",,,1,,0,0,0,"","","","","",""
"fhs","vegetables","phv00478506","pht010753","derived field:tomato sauce","","MeasurementObservation","vege_serving","{servings}/wk","","","","","",,,1,,0,0,0,"","","","","",""
"fhs","vegetables","phv00477380","pht010751","derived field:tomatoes","","MeasurementObservation","vege_serving","{servings}/wk","","","","","",,,1,,0,0,0,"","","","","",""
"fhs","vegetables","phv00477943","pht010752","derived field:tomatoes","","MeasurementObservation","vege_serving","{servings}/wk","","","","","",,,1,,0,0,0,"","","","","",""
"fhs","vegetables","phv00478504","pht010753","derived field:tomatoes","","MeasurementObservation","vege_serving","{servings}/wk","","","","","",,,1,,0,0,0,"","","","","",""
"fhs","vegetables","phv00477396","pht010751","derived field:winter squash","","MeasurementObservation","vege_serving","{servings}/wk","","","","","",,,1,,0,0,0,"","","","","",""
"fhs","vegetables","phv00477959","pht010752","derived field:winter squash","","MeasurementObservation","vege_serving","{servings}/wk","","","","","",,,1,,0,0,0,"","","","","",""
"fhs","vegetables","phv00478520","pht010753","derived field:winter squash","","MeasurementObservation","vege_serving","{servings}/wk","","","","","",,,1,,0,0,0,"","","","","",""
"fhs","vegetables","phv00477398","pht010751","derived field:yams/sweet potatoes","","MeasurementObservation","vege_serving","{servings}/wk","","","","","",,,1,,0,0,0,"","","","","",""
"fhs","vegetables","phv00477961","pht010752","derived field:yams/sweet potatoes","","MeasurementObservation","vege_serving","{servings}/wk","","","","","",,,1,,0,0,0,"","","","","",""
"fhs","vegetables","phv00478522","pht010753","derived field:yams/sweet potatoes","","MeasurementObservation","vege_serving","{servings}/wk","","","","","",,,1,,0,0,0,"","","","","",""
"fhs","vegetables","phv00522382","pht012893","did you eat or drink the following products in the last 7 days?: vegetables (salad, tomatoes, onions, greens, carrots, peppers, green beans, etc.)","","MeasurementObservation","vege_serving","{servings}/wk","","","","","",,,1,,0,0,0,"","","","","",""
"fhs","vegetables","phv00156849","pht002150","ffq: alfalfa sprouts","1/2cup","MeasurementObservation","vege_serving","{servings}/wk","phv00157296","FHS GENERATION 3 EXAM 1","","","",,1,1,,0,0,0,"","","","","",""
"fhs","vegetables","phv00162209","pht002350","ffq: alfalfa sprouts","1/2cup","MeasurementObservation","vege_serving","{servings}/wk","phv00162112","FHS OFFSPRING EXAM 8","","","",,1,1,,0,0,0,"","","","","",""
"fhs","vegetables","phv00477018","pht010751","ffq: alfalfa sprouts","","MeasurementObservation","vege_serving","{servings}/wk","","","","","",,,1,,0,0,0,"","","","","",""
"fhs","vegetables","phv00477581","pht010752","ffq: alfalfa sprouts","","MeasurementObservation","vege_serving","{servings}/wk","","","","","",,,1,,0,0,0,"","","","","",""
"fhs","vegetables","phv00068338","pht000681","ffq: alfalfa sprouts (1/2 cup)","","MeasurementObservation","vege_serving","{servings}/wk","phv00068713","FHS OFFSPRING EXAM 6","","","",,1,1,,0,0,0,"","","","","",""
"fhs","vegetables","phv00068906","pht000682","ffq: alfalfa sprouts (1/2 cup)","","MeasurementObservation","vege_serving","{servings}/wk","phv00069162","FHS OFFSPRING EXAM 7","","","",,1,1,,0,0,0,"","","","","",""
"fhs","vegetables","phv00069943","pht000680","ffq: alfalfa sprouts (1/2 cup)","","MeasurementObservation","vege_serving","{servings}/wk","phv00068241","FHS OFFSPRING EXAM 5","","","",,1,1,,0,0,0,"","","","","",""
"fhs","vegetables","phv00157482","pht002151","ffq: alfalfa sprouts (1/2 cup)","","MeasurementObservation","vege_serving","{servings}/wk","phv00157771","FHS ORIGINAL EXAM 20","","","",,1,1,,0,0,0,"","","","","",""
"fhs","vegetables","phv00157959","pht002152","ffq: alfalfa sprouts (1/2 cup)","","MeasurementObservation","vege_serving","{servings}/wk","phv00158091","FHS ORIGINAL EXAM 21","","","",,1,1,,0,0,0,"","","","","",""
"fhs","vegetables","phv00158276","pht002153","ffq: alfalfa sprouts (1/2 cup)","","MeasurementObservation","vege_serving","{servings}/wk","phv00158540","FHS ORIGINAL EXAM 22","","","",,1,1,,0,0,0,"","","","","",""
"fhs","vegetables","phv00478144","pht010753","ffq: alfalfa sprouts (1/2 cup)","","MeasurementObservation","vege_serving","{servings}/wk","","","","","",,,1,,0,0,0,"","","","","",""
"fhs","vegetables","phv00523743","pht012909","ffq: alfalfa sprouts (1/2 cup)","","MeasurementObservation","vege_serving","{servings}/wk","","","","","",,,1,,0,0,0,"","","","","",""
"fhs","vegetables","phv00156838","pht002150","ffq: beans or lentils","1/2cup","MeasurementObservation","vege_serving","{servings}/wk","phv00157296","FHS GENERATION 3 EXAM 1","","","",,1,1,,0,0,0,"","","","","",""
"fhs","vegetables","phv00162198","pht002350","ffq: beans or lentils","1/2cup","MeasurementObservation","vege_serving","{servings}/wk","phv00162112","FHS OFFSPRING EXAM 8","","","",,1,1,,0,0,0,"","","","","",""
"fhs","vegetables","phv00477007","pht010751","ffq: beans or lentils","","MeasurementObservation","vege_serving","{servings}/wk","","","","","",,,1,,0,0,0,"","","","","",""
"fhs","vegetables","phv00477570","pht010752","ffq: beans or lentils","","MeasurementObservation","vege_serving","{servings}/wk","","","","","",,,1,,0,0,0,"","","","","",""
"fhs","vegetables","phv00068327","pht000681","ffq: beans or lentils (1/2 cup)","","MeasurementObservation","vege_serving","{servings}/wk","phv00068713","FHS OFFSPRING EXAM 6","","","",,1,1,,0,0,0,"","","","","",""
"fhs","vegetables","phv00068895","pht000682","ffq: beans or lentils (1/2 cup)","","MeasurementObservation","vege_serving","{servings}/wk","phv00069162","FHS OFFSPRING EXAM 7","","","",,1,1,,0,0,0,"","","","","",""
"fhs","vegetables","phv00069934","pht000680","ffq: beans or lentils (1/2 cup)","","MeasurementObservation","vege_serving","{servings}/wk","phv00068241","FHS OFFSPRING EXAM 5","","","",,1,1,,0,0,0,"","","","","",""
"fhs","vegetables","phv00157471","pht002151","ffq: beans or lentils (1/2 cup)","","MeasurementObservation","vege_serving","{servings}/wk","phv00157771","FHS ORIGINAL EXAM 20","","","",,1,1,,0,0,0,"","","","","",""
"fhs","vegetables","phv00157948","pht002152","ffq: beans or lentils (1/2 cup)","","MeasurementObservation","vege_serving","{servings}/wk","phv00158091","FHS ORIGINAL EXAM 21","","","",,1,1,,0,0,0,"","","","","",""
"fhs","vegetables","phv00158265","pht002153","ffq: beans or lentils (1/2 cup)","","MeasurementObservation","vege_serving","{servings}/wk","phv00158540","FHS ORIGINAL EXAM 22","","","",,1,1,,0,0,0,"","","","","",""
"fhs","vegetables","phv00478133","pht010753","ffq: beans or lentils (1/2 cup)","","MeasurementObservation","vege_serving","{servings}/wk","","","","","",,,1,,0,0,0,"","","","","",""
"fhs","vegetables","phv00478732","pht010754","ffq: beans or lentils (1/2 cup)","","MeasurementObservation","vege_serving","{servings}/wk","","","","","",,,1,,0,0,0,"","","","","",""
"fhs","vegetables","phv00523732","pht012909","ffq: beans or lentils (1/2 cup)","","MeasurementObservation","vege_serving","{servings}/wk","","","","","",,,1,,0,0,0,"","","","","",""
"fhs","vegetables","phv00172516","pht002900","ffq: beans or lentils, baked, dried or soup","1/2cup","MeasurementObservation","vege_serving","{servings}/wk","phv00172393","FHS GENERATION 3, NEW OFFSPRING SPOUSE, OMNI 2 EXAM 2","","","",,1,1,,0,0,0,"","","","","",""
"fhs","vegetables","phv00156848","pht002150","ffq: beets","1/2cup","MeasurementObservation","vege_serving","{servings}/wk","phv00157296","FHS GENERATION 3 EXAM 1","","","",,1,1,,0,0,0,"","","","","",""
"fhs","vegetables","phv00162208","pht002350","ffq: beets","1/2cup","MeasurementObservation","vege_serving","{servings}/wk","phv00162112","FHS OFFSPRING EXAM 8","","","",,1,1,,0,0,0,"","","","","",""
"fhs","vegetables","phv00477017","pht010751","ffq: beets","","MeasurementObservation","vege_serving","{servings}/wk","","","","","",,,1,,0,0,0,"","","","","",""
"fhs","vegetables","phv00477580","pht010752","ffq: beets","","MeasurementObservation","vege_serving","{servings}/wk","","","","","",,,1,,0,0,0,"","","","","",""
"fhs","vegetables","phv00068337","pht000681","ffq: beets (1/2 cup)","","MeasurementObservation","vege_serving","{servings}/wk","phv00068713","FHS OFFSPRING EXAM 6","","","",,1,1,,0,0,0,"","","","","",""
"fhs","vegetables","phv00068905","pht000682","ffq: beets (1/2 cup)","","MeasurementObservation","vege_serving","{servings}/wk","phv00069162","FHS OFFSPRING EXAM 7","","","",,1,1,,0,0,0,"","","","","",""
"fhs","vegetables","phv00069942","pht000680","ffq: beets (1/2 cup)","","MeasurementObservation","vege_serving","{servings}/wk","phv00068241","FHS OFFSPRING EXAM 5","","","",,1,1,,0,0,0,"","","","","",""
"fhs","vegetables","phv00157481","pht002151","ffq: beets (1/2 cup)","","MeasurementObservation","vege_serving","{servings}/wk","phv00157771","FHS ORIGINAL EXAM 20","","","",,1,1,,0,0,0,"","","","","",""
"fhs","vegetables","phv00157958","pht002152","ffq: beets (1/2 cup)","","MeasurementObservation","vege_serving","{servings}/wk","phv00158091","FHS ORIGINAL EXAM 21","","","",,1,1,,0,0,0,"","","","","",""
"fhs","vegetables","phv00158275","pht002153","ffq: beets (1/2 cup)","","MeasurementObservation","vege_serving","{servings}/wk","phv00158540","FHS ORIGINAL EXAM 22","","","",,1,1,,0,0,0,"","","","","",""
"fhs","vegetables","phv00478143","pht010753","ffq: beets (1/2 cup)","","MeasurementObservation","vege_serving","{servings}/wk","","","","","",,,1,,0,0,0,"","","","","",""
"fhs","vegetables","phv00523742","pht012909","ffq: beets (1/2 cup)","","MeasurementObservation","vege_serving","{servings}/wk","","","","","",,,1,,0,0,0,"","","","","",""
"fhs","vegetables","phv00156829","pht002150","ffq: broccoli","1/2cup","MeasurementObservation","vege_serving","{servings}/wk","phv00157296","FHS GENERATION 3 EXAM 1","","","",,1,1,,0,0,0,"","","","","",""
"fhs","vegetables","phv00162189","pht002350","ffq: broccoli","1/2cup","MeasurementObservation","vege_serving","{servings}/wk","phv00162112","FHS OFFSPRING EXAM 8","","","",,1,1,,0,0,0,"","","","","",""
"fhs","vegetables","phv00172519","pht002900","ffq: broccoli","1/2cup","MeasurementObservation","vege_serving","{servings}/wk","phv00172393","FHS GENERATION 3, NEW OFFSPRING SPOUSE, OMNI 2 EXAM 2","","","",,1,1,,0,0,0,"","","","","",""
"fhs","vegetables","phv00476998","pht010751","ffq: broccoli","","MeasurementObservation","vege_serving","{servings}/wk","","","","","",,,1,,0,0,0,"","","","","",""
"fhs","vegetables","phv00477561","pht010752","ffq: broccoli","","MeasurementObservation","vege_serving","{servings}/wk","","","","","",,,1,,0,0,0,"","","","","",""
"fhs","vegetables","phv00068318","pht000681","ffq: broccoli (1/2 cup)","","MeasurementObservation","vege_serving","{servings}/wk","phv00068713","FHS OFFSPRING EXAM 6","","","",,1,1,,0,0,0,"","","","","",""
"fhs","vegetables","phv00068886","pht000682","ffq: broccoli (1/2 cup)","","MeasurementObservation","vege_serving","{servings}/wk","phv00069162","FHS OFFSPRING EXAM 7","","","",,1,1,,0,0,0,"","","","","",""
"fhs","vegetables","phv00069927","pht000680","ffq: broccoli (1/2 cup)","","MeasurementObservation","vege_serving","{servings}/wk","phv00068241","FHS OFFSPRING EXAM 5","","","",,1,1,,0,0,0,"","","","","",""
"fhs","vegetables","phv00157462","pht002151","ffq: broccoli (1/2 cup)","","MeasurementObservation","vege_serving","{servings}/wk","phv00157771","FHS ORIGINAL EXAM 20","","","",,1,1,,0,0,0,"","","","","",""
"fhs","vegetables","phv00157939","pht002152","ffq: broccoli (1/2 cup)","","MeasurementObservation","vege_serving","{servings}/wk","phv00158091","FHS ORIGINAL EXAM 21","","","",,1,1,,0,0,0,"","","","","",""
"fhs","vegetables","phv00158256","pht002153","ffq: broccoli (1/2 cup)","","MeasurementObservation","vege_serving","{servings}/wk","phv00158540","FHS ORIGINAL EXAM 22","","","",,1,1,,0,0,0,"","","","","",""
"fhs","vegetables","phv00478124","pht010753","ffq: broccoli (1/2 cup)","","MeasurementObservation","vege_serving","{servings}/wk","","","","","",,,1,,0,0,0,"","","","","",""
"fhs","vegetables","phv00478735","pht010754","ffq: broccoli (1/2 cup)","","MeasurementObservation","vege_serving","{servings}/wk","","","","","",,,1,,0,0,0,"","","","","",""
"fhs","vegetables","phv00523723","pht012909","ffq: broccoli (1/2 cup)","","MeasurementObservation","vege_serving","{servings}/wk","","","","","",,,1,,0,0,0,"","","","","",""
"fhs","vegetables","phv00156832","pht002150","ffq: brussels sprouts","1/2cup","MeasurementObservation","vege_serving","{servings}/wk","phv00157296","FHS GENERATION 3 EXAM 1","","","",,1,1,,0,0,0,"","","","","",""
"fhs","vegetables","phv00162192","pht002350","ffq: brussels sprouts","1/2cup","MeasurementObservation","vege_serving","{servings}/wk","phv00162112","FHS OFFSPRING EXAM 8","","","",,1,1,,0,0,0,"","","","","",""
"fhs","vegetables","phv00172522","pht002900","ffq: brussels sprouts","1/2cup","MeasurementObservation","vege_serving","{servings}/wk","phv00172393","FHS GENERATION 3, NEW OFFSPRING SPOUSE, OMNI 2 EXAM 2","","","",,1,1,,0,0,0,"","","","","",""
"fhs","vegetables","phv00477001","pht010751","ffq: brussels sprouts","","MeasurementObservation","vege_serving","{servings}/wk","","","","","",,,1,,0,0,0,"","","","","",""
"fhs","vegetables","phv00477564","pht010752","ffq: brussels sprouts","","MeasurementObservation","vege_serving","{servings}/wk","","","","","",,,1,,0,0,0,"","","","","",""
"fhs","vegetables","phv00068321","pht000681","ffq: brussels sprouts (1/2 cup)","","MeasurementObservation","vege_serving","{servings}/wk","phv00068713","FHS OFFSPRING EXAM 6","","","",,1,1,,0,0,0,"","","","","",""
"fhs","vegetables","phv00068889","pht000682","ffq: brussels sprouts (1/2 cup)","","MeasurementObservation","vege_serving","{servings}/wk","phv00069162","FHS OFFSPRING EXAM 7","","","",,1,1,,0,0,0,"","","","","",""
"fhs","vegetables","phv00069930","pht000680","ffq: brussels sprouts (1/2 cup)","","MeasurementObservation","vege_serving","{servings}/wk","phv00068241","FHS OFFSPRING EXAM 5","","","",,1,1,,0,0,0,"","","","","",""
"fhs","vegetables","phv00157465","pht002151","ffq: brussels sprouts (1/2 cup)","","MeasurementObservation","vege_serving","{servings}/wk","phv00157771","FHS ORIGINAL EXAM 20","","","",,1,1,,0,0,0,"","","","","",""
"fhs","vegetables","phv00157942","pht002152","ffq: brussels sprouts (1/2 cup)","","MeasurementObservation","vege_serving","{servings}/wk","phv00158091","FHS ORIGINAL EXAM 21","","","",,1,1,,0,0,0,"","","","","",""
"fhs","vegetables","phv00158259","pht002153","ffq: brussels sprouts (1/2 cup)","","MeasurementObservation","vege_serving","{servings}/wk","phv00158540","FHS ORIGINAL EXAM 22","","","",,1,1,,0,0,0,"","","","","",""
"fhs","vegetables","phv00478127","pht010753","ffq: brussels sprouts (1/2 cup)","","MeasurementObservation","vege_serving","{servings}/wk","","","","","",,,1,,0,0,0,"","","","","",""
"fhs","vegetables","phv00478738","pht010754","ffq: brussels sprouts (1/2 cup)","","MeasurementObservation","vege_serving","{servings}/wk","","","","","",,,1,,0,0,0,"","","","","",""
"fhs","vegetables","phv00523726","pht012909","ffq: brussels sprouts (1/2 cup)","","MeasurementObservation","vege_serving","{servings}/wk","","","","","",,,1,,0,0,0,"","","","","",""
"fhs","vegetables","phv00156830","pht002150","ffq: cabbage or cole slaw","1/2cup","MeasurementObservation","vege_serving","{servings}/wk","phv00157296","FHS GENERATION 3 EXAM 1","","","",,1,1,,0,0,0,"","","","","",""
"fhs","vegetables","phv00162190","pht002350","ffq: cabbage or cole slaw","1/2cup","MeasurementObservation","vege_serving","{servings}/wk","phv00162112","FHS OFFSPRING EXAM 8","","","",,1,1,,0,0,0,"","","","","",""
"fhs","vegetables","phv00476999","pht010751","ffq: cabbage or cole slaw","","MeasurementObservation","vege_serving","{servings}/wk","","","","","",,,1,,0,0,0,"","","","","",""
"fhs","vegetables","phv00477562","pht010752","ffq: cabbage or cole slaw","","MeasurementObservation","vege_serving","{servings}/wk","","","","","",,,1,,0,0,0,"","","","","",""
"fhs","vegetables","phv00068319","pht000681","ffq: cabbage or cole slaw (1/2 cup)","","MeasurementObservation","vege_serving","{servings}/wk","phv00068713","FHS OFFSPRING EXAM 6","","","",,1,1,,0,0,0,"","","","","",""
"fhs","vegetables","phv00068887","pht000682","ffq: cabbage or cole slaw (1/2 cup)","","MeasurementObservation","vege_serving","{servings}/wk","phv00069162","FHS OFFSPRING EXAM 7","","","",,1,1,,0,0,0,"","","","","",""
"fhs","vegetables","phv00069928","pht000680","ffq: cabbage or cole slaw (1/2 cup)","","MeasurementObservation","vege_serving","{servings}/wk","phv00068241","FHS OFFSPRING EXAM 5","","","",,1,1,,0,0,0,"","","","","",""
"fhs","vegetables","phv00157463","pht002151","ffq: cabbage or cole slaw (1/2 cup)","","MeasurementObservation","vege_serving","{servings}/wk","phv00157771","FHS ORIGINAL EXAM 20","","","",,1,1,,0,0,0,"","","","","",""
"fhs","vegetables","phv00157940","pht002152","ffq: cabbage or cole slaw (1/2 cup)","","MeasurementObservation","vege_serving","{servings}/wk","phv00158091","FHS ORIGINAL EXAM 21","","","",,1,1,,0,0,0,"","","","","",""
"fhs","vegetables","phv00158257","pht002153","ffq: cabbage or cole slaw (1/2 cup)","","MeasurementObservation","vege_serving","{servings}/wk","phv00158540","FHS ORIGINAL EXAM 22","","","",,1,1,,0,0,0,"","","","","",""
"fhs","vegetables","phv00478125","pht010753","ffq: cabbage or cole slaw (1/2 cup)","","MeasurementObservation","vege_serving","{servings}/wk","","","","","",,,1,,0,0,0,"","","","","",""
"fhs","vegetables","phv00523724","pht012909","ffq: cabbage or cole slaw (1/2 cup)","","MeasurementObservation","vege_serving","{servings}/wk","","","","","",,,1,,0,0,0,"","","","","",""
"fhs","vegetables","phv00172521","pht002900","ffq: cabbage or coleslaw","1/2cup","MeasurementObservation","vege_serving","{servings}/wk","phv00172393","FHS GENERATION 3, NEW OFFSPRING SPOUSE, OMNI 2 EXAM 2","","","",,1,1,,0,0,0,"","","","","",""
"fhs","vegetables","phv00478737","pht010754","ffq: cabbage or coleslaw (1/2 cup)","","MeasurementObservation","vege_serving","{servings}/wk","","","","","",,,1,,0,0,0,"","","","","",""
"fhs","vegetables","phv00156834","pht002150","ffq: carrots, cooked","1/2cup","MeasurementObservation","vege_serving","{servings}/wk","phv00157296","FHS GENERATION 3 EXAM 1","","","",,1,1,,0,0,0,"","","","","",""
"fhs","vegetables","phv00162194","pht002350","ffq: carrots, cooked","1/2cup","MeasurementObservation","vege_serving","{servings}/wk","phv00162112","FHS OFFSPRING EXAM 8","","","",,1,1,,0,0,0,"","","","","",""
"fhs","vegetables","phv00477003","pht010751","ffq: carrots, cooked","","MeasurementObservation","vege_serving","{servings}/wk","","","","","",,,1,,0,0,0,"","","","","",""
"fhs","vegetables","phv00477566","pht010752","ffq: carrots, cooked","","MeasurementObservation","vege_serving","{servings}/wk","","","","","",,,1,,0,0,0,"","","","","",""
"fhs","vegetables","phv00068323","pht000681","ffq: carrots, cooked (1/2 cup)","","MeasurementObservation","vege_serving","{servings}/wk","phv00068713","FHS OFFSPRING EXAM 6","","","",,1,1,,0,0,0,"","","","","",""
"fhs","vegetables","phv00068891","pht000682","ffq: carrots, cooked (1/2 cup)","","MeasurementObservation","vege_serving","{servings}/wk","phv00069162","FHS OFFSPRING EXAM 7","","","",,1,1,,0,0,0,"","","","","",""
"fhs","vegetables","phv00069932","pht000680","ffq: carrots, cooked (1/2 cup)","","MeasurementObservation","vege_serving","{servings}/wk","phv00068241","FHS OFFSPRING EXAM 5","","","",,1,1,,0,0,0,"","","","","",""
"fhs","vegetables","phv00157467","pht002151","ffq: carrots, cooked (1/2 cup)","","MeasurementObservation","vege_serving","{servings}/wk","phv00157771","FHS ORIGINAL EXAM 20","","","",,1,1,,0,0,0,"","","","","",""
"fhs","vegetables","phv00157944","pht002152","ffq: carrots, cooked (1/2 cup)","","MeasurementObservation","vege_serving","{servings}/wk","phv00158091","FHS ORIGINAL EXAM 21","","","",,1,1,,0,0,0,"","","","","",""
"fhs","vegetables","phv00158261","pht002153","ffq: carrots, cooked (1/2 cup)","","MeasurementObservation","vege_serving","{servings}/wk","phv00158540","FHS ORIGINAL EXAM 22","","","",,1,1,,0,0,0,"","","","","",""
"fhs","vegetables","phv00478129","pht010753","ffq: carrots, cooked (1/2 cup)","","MeasurementObservation","vege_serving","{servings}/wk","","","","","",,,1,,0,0,0,"","","","","",""
"fhs","vegetables","phv00523728","pht012909","ffq: carrots, cooked (1/2 cup)","","MeasurementObservation","vege_serving","{servings}/wk","","","","","",,,1,,0,0,0,"","","","","",""
"fhs","vegetables","phv00172524","pht002900","ffq: carrots, cooked (1/2 cup) or carrot juice (2-3 oz.)","1/2cup","MeasurementObservation","vege_serving","{servings}/wk","phv00172393","FHS GENERATION 3, NEW OFFSPRING SPOUSE, OMNI 2 EXAM 2","","","",,1,1,,0,0,0,"","","","","",""
"fhs","vegetables","phv00478740","pht010754","ffq: carrots, cooked (1/2 cup) or juice (2 - 3 oz)","","MeasurementObservation","vege_serving","{servings}/wk","","","","","",,,1,,0,0,0,"","","","","",""
"fhs","vegetables","phv00156833","pht002150","ffq: carrots, raw","1/2cup","MeasurementObservation","vege_serving","{servings}/wk","phv00157296","FHS GENERATION 3 EXAM 1","","","",,1,1,,0,0,0,"","","","","",""
"fhs","vegetables","phv00162193","pht002350","ffq: carrots, raw","1/2cup","MeasurementObservation","vege_serving","{servings}/wk","phv00162112","FHS OFFSPRING EXAM 8","","","",,1,1,,0,0,0,"","","","","",""
"fhs","vegetables","phv00172523","pht002900","ffq: carrots, raw","1/2carrotor2-4sticks","MeasurementObservation","vege_serving","{servings}/wk","phv00172393","FHS GENERATION 3, NEW OFFSPRING SPOUSE, OMNI 2 EXAM 2","","","",,1,1,,0,0,0,"","","","","",""
"fhs","vegetables","phv00477002","pht010751","ffq: carrots, raw","","MeasurementObservation","vege_serving","{servings}/wk","","","","","",,,1,,0,0,0,"","","","","",""
"fhs","vegetables","phv00477565","pht010752","ffq: carrots, raw","","MeasurementObservation","vege_serving","{servings}/wk","","","","","",,,1,,0,0,0,"","","","","",""
"fhs","vegetables","phv00478739","pht010754","ffq: carrots, raw (1/2 carrot or 2 - 4 sticks)","","MeasurementObservation","vege_serving","{servings}/wk","","","","","",,,1,,0,0,0,"","","","","",""
"fhs","vegetables","phv00068322","pht000681","ffq: carrots, raw (1/2 or 2-4 sticks)","","MeasurementObservation","vege_serving","{servings}/wk","phv00068713","FHS OFFSPRING EXAM 6","","","",,1,1,,0,0,0,"","","","","",""
"fhs","vegetables","phv00068890","pht000682","ffq: carrots, raw (1/2 or 2-4 sticks)","","MeasurementObservation","vege_serving","{servings}/wk","phv00069162","FHS OFFSPRING EXAM 7","","","",,1,1,,0,0,0,"","","","","",""
"fhs","vegetables","phv00069931","pht000680","ffq: carrots, raw (1/2 or 2-4 sticks)","","MeasurementObservation","vege_serving","{servings}/wk","phv00068241","FHS OFFSPRING EXAM 5","","","",,1,1,,0,0,0,"","","","","",""
"fhs","vegetables","phv00157466","pht002151","ffq: carrots, raw (1/2 or 2-4 sticks)","","MeasurementObservation","vege_serving","{servings}/wk","phv00157771","FHS ORIGINAL EXAM 20","","","",,1,1,,0,0,0,"","","","","",""
"fhs","vegetables","phv00157943","pht002152","ffq: carrots, raw (1/2 or 2-4 sticks)","","MeasurementObservation","vege_serving","{servings}/wk","phv00158091","FHS ORIGINAL EXAM 21","","","",,1,1,,0,0,0,"","","","","",""
"fhs","vegetables","phv00158260","pht002153","ffq: carrots, raw (1/2 or 2-4 sticks)","","MeasurementObservation","vege_serving","{servings}/wk","phv00158540","FHS ORIGINAL EXAM 22","","","",,1,1,,0,0,0,"","","","","",""
"fhs","vegetables","phv00478128","pht010753","ffq: carrots, raw (1/2 or 2-4 sticks)","","MeasurementObservation","vege_serving","{servings}/wk","","","","","",,,1,,0,0,0,"","","","","",""
"fhs","vegetables","phv00523727","pht012909","ffq: carrots, raw (1/2 or 2-4 sticks)","","MeasurementObservation","vege_serving","{servings}/wk","","","","","",,,1,,0,0,0,"","","","","",""
"fhs","vegetables","phv00156831","pht002150","ffq: cauliflower","1/2cup","MeasurementObservation","vege_serving","{servings}/wk","phv00157296","FHS GENERATION 3 EXAM 1","","","",,1,1,,0,0,0,"","","","","",""
"fhs","vegetables","phv00162191","pht002350","ffq: cauliflower","1/2cup","MeasurementObservation","vege_serving","{servings}/wk","phv00162112","FHS OFFSPRING EXAM 8","","","",,1,1,,0,0,0,"","","","","",""
"fhs","vegetables","phv00172520","pht002900","ffq: cauliflower","1/2cup","MeasurementObservation","vege_serving","{servings}/wk","phv00172393","FHS GENERATION 3, NEW OFFSPRING SPOUSE, OMNI 2 EXAM 2","","","",,1,1,,0,0,0,"","","","","",""
"fhs","vegetables","phv00477000","pht010751","ffq: cauliflower","","MeasurementObservation","vege_serving","{servings}/wk","","","","","",,,1,,0,0,0,"","","","","",""
"fhs","vegetables","phv00477563","pht010752","ffq: cauliflower","","MeasurementObservation","vege_serving","{servings}/wk","","","","","",,,1,,0,0,0,"","","","","",""
"fhs","vegetables","phv00068320","pht000681","ffq: cauliflower (1/2 cup)","","MeasurementObservation","vege_serving","{servings}/wk","phv00068713","FHS OFFSPRING EXAM 6","","","",,1,1,,0,0,0,"","","","","",""
"fhs","vegetables","phv00068888","pht000682","ffq: cauliflower (1/2 cup)","","MeasurementObservation","vege_serving","{servings}/wk","phv00069162","FHS OFFSPRING EXAM 7","","","",,1,1,,0,0,0,"","","","","",""
"fhs","vegetables","phv00069929","pht000680","ffq: cauliflower (1/2 cup)","","MeasurementObservation","vege_serving","{servings}/wk","phv00068241","FHS OFFSPRING EXAM 5","","","",,1,1,,0,0,0,"","","","","",""
"fhs","vegetables","phv00157464","pht002151","ffq: cauliflower (1/2 cup)","","MeasurementObservation","vege_serving","{servings}/wk","phv00157771","FHS ORIGINAL EXAM 20","","","",,1,1,,0,0,0,"","","","","",""
"fhs","vegetables","phv00157941","pht002152","ffq: cauliflower (1/2 cup)","","MeasurementObservation","vege_serving","{servings}/wk","phv00158091","FHS ORIGINAL EXAM 21","","","",,1,1,,0,0,0,"","","","","",""
"fhs","vegetables","phv00158258","pht002153","ffq: cauliflower (1/2 cup)","","MeasurementObservation","vege_serving","{servings}/wk","phv00158540","FHS ORIGINAL EXAM 22","","","",,1,1,,0,0,0,"","","","","",""
"fhs","vegetables","phv00478126","pht010753","ffq: cauliflower (1/2 cup)","","MeasurementObservation","vege_serving","{servings}/wk","","","","","",,,1,,0,0,0,"","","","","",""
"fhs","vegetables","phv00478736","pht010754","ffq: cauliflower (1/2 cup)","","MeasurementObservation","vege_serving","{servings}/wk","","","","","",,,1,,0,0,0,"","","","","",""
"fhs","vegetables","phv00523725","pht012909","ffq: cauliflower (1/2 cup)","","MeasurementObservation","vege_serving","{servings}/wk","","","","","",,,1,,0,0,0,"","","","","",""
"fhs","vegetables","phv00156847","pht002150","ffq: celery","4inchstick","MeasurementObservation","vege_serving","{servings}/wk","phv00157296","FHS GENERATION 3 EXAM 1","","","",,1,1,,0,0,0,"","","","","",""
"fhs","vegetables","phv00162207","pht002350","ffq: celery","4inchstick","MeasurementObservation","vege_serving","{servings}/wk","phv00162112","FHS OFFSPRING EXAM 8","","","",,1,1,,0,0,0,"","","","","",""
"fhs","vegetables","phv00172535","pht002900","ffq: celery","2-3sticks","MeasurementObservation","vege_serving","{servings}/wk","phv00172393","FHS GENERATION 3, NEW OFFSPRING SPOUSE, OMNI 2 EXAM 2","","","",,1,1,,0,0,0,"","","","","",""
"fhs","vegetables","phv00477016","pht010751","ffq: celery","","MeasurementObservation","vege_serving","{servings}/wk","","","","","",,,1,,0,0,0,"","","","","",""
"fhs","vegetables","phv00477579","pht010752","ffq: celery","","MeasurementObservation","vege_serving","{servings}/wk","","","","","",,,1,,0,0,0,"","","","","",""
"fhs","vegetables","phv00478751","pht010754","ffq: celery (2 - 3 sticks)","","MeasurementObservation","vege_serving","{servings}/wk","","","","","",,,1,,0,0,0,"","","","","",""
"fhs","vegetables","phv00069941","pht000680","ffq: celery (4 stick)","","MeasurementObservation","vege_serving","{servings}/wk","phv00068241","FHS OFFSPRING EXAM 5","","","",,1,1,,0,0,0,"","","","","",""
"fhs","vegetables","phv00068336","pht000681","ffq: celery (4"" stick)","","MeasurementObservation","vege_serving","{servings}/wk","phv00068713","FHS OFFSPRING EXAM 6","","","",,1,1,,0,0,0,"","","","","",""
"fhs","vegetables","phv00068904","pht000682","ffq: celery (4"" stick)","","MeasurementObservation","vege_serving","{servings}/wk","phv00069162","FHS OFFSPRING EXAM 7","","","",,1,1,,0,0,0,"","","","","",""
"fhs","vegetables","phv00157480","pht002151","ffq: celery (4"" stick)","","MeasurementObservation","vege_serving","{servings}/wk","phv00157771","FHS ORIGINAL EXAM 20","","","",,1,1,,0,0,0,"","","","","",""
"fhs","vegetables","phv00157957","pht002152","ffq: celery (4"" stick)","","MeasurementObservation","vege_serving","{servings}/wk","phv00158091","FHS ORIGINAL EXAM 21","","","",,1,1,,0,0,0,"","","","","",""
"fhs","vegetables","phv00158274","pht002153","ffq: celery (4"" stick)","","MeasurementObservation","vege_serving","{servings}/wk","phv00158540","FHS ORIGINAL EXAM 22","","","",,1,1,,0,0,0,"","","","","",""
"fhs","vegetables","phv00478142","pht010753","ffq: celery (4"" stick)","","MeasurementObservation","vege_serving","{servings}/wk","","","","","",,,1,,0,0,0,"","","","","",""
"fhs","vegetables","phv00523741","pht012909","ffq: celery (4"" stick)","","MeasurementObservation","vege_serving","{servings}/wk","","","","","",,,1,,0,0,0,"","","","","",""
"fhs","vegetables","phv00156835","pht002150","ffq: corn","1/2cup","MeasurementObservation","vege_serving","{servings}/wk","phv00157296","FHS GENERATION 3 EXAM 1","","","",,1,1,,0,0,0,"","","","","",""
"fhs","vegetables","phv00162195","pht002350","ffq: corn","1/2cup","MeasurementObservation","vege_serving","{servings}/wk","phv00162112","FHS OFFSPRING EXAM 8","","","",,1,1,,0,0,0,"","","","","",""
"fhs","vegetables","phv00477004","pht010751","ffq: corn","","MeasurementObservation","vege_serving","{servings}/wk","","","","","",,,1,,0,0,0,"","","","","",""
"fhs","vegetables","phv00477567","pht010752","ffq: corn","","MeasurementObservation","vege_serving","{servings}/wk","","","","","",,,1,,0,0,0,"","","","","",""
"fhs","vegetables","phv00068324","pht000681","ffq: corn (1 ear or 1/2 cup)","","MeasurementObservation","vege_serving","{servings}/wk","phv00068713","FHS OFFSPRING EXAM 6","","","",,1,1,,0,0,0,"","","","","",""
"fhs","vegetables","phv00068892","pht000682","ffq: corn (1 ear or 1/2 cup)","","MeasurementObservation","vege_serving","{servings}/wk","phv00069162","FHS OFFSPRING EXAM 7","","","",,1,1,,0,0,0,"","","","","",""
"fhs","vegetables","phv00157468","pht002151","ffq: corn (1 ear or 1/2 cup)","","MeasurementObservation","vege_serving","{servings}/wk","phv00157771","FHS ORIGINAL EXAM 20","","","",,1,1,,0,0,0,"","","","","",""
"fhs","vegetables","phv00157945","pht002152","ffq: corn (1 ear or 1/2 cup)","","MeasurementObservation","vege_serving","{servings}/wk","phv00158091","FHS ORIGINAL EXAM 21","","","",,1,1,,0,0,0,"","","","","",""
"fhs","vegetables","phv00158262","pht002153","ffq: corn (1 ear or 1/2 cup)","","MeasurementObservation","vege_serving","{servings}/wk","phv00158540","FHS ORIGINAL EXAM 22","","","",,1,1,,0,0,0,"","","","","",""
"fhs","vegetables","phv00478130","pht010753","ffq: corn (1 ear or 1/2 cup)","","MeasurementObservation","vege_serving","{servings}/wk","","","","","",,,1,,0,0,0,"","","","","",""
"fhs","vegetables","phv00478741","pht010754","ffq: corn (1 ear or 1/2 cup)","","MeasurementObservation","vege_serving","{servings}/wk","","","","","",,,1,,0,0,0,"","","","","",""
"fhs","vegetables","phv00523729","pht012909","ffq: corn (1 ear or 1/2 cup)","","MeasurementObservation","vege_serving","{servings}/wk","","","","","",,,1,,0,0,0,"","","","","",""
"fhs","vegetables","phv00172525","pht002900","ffq: corn (1 ear), or frozen or canned (1/2 cup)","1/2cup","MeasurementObservation","vege_serving","{servings}/wk","phv00172393","FHS GENERATION 3, NEW OFFSPRING SPOUSE, OMNI 2 EXAM 2","","","",,1,1,,0,0,0,"","","","","",""
"fhs","vegetables","phv00172528","pht002900","ffq: dark orange (winter) squash","1/2cup","MeasurementObservation","vege_serving","{servings}/wk","phv00172393","FHS GENERATION 3, NEW OFFSPRING SPOUSE, OMNI 2 EXAM 2","","","",,1,1,,0,0,0,"","","","","",""
"fhs","vegetables","phv00478744","pht010754","ffq: dark orange (winter) squash (1/2 cup)","","MeasurementObservation","vege_serving","{servings}/wk","","","","","",,,1,,0,0,0,"","","","","",""
"fhs","vegetables","phv00172529","pht002900","ffq: eggplant, zucchini or other summer squash","1/2cup","MeasurementObservation","vege_serving","{servings}/wk","phv00172393","FHS GENERATION 3, NEW OFFSPRING SPOUSE, OMNI 2 EXAM 2","","","",,1,1,,0,0,0,"","","","","",""
"fhs","vegetables","phv00068329","pht000681","ffq: eggplant, zucchini, summer squash (1/2 cup)","","MeasurementObservation","vege_serving","{servings}/wk","phv00068713","FHS OFFSPRING EXAM 6","","","",,1,1,,0,0,0,"","","","","",""
"fhs","vegetables","phv00068897","pht000682","ffq: eggplant, zucchini, summer squash (1/2 cup)","","MeasurementObservation","vege_serving","{servings}/wk","phv00069162","FHS OFFSPRING EXAM 7","","","",,1,1,,0,0,0,"","","","","",""
"fhs","vegetables","phv00069936","pht000680","ffq: eggplant, zucchini, summer squash (1/2 cup)","","MeasurementObservation","vege_serving","{servings}/wk","phv00068241","FHS OFFSPRING EXAM 5","","","",,1,1,,0,0,0,"","","","","",""
"fhs","vegetables","phv00157473","pht002151","ffq: eggplant, zucchini, summer squash (1/2 cup)","","MeasurementObservation","vege_serving","{servings}/wk","phv00157771","FHS ORIGINAL EXAM 20","","","",,1,1,,0,0,0,"","","","","",""
"fhs","vegetables","phv00157950","pht002152","ffq: eggplant, zucchini, summer squash (1/2 cup)","","MeasurementObservation","vege_serving","{servings}/wk","phv00158091","FHS ORIGINAL EXAM 21","","","",,1,1,,0,0,0,"","","","","",""
"fhs","vegetables","phv00158267","pht002153","ffq: eggplant, zucchini, summer squash (1/2 cup)","","MeasurementObservation","vege_serving","{servings}/wk","phv00158540","FHS ORIGINAL EXAM 22","","","",,1,1,,0,0,0,"","","","","",""
"fhs","vegetables","phv00478745","pht010754","ffq: eggplant, zuke, summer squash (1/2 cup)","","MeasurementObservation","vege_serving","{servings}/wk","","","","","",,,1,,0,0,0,"","","","","",""
"fhs","vegetables","phv00523734","pht012909","ffq: eggplnt, zucchini, sum sq (1/2 cup)","","MeasurementObservation","vege_serving","{servings}/wk","","","","","",,,1,,0,0,0,"","","","","",""
"fhs","vegetables","phv00156840","pht002150","ffq: eggplnt, zucchini, summer squash","1/2cup","MeasurementObservation","vege_serving","{servings}/wk","phv00157296","FHS GENERATION 3 EXAM 1","","","",,1,1,,0,0,0,"","","","","",""
"fhs","vegetables","phv00162200","pht002350","ffq: eggplnt, zucchini, summer squash","1/2cup","MeasurementObservation","vege_serving","{servings}/wk","phv00162112","FHS OFFSPRING EXAM 8","","","",,1,1,,0,0,0,"","","","","",""
"fhs","vegetables","phv00477009","pht010751","ffq: eggplnt, zucchini, summer squash","","MeasurementObservation","vege_serving","{servings}/wk","","","","","",,,1,,0,0,0,"","","","","",""
"fhs","vegetables","phv00477572","pht010752","ffq: eggplnt, zucchini, summer squash","","MeasurementObservation","vege_serving","{servings}/wk","","","","","",,,1,,0,0,0,"","","","","",""
"fhs","vegetables","phv00478135","pht010753","ffq: eggplnt, zucchini, summer squash (1/2 cup)","","MeasurementObservation","vege_serving","{servings}/wk","","","","","",,,1,,0,0,0,"","","","","",""
"fhs","vegetables","phv00156850","pht002150","ffq: garlic","1cloveorshake","MeasurementObservation","vege_serving","{servings}/wk","phv00157296","FHS GENERATION 3 EXAM 1","","","",,1,1,,0,0,0,"","","","","",""
"fhs","vegetables","phv00162210","pht002350","ffq: garlic","1cloveorshake","MeasurementObservation","vege_serving","{servings}/wk","phv00162112","FHS OFFSPRING EXAM 8","","","",,1,1,,0,0,0,"","","","","",""
"fhs","vegetables","phv00477019","pht010751","ffq: garlic","","MeasurementObservation","vege_serving","{servings}/wk","","","","","",,,1,,0,0,0,"","","","","",""
"fhs","vegetables","phv00477582","pht010752","ffq: garlic","","MeasurementObservation","vege_serving","{servings}/wk","","","","","",,,1,,0,0,0,"","","","","",""
"fhs","vegetables","phv00068339","pht000681","ffq: garlic (1 clove or shake)","","MeasurementObservation","vege_serving","{servings}/wk","phv00068713","FHS OFFSPRING EXAM 6","","","",,1,1,,0,0,0,"","","","","",""
"fhs","vegetables","phv00068907","pht000682","ffq: garlic (1 clove or shake)","","MeasurementObservation","vege_serving","{servings}/wk","phv00069162","FHS OFFSPRING EXAM 7","","","",,1,1,,0,0,0,"","","","","",""
"fhs","vegetables","phv00069944","pht000680","ffq: garlic (1 clove or shake)","","MeasurementObservation","vege_serving","{servings}/wk","phv00068241","FHS OFFSPRING EXAM 5","","","",,1,1,,0,0,0,"","","","","",""
"fhs","vegetables","phv00157483","pht002151","ffq: garlic (1 clove or shake)","","MeasurementObservation","vege_serving","{servings}/wk","phv00157771","FHS ORIGINAL EXAM 20","","","",,1,1,,0,0,0,"","","","","",""
"fhs","vegetables","phv00157960","pht002152","ffq: garlic (1 clove or shake)","","MeasurementObservation","vege_serving","{servings}/wk","phv00158091","FHS ORIGINAL EXAM 21","","","",,1,1,,0,0,0,"","","","","",""
"fhs","vegetables","phv00158277","pht002153","ffq: garlic (1 clove or shake)","","MeasurementObservation","vege_serving","{servings}/wk","phv00158540","FHS ORIGINAL EXAM 22","","","",,1,1,,0,0,0,"","","","","",""
"fhs","vegetables","phv00478145","pht010753","ffq: garlic (1 clove or shake)","","MeasurementObservation","vege_serving","{servings}/wk","","","","","",,,1,,0,0,0,"","","","","",""
"fhs","vegetables","phv00523744","pht012909","ffq: garlic (1 clove or shake)","","MeasurementObservation","vege_serving","{servings}/wk","","","","","",,,1,,0,0,0,"","","","","",""
"fhs","vegetables","phv00156845","pht002150","ffq: iceberg or head lettuce","{servings}","MeasurementObservation","vege_serving","{servings}/wk","phv00157296","FHS GENERATION 3 EXAM 1","","","",,1,1,,0,0,0,"","","","","",""
"fhs","vegetables","phv00162205","pht002350","ffq: iceberg or head lettuce","{servings}","MeasurementObservation","vege_serving","{servings}/wk","phv00162112","FHS OFFSPRING EXAM 8","","","",,1,1,,0,0,0,"","","","","",""
"fhs","vegetables","phv00172533","pht002900","ffq: iceberg or head lettuce","{servings}","MeasurementObservation","vege_serving","{servings}/wk","phv00172393","FHS GENERATION 3, NEW OFFSPRING SPOUSE, OMNI 2 EXAM 2","","","",,1,1,,0,0,0,"","","","","",""
"fhs","vegetables","phv00477014","pht010751","ffq: iceberg or head lettuce","","MeasurementObservation","vege_serving","{servings}/wk","","","","","",,,1,,0,0,0,"","","","","",""
"fhs","vegetables","phv00477577","pht010752","ffq: iceberg or head lettuce","","MeasurementObservation","vege_serving","{servings}/wk","","","","","",,,1,,0,0,0,"","","","","",""
"fhs","vegetables","phv00478749","pht010754","ffq: iceberg or head lettuce (1 serving)","","MeasurementObservation","vege_serving","{servings}/wk","","","","","",,,1,,0,0,0,"","","","","",""
"fhs","vegetables","phv00068334","pht000681","ffq: iceberg or head lettuce (serving)","","MeasurementObservation","vege_serving","{servings}/wk","phv00068713","FHS OFFSPRING EXAM 6","","","",,1,1,,0,0,0,"","","","","",""
"fhs","vegetables","phv00068902","pht000682","ffq: iceberg or head lettuce (serving)","","MeasurementObservation","vege_serving","{servings}/wk","phv00069162","FHS OFFSPRING EXAM 7","","","",,1,1,,0,0,0,"","","","","",""
"fhs","vegetables","phv00069939","pht000680","ffq: iceberg or head lettuce (serving)","","MeasurementObservation","vege_serving","{servings}/wk","phv00068241","FHS OFFSPRING EXAM 5","","","",,1,1,,0,0,0,"","","","","",""
"fhs","vegetables","phv00157478","pht002151","ffq: iceberg or head lettuce (serving)","","MeasurementObservation","vege_serving","{servings}/wk","phv00157771","FHS ORIGINAL EXAM 20","","","",,1,1,,0,0,0,"","","","","",""
"fhs","vegetables","phv00157955","pht002152","ffq: iceberg or head lettuce (serving)","","MeasurementObservation","vege_serving","{servings}/wk","phv00158091","FHS ORIGINAL EXAM 21","","","",,1,1,,0,0,0,"","","","","",""
"fhs","vegetables","phv00158272","pht002153","ffq: iceberg or head lettuce (serving)","","MeasurementObservation","vege_serving","{servings}/wk","phv00158540","FHS ORIGINAL EXAM 22","","","",,1,1,,0,0,0,"","","","","",""
"fhs","vegetables","phv00478140","pht010753","ffq: iceberg or head lettuce (serving)","","MeasurementObservation","vege_serving","{servings}/wk","","","","","",,,1,,0,0,0,"","","","","",""
"fhs","vegetables","phv00523739","pht012909","ffq: iceberg or head lettuce (serving)","","MeasurementObservation","vege_serving","{servings}/wk","","","","","",,,1,,0,0,0,"","","","","",""
"fhs","vegetables","phv00523738","pht012909","ffq: kale, mstrd, chard greens (1/2 cup)","","MeasurementObservation","vege_serving","{servings}/wk","","","","","",,,1,,0,0,0,"","","","","",""
"fhs","vegetables","phv00172530","pht002900","ffq: kale, mustard greens or chard","1/2cup","MeasurementObservation","vege_serving","{servings}/wk","phv00172393","FHS GENERATION 3, NEW OFFSPRING SPOUSE, OMNI 2 EXAM 2","","","",,1,1,,0,0,0,"","","","","",""
"fhs","vegetables","phv00478746","pht010754","ffq: kale, mustard greens, or chard (1/2 cup)","","MeasurementObservation","vege_serving","{servings}/wk","","","","","",,,1,,0,0,0,"","","","","",""
"fhs","vegetables","phv00156844","pht002150","ffq: kale, mustard, chard greens","1/2cup","MeasurementObservation","vege_serving","{servings}/wk","phv00157296","FHS GENERATION 3 EXAM 1","","","",,1,1,,0,0,0,"","","","","",""
"fhs","vegetables","phv00162204","pht002350","ffq: kale, mustard, chard greens","1/2cup","MeasurementObservation","vege_serving","{servings}/wk","phv00162112","FHS OFFSPRING EXAM 8","","","",,1,1,,0,0,0,"","","","","",""
"fhs","vegetables","phv00477013","pht010751","ffq: kale, mustard, chard greens","","MeasurementObservation","vege_serving","{servings}/wk","","","","","",,,1,,0,0,0,"","","","","",""
"fhs","vegetables","phv00477576","pht010752","ffq: kale, mustard, chard greens","","MeasurementObservation","vege_serving","{servings}/wk","","","","","",,,1,,0,0,0,"","","","","",""
"fhs","vegetables","phv00068333","pht000681","ffq: kale, mustard, chard greens (1/2 cup)","","MeasurementObservation","vege_serving","{servings}/wk","phv00068713","FHS OFFSPRING EXAM 6","","","",,1,1,,0,0,0,"","","","","",""
"fhs","vegetables","phv00068901","pht000682","ffq: kale, mustard, chard greens (1/2 cup)","","MeasurementObservation","vege_serving","{servings}/wk","phv00069162","FHS OFFSPRING EXAM 7","","","",,1,1,,0,0,0,"","","","","",""
"fhs","vegetables","phv00157477","pht002151","ffq: kale, mustard, chard greens (1/2 cup)","","MeasurementObservation","vege_serving","{servings}/wk","phv00157771","FHS ORIGINAL EXAM 20","","","",,1,1,,0,0,0,"","","","","",""
"fhs","vegetables","phv00157954","pht002152","ffq: kale, mustard, chard greens (1/2 cup)","","MeasurementObservation","vege_serving","{servings}/wk","phv00158091","FHS ORIGINAL EXAM 21","","","",,1,1,,0,0,0,"","","","","",""
"fhs","vegetables","phv00158271","pht002153","ffq: kale, mustard, chard greens (1/2 cup)","","MeasurementObservation","vege_serving","{servings}/wk","phv00158540","FHS ORIGINAL EXAM 22","","","",,1,1,,0,0,0,"","","","","",""
"fhs","vegetables","phv00478139","pht010753","ffq: kale, mustard, chard greens (1/2 cup)","","MeasurementObservation","vege_serving","{servings}/wk","","","","","",,,1,,0,0,0,"","","","","",""
"fhs","vegetables","phv00478742","pht010754","ffq: mixed or stir fry veggies (1/2 cup), veg. soup (1 cup)","","MeasurementObservation","vege_serving","{servings}/wk","","","","","",,,1,,0,0,0,"","","","","",""
"fhs","vegetables","phv00172526","pht002900","ffq: mixed or stir-fry vegetables (1/2 cup), or vegetable soup (1 cup)","1/2cup","MeasurementObservation","vege_serving","{servings}/wk","phv00172393","FHS GENERATION 3, NEW OFFSPRING SPOUSE, OMNI 2 EXAM 2","","","",,1,1,,0,0,0,"","","","","",""
"fhs","vegetables","phv00156837","pht002150","ffq: mixed vegetables","1/2cup","MeasurementObservation","vege_serving","{servings}/wk","phv00157296","FHS GENERATION 3 EXAM 1","","","",,1,1,,0,0,0,"","","","","",""
"fhs","vegetables","phv00162197","pht002350","ffq: mixed vegetables","1/2cup","MeasurementObservation","vege_serving","{servings}/wk","phv00162112","FHS OFFSPRING EXAM 8","","","",,1,1,,0,0,0,"","","","","",""
"fhs","vegetables","phv00477006","pht010751","ffq: mixed vegetables","","MeasurementObservation","vege_serving","{servings}/wk","","","","","",,,1,,0,0,0,"","","","","",""
"fhs","vegetables","phv00477569","pht010752","ffq: mixed vegetables","","MeasurementObservation","vege_serving","{servings}/wk","","","","","",,,1,,0,0,0,"","","","","",""
"fhs","vegetables","phv00068326","pht000681","ffq: mixed vegetables (1/2 cup)","","MeasurementObservation","vege_serving","{servings}/wk","phv00068713","FHS OFFSPRING EXAM 6","","","",,1,1,,0,0,0,"","","","","",""
"fhs","vegetables","phv00068894","pht000682","ffq: mixed vegetables (1/2 cup)","","MeasurementObservation","vege_serving","{servings}/wk","phv00069162","FHS OFFSPRING EXAM 7","","","",,1,1,,0,0,0,"","","","","",""
"fhs","vegetables","phv00069933","pht000680","ffq: mixed vegetables (1/2 cup)","","MeasurementObservation","vege_serving","{servings}/wk","phv00068241","FHS OFFSPRING EXAM 5","","","",,1,1,,0,0,0,"","","","","",""
"fhs","vegetables","phv00157470","pht002151","ffq: mixed vegetables (1/2 cup)","","MeasurementObservation","vege_serving","{servings}/wk","phv00157771","FHS ORIGINAL EXAM 20","","","",,1,1,,0,0,0,"","","","","",""
"fhs","vegetables","phv00157947","pht002152","ffq: mixed vegetables (1/2 cup)","","MeasurementObservation","vege_serving","{servings}/wk","phv00158091","FHS ORIGINAL EXAM 21","","","",,1,1,,0,0,0,"","","","","",""
"fhs","vegetables","phv00158264","pht002153","ffq: mixed vegetables (1/2 cup)","","MeasurementObservation","vege_serving","{servings}/wk","phv00158540","FHS ORIGINAL EXAM 22","","","",,1,1,,0,0,0,"","","","","",""
"fhs","vegetables","phv00478132","pht010753","ffq: mixed vegetables (1/2 cup)","","MeasurementObservation","vege_serving","{servings}/wk","","","","","",,,1,,0,0,0,"","","","","",""
"fhs","vegetables","phv00523731","pht012909","ffq: mixed vegetables (1/2 cup)","","MeasurementObservation","vege_serving","{servings}/wk","","","","","",,,1,,0,0,0,"","","","","",""
"fhs","vegetables","phv00172538","pht002900","ffq: onions as a cooked vegetable, rings or soup","1/2cup","MeasurementObservation","vege_serving","{servings}/wk","phv00172393","FHS GENERATION 3, NEW OFFSPRING SPOUSE, OMNI 2 EXAM 2","","","",,1,1,,0,0,0,"","","","","",""
"fhs","vegetables","phv00172537","pht002900","ffq: onions as a garnish or in a salad","1slice","MeasurementObservation","vege_serving","{servings}/wk","phv00172393","FHS GENERATION 3, NEW OFFSPRING SPOUSE, OMNI 2 EXAM 2","","","",,1,1,,0,0,0,"","","","","",""
"fhs","vegetables","phv00478753","pht010754","ffq: onions as garnish or in salad (1 slice)","","MeasurementObservation","vege_serving","{servings}/wk","","","","","",,,1,,0,0,0,"","","","","",""
"fhs","vegetables","phv00478754","pht010754","ffq: onions, cooked (1/2 cup)","","MeasurementObservation","vege_serving","{servings}/wk","","","","","",,,1,,0,0,0,"","","","","",""
"fhs","vegetables","phv00156836","pht002150","ffq: peas or lima beans","1/2cup","MeasurementObservation","vege_serving","{servings}/wk","phv00157296","FHS GENERATION 3 EXAM 1","","","",,1,1,,0,0,0,"","","","","",""
"fhs","vegetables","phv00162196","pht002350","ffq: peas or lima beans","1/2cup","MeasurementObservation","vege_serving","{servings}/wk","phv00162112","FHS OFFSPRING EXAM 8","","","",,1,1,,0,0,0,"","","","","",""
"fhs","vegetables","phv00477005","pht010751","ffq: peas or lima beans","","MeasurementObservation","vege_serving","{servings}/wk","","","","","",,,1,,0,0,0,"","","","","",""
"fhs","vegetables","phv00477568","pht010752","ffq: peas or lima beans","","MeasurementObservation","vege_serving","{servings}/wk","","","","","",,,1,,0,0,0,"","","","","",""
"fhs","vegetables","phv00068325","pht000681","ffq: peas or lima beans (1/2 cup)","","MeasurementObservation","vege_serving","{servings}/wk","phv00068713","FHS OFFSPRING EXAM 6","","","",,1,1,,0,0,0,"","","","","",""
"fhs","vegetables","phv00068893","pht000682","ffq: peas or lima beans (1/2 cup)","","MeasurementObservation","vege_serving","{servings}/wk","phv00069162","FHS OFFSPRING EXAM 7","","","",,1,1,,0,0,0,"","","","","",""
"fhs","vegetables","phv00157469","pht002151","ffq: peas or lima beans (1/2 cup)","","MeasurementObservation","vege_serving","{servings}/wk","phv00157771","FHS ORIGINAL EXAM 20","","","",,1,1,,0,0,0,"","","","","",""
"fhs","vegetables","phv00157946","pht002152","ffq: peas or lima beans (1/2 cup)","","MeasurementObservation","vege_serving","{servings}/wk","phv00158091","FHS ORIGINAL EXAM 21","","","",,1,1,,0,0,0,"","","","","",""
"fhs","vegetables","phv00158263","pht002153","ffq: peas or lima beans (1/2 cup)","","MeasurementObservation","vege_serving","{servings}/wk","phv00158540","FHS ORIGINAL EXAM 22","","","",,1,1,,0,0,0,"","","","","",""
"fhs","vegetables","phv00478131","pht010753","ffq: peas or lima beans (1/2 cup)","","MeasurementObservation","vege_serving","{servings}/wk","","","","","",,,1,,0,0,0,"","","","","",""
"fhs","vegetables","phv00478734","pht010754","ffq: peas or lima beans (1/2 cup)","","MeasurementObservation","vege_serving","{servings}/wk","","","","","",,,1,,0,0,0,"","","","","",""
"fhs","vegetables","phv00523730","pht012909","ffq: peas or lima beans (1/2 cup)","","MeasurementObservation","vege_serving","{servings}/wk","","","","","",,,1,,0,0,0,"","","","","",""
"fhs","vegetables","phv00172518","pht002900","ffq: peas or lima beans, fresh, frozen or canned","1/2cup","MeasurementObservation","vege_serving","{servings}/wk","phv00172393","FHS GENERATION 3, NEW OFFSPRING SPOUSE, OMNI 2 EXAM 2","","","",,1,1,,0,0,0,"","","","","",""
"fhs","vegetables","phv00478752","pht010754","ffq: peppers (3 slices)","","MeasurementObservation","vege_serving","{servings}/wk","","","","","",,,1,,0,0,0,"","","","","",""
"fhs","vegetables","phv00172536","pht002900","ffq: peppers - green, yellow or red","3slices","MeasurementObservation","vege_serving","{servings}/wk","phv00172393","FHS GENERATION 3, NEW OFFSPRING SPOUSE, OMNI 2 EXAM 2","","","",,1,1,,0,0,0,"","","","","",""
"fhs","vegetables","phv00156826","pht002150","ffq: red chili sauce","[tbs_us]","MeasurementObservation","vege_serving","{servings}/wk","phv00157296","FHS GENERATION 3 EXAM 1","","","",,1,1,,0,0,0,"","","","","",""
"fhs","vegetables","phv00162186","pht002350","ffq: red chili sauce","[tbs_us]","MeasurementObservation","vege_serving","{servings}/wk","phv00162112","FHS OFFSPRING EXAM 8","","","",,1,1,,0,0,0,"","","","","",""
"fhs","vegetables","phv00476995","pht010751","ffq: red chili sauce","","MeasurementObservation","vege_serving","{servings}/wk","","","","","",,,1,,0,0,0,"","","","","",""
"fhs","vegetables","phv00477558","pht010752","ffq: red chili sauce","","MeasurementObservation","vege_serving","{servings}/wk","","","","","",,,1,,0,0,0,"","","","","",""
"fhs","vegetables","phv00068315","pht000681","ffq: red chili sauce (1 tbs)","","MeasurementObservation","vege_serving","{servings}/wk","phv00068713","FHS OFFSPRING EXAM 6","","","",,1,1,,0,0,0,"","","","","",""
"fhs","vegetables","phv00068883","pht000682","ffq: red chili sauce (1 tbs)","","MeasurementObservation","vege_serving","{servings}/wk","phv00069162","FHS OFFSPRING EXAM 7","","","",,1,1,,0,0,0,"","","","","",""
"fhs","vegetables","phv00069925","pht000680","ffq: red chili sauce (1 tbs)","","MeasurementObservation","vege_serving","{servings}/wk","phv00068241","FHS OFFSPRING EXAM 5","","","",,1,1,,0,0,0,"","","","","",""
"fhs","vegetables","phv00157459","pht002151","ffq: red chili sauce (1 tbs)","","MeasurementObservation","vege_serving","{servings}/wk","phv00157771","FHS ORIGINAL EXAM 20","","","",,1,1,,0,0,0,"","","","","",""
"fhs","vegetables","phv00157936","pht002152","ffq: red chili sauce (1 tbs)","","MeasurementObservation","vege_serving","{servings}/wk","phv00158091","FHS ORIGINAL EXAM 21","","","",,1,1,,0,0,0,"","","","","",""
"fhs","vegetables","phv00158253","pht002153","ffq: red chili sauce (1 tbs)","","MeasurementObservation","vege_serving","{servings}/wk","phv00158540","FHS ORIGINAL EXAM 22","","","",,1,1,,0,0,0,"","","","","",""
"fhs","vegetables","phv00478121","pht010753","ffq: red chili sauce (1 tbs)","","MeasurementObservation","vege_serving","{servings}/wk","","","","","",,,1,,0,0,0,"","","","","",""
"fhs","vegetables","phv00523720","pht012909","ffq: red chili sauce (1 tbs)","","MeasurementObservation","vege_serving","{servings}/wk","","","","","",,,1,,0,0,0,"","","","","",""
"fhs","vegetables","phv00156846","pht002150","ffq: romaine or leaf lettuce","{servings}","MeasurementObservation","vege_serving","{servings}/wk","phv00157296","FHS GENERATION 3 EXAM 1","","","",,1,1,,0,0,0,"","","","","",""
"fhs","vegetables","phv00162206","pht002350","ffq: romaine or leaf lettuce","{servings}","MeasurementObservation","vege_serving","{servings}/wk","phv00162112","FHS OFFSPRING EXAM 8","","","",,1,1,,0,0,0,"","","","","",""
"fhs","vegetables","phv00172534","pht002900","ffq: romaine or leaf lettuce","{servings}","MeasurementObservation","vege_serving","{servings}/wk","phv00172393","FHS GENERATION 3, NEW OFFSPRING SPOUSE, OMNI 2 EXAM 2","","","",,1,1,,0,0,0,"","","","","",""
"fhs","vegetables","phv00477015","pht010751","ffq: romaine or leaf lettuce","","MeasurementObservation","vege_serving","{servings}/wk","","","","","",,,1,,0,0,0,"","","","","",""
"fhs","vegetables","phv00477578","pht010752","ffq: romaine or leaf lettuce","","MeasurementObservation","vege_serving","{servings}/wk","","","","","",,,1,,0,0,0,"","","","","",""
"fhs","vegetables","phv00478750","pht010754","ffq: romaine or leaf lettuce (1 serving)","","MeasurementObservation","vege_serving","{servings}/wk","","","","","",,,1,,0,0,0,"","","","","",""
"fhs","vegetables","phv00068335","pht000681","ffq: romaine or leaf lettuce (serving)","","MeasurementObservation","vege_serving","{servings}/wk","phv00068713","FHS OFFSPRING EXAM 6","","","",,1,1,,0,0,0,"","","","","",""
"fhs","vegetables","phv00068903","pht000682","ffq: romaine or leaf lettuce (serving)","","MeasurementObservation","vege_serving","{servings}/wk","phv00069162","FHS OFFSPRING EXAM 7","","","",,1,1,,0,0,0,"","","","","",""
"fhs","vegetables","phv00069940","pht000680","ffq: romaine or leaf lettuce (serving)","","MeasurementObservation","vege_serving","{servings}/wk","phv00068241","FHS OFFSPRING EXAM 5","","","",,1,1,,0,0,0,"","","","","",""
"fhs","vegetables","phv00157479","pht002151","ffq: romaine or leaf lettuce (serving)","","MeasurementObservation","vege_serving","{servings}/wk","phv00157771","FHS ORIGINAL EXAM 20","","","",,1,1,,0,0,0,"","","","","",""
"fhs","vegetables","phv00157956","pht002152","ffq: romaine or leaf lettuce (serving)","","MeasurementObservation","vege_serving","{servings}/wk","phv00158091","FHS ORIGINAL EXAM 21","","","",,1,1,,0,0,0,"","","","","",""
"fhs","vegetables","phv00158273","pht002153","ffq: romaine or leaf lettuce (serving)","","MeasurementObservation","vege_serving","{servings}/wk","phv00158540","FHS ORIGINAL EXAM 22","","","",,1,1,,0,0,0,"","","","","",""
"fhs","vegetables","phv00478141","pht010753","ffq: romaine or leaf lettuce (serving)","","MeasurementObservation","vege_serving","{servings}/wk","","","","","",,,1,,0,0,0,"","","","","",""
"fhs","vegetables","phv00523740","pht012909","ffq: romaine or leaf lettuce (serving)","","MeasurementObservation","vege_serving","{servings}/wk","","","","","",,,1,,0,0,0,"","","","","",""
"fhs","vegetables","phv00172514","pht002900","ffq: salsa, picante or taco sauce","1/4cup","MeasurementObservation","vege_serving","{servings}/wk","phv00172393","FHS GENERATION 3, NEW OFFSPRING SPOUSE, OMNI 2 EXAM 2","","","",,1,1,,0,0,0,"","","","","",""
"fhs","vegetables","phv00478730","pht010754","ffq: salsa, picante, taco sauce (1/4 cup)","","MeasurementObservation","vege_serving","{servings}/wk","","","","","",,,1,,0,0,0,"","","","","",""
"fhs","vegetables","phv00156842","pht002150","ffq: spinach, cooked","1/2cup","MeasurementObservation","vege_serving","{servings}/wk","phv00157296","FHS GENERATION 3 EXAM 1","","","",,1,1,,0,0,0,"","","","","",""
"fhs","vegetables","phv00162202","pht002350","ffq: spinach, cooked","1/2cup","MeasurementObservation","vege_serving","{servings}/wk","phv00162112","FHS OFFSPRING EXAM 8","","","",,1,1,,0,0,0,"","","","","",""
"fhs","vegetables","phv00172531","pht002900","ffq: spinach, cooked","1/2cup","MeasurementObservation","vege_serving","{servings}/wk","phv00172393","FHS GENERATION 3, NEW OFFSPRING SPOUSE, OMNI 2 EXAM 2","","","",,1,1,,0,0,0,"","","","","",""
"fhs","vegetables","phv00477011","pht010751","ffq: spinach, cooked","","MeasurementObservation","vege_serving","{servings}/wk","","","","","",,,1,,0,0,0,"","","","","",""
"fhs","vegetables","phv00477574","pht010752","ffq: spinach, cooked","","MeasurementObservation","vege_serving","{servings}/wk","","","","","",,,1,,0,0,0,"","","","","",""
"fhs","vegetables","phv00068331","pht000681","ffq: spinach, cooked (1/2 cup)","","MeasurementObservation","vege_serving","{servings}/wk","phv00068713","FHS OFFSPRING EXAM 6","","","",,1,1,,0,0,0,"","","","","",""
"fhs","vegetables","phv00068899","pht000682","ffq: spinach, cooked (1/2 cup)","","MeasurementObservation","vege_serving","{servings}/wk","phv00069162","FHS OFFSPRING EXAM 7","","","",,1,1,,0,0,0,"","","","","",""
"fhs","vegetables","phv00069937","pht000680","ffq: spinach, cooked (1/2 cup)","","MeasurementObservation","vege_serving","{servings}/wk","phv00068241","FHS OFFSPRING EXAM 5","","","",,1,1,,0,0,0,"","","","","",""
"fhs","vegetables","phv00157475","pht002151","ffq: spinach, cooked (1/2 cup)","","MeasurementObservation","vege_serving","{servings}/wk","phv00157771","FHS ORIGINAL EXAM 20","","","",,1,1,,0,0,0,"","","","","",""
"fhs","vegetables","phv00157952","pht002152","ffq: spinach, cooked (1/2 cup)","","MeasurementObservation","vege_serving","{servings}/wk","phv00158091","FHS ORIGINAL EXAM 21","","","",,1,1,,0,0,0,"","","","","",""
"fhs","vegetables","phv00158269","pht002153","ffq: spinach, cooked (1/2 cup)","","MeasurementObservation","vege_serving","{servings}/wk","phv00158540","FHS ORIGINAL EXAM 22","","","",,1,1,,0,0,0,"","","","","",""
"fhs","vegetables","phv00478137","pht010753","ffq: spinach, cooked (1/2 cup)","","MeasurementObservation","vege_serving","{servings}/wk","","","","","",,,1,,0,0,0,"","","","","",""
"fhs","vegetables","phv00478747","pht010754","ffq: spinach, cooked (1/2 cup)","","MeasurementObservation","vege_serving","{servings}/wk","","","","","",,,1,,0,0,0,"","","","","",""
"fhs","vegetables","phv00523736","pht012909","ffq: spinach, cooked (1/2 cup)","","MeasurementObservation","vege_serving","{servings}/wk","","","","","",,,1,,0,0,0,"","","","","",""
"fhs","vegetables","phv00156843","pht002150","ffq: spinach, raw","1/2cup","MeasurementObservation","vege_serving","{servings}/wk","phv00157296","FHS GENERATION 3 EXAM 1","","","",,1,1,,0,0,0,"","","","","",""
"fhs","vegetables","phv00162203","pht002350","ffq: spinach, raw","1/2cup","MeasurementObservation","vege_serving","{servings}/wk","phv00162112","FHS OFFSPRING EXAM 8","","","",,1,1,,0,0,0,"","","","","",""
"fhs","vegetables","phv00172532","pht002900","ffq: spinach, raw","1/2cup","MeasurementObservation","vege_serving","{servings}/wk","phv00172393","FHS GENERATION 3, NEW OFFSPRING SPOUSE, OMNI 2 EXAM 2","","","",,1,1,,0,0,0,"","","","","",""
"fhs","vegetables","phv00477012","pht010751","ffq: spinach, raw","","MeasurementObservation","vege_serving","{servings}/wk","","","","","",,,1,,0,0,0,"","","","","",""
"fhs","vegetables","phv00477575","pht010752","ffq: spinach, raw","","MeasurementObservation","vege_serving","{servings}/wk","","","","","",,,1,,0,0,0,"","","","","",""
"fhs","vegetables","phv00068332","pht000681","ffq: spinach, raw (1/2 cup)","","MeasurementObservation","vege_serving","{servings}/wk","phv00068713","FHS OFFSPRING EXAM 6","","","",,1,1,,0,0,0,"","","","","",""
"fhs","vegetables","phv00068900","pht000682","ffq: spinach, raw (1/2 cup)","","MeasurementObservation","vege_serving","{servings}/wk","phv00069162","FHS OFFSPRING EXAM 7","","","",,1,1,,0,0,0,"","","","","",""
"fhs","vegetables","phv00069938","pht000680","ffq: spinach, raw (1/2 cup)","","MeasurementObservation","vege_serving","{servings}/wk","phv00068241","FHS OFFSPRING EXAM 5","","","",,1,1,,0,0,0,"","","","","",""
"fhs","vegetables","phv00157476","pht002151","ffq: spinach, raw (1/2 cup)","","MeasurementObservation","vege_serving","{servings}/wk","phv00157771","FHS ORIGINAL EXAM 20","","","",,1,1,,0,0,0,"","","","","",""
"fhs","vegetables","phv00157953","pht002152","ffq: spinach, raw (1/2 cup)","","MeasurementObservation","vege_serving","{servings}/wk","phv00158091","FHS ORIGINAL EXAM 21","","","",,1,1,,0,0,0,"","","","","",""
"fhs","vegetables","phv00158270","pht002153","ffq: spinach, raw (1/2 cup)","","MeasurementObservation","vege_serving","{servings}/wk","phv00158540","FHS ORIGINAL EXAM 22","","","",,1,1,,0,0,0,"","","","","",""
"fhs","vegetables","phv00478138","pht010753","ffq: spinach, raw (1/2 cup)","","MeasurementObservation","vege_serving","{servings}/wk","","","","","",,,1,,0,0,0,"","","","","",""
"fhs","vegetables","phv00523737","pht012909","ffq: spinach, raw (1/2 cup)","","MeasurementObservation","vege_serving","{servings}/wk","","","","","",,,1,,0,0,0,"","","","","",""
"fhs","vegetables","phv00478748","pht010754","ffq: spinach, raw as in salad (1 cup)","","MeasurementObservation","vege_serving","{servings}/wk","","","","","",,,1,,0,0,0,"","","","","",""
"fhs","vegetables","phv00156828","pht002150","ffq: string beans","1/2cup","MeasurementObservation","vege_serving","{servings}/wk","phv00157296","FHS GENERATION 3 EXAM 1","","","",,1,1,,0,0,0,"","","","","",""
"fhs","vegetables","phv00162188","pht002350","ffq: string beans","1/2cup","MeasurementObservation","vege_serving","{servings}/wk","phv00162112","FHS OFFSPRING EXAM 8","","","",,1,1,,0,0,0,"","","","","",""
"fhs","vegetables","phv00172515","pht002900","ffq: string beans","1/2cup","MeasurementObservation","vege_serving","{servings}/wk","phv00172393","FHS GENERATION 3, NEW OFFSPRING SPOUSE, OMNI 2 EXAM 2","","","",,1,1,,0,0,0,"","","","","",""
"fhs","vegetables","phv00476997","pht010751","ffq: string beans","","MeasurementObservation","vege_serving","{servings}/wk","","","","","",,,1,,0,0,0,"","","","","",""
"fhs","vegetables","phv00477560","pht010752","ffq: string beans","","MeasurementObservation","vege_serving","{servings}/wk","","","","","",,,1,,0,0,0,"","","","","",""
"fhs","vegetables","phv00068317","pht000681","ffq: string beans (1/2 cup)","","MeasurementObservation","vege_serving","{servings}/wk","phv00068713","FHS OFFSPRING EXAM 6","","","",,1,1,,0,0,0,"","","","","",""
"fhs","vegetables","phv00068885","pht000682","ffq: string beans (1/2 cup)","","MeasurementObservation","vege_serving","{servings}/wk","phv00069162","FHS OFFSPRING EXAM 7","","","",,1,1,,0,0,0,"","","","","",""
"fhs","vegetables","phv00069926","pht000680","ffq: string beans (1/2 cup)","","MeasurementObservation","vege_serving","{servings}/wk","phv00068241","FHS OFFSPRING EXAM 5","","","",,1,1,,0,0,0,"","","","","",""
"fhs","vegetables","phv00157461","pht002151","ffq: string beans (1/2 cup)","","MeasurementObservation","vege_serving","{servings}/wk","phv00157771","FHS ORIGINAL EXAM 20","","","",,1,1,,0,0,0,"","","","","",""
"fhs","vegetables","phv00157938","pht002152","ffq: string beans (1/2 cup)","","MeasurementObservation","vege_serving","{servings}/wk","phv00158091","FHS ORIGINAL EXAM 21","","","",,1,1,,0,0,0,"","","","","",""
"fhs","vegetables","phv00158255","pht002153","ffq: string beans (1/2 cup)","","MeasurementObservation","vege_serving","{servings}/wk","phv00158540","FHS ORIGINAL EXAM 22","","","",,1,1,,0,0,0,"","","","","",""
"fhs","vegetables","phv00478123","pht010753","ffq: string beans (1/2 cup)","","MeasurementObservation","vege_serving","{servings}/wk","","","","","",,,1,,0,0,0,"","","","","",""
"fhs","vegetables","phv00478731","pht010754","ffq: string beans (1/2 cup)","","MeasurementObservation","vege_serving","{servings}/wk","","","","","",,,1,,0,0,0,"","","","","",""
"fhs","vegetables","phv00523722","pht012909","ffq: string beans (1/2 cup)","","MeasurementObservation","vege_serving","{servings}/wk","","","","","",,,1,,0,0,0,"","","","","",""
"fhs","vegetables","phv00156827","pht002150","ffq: tofu or soybeans","[oz_av]","MeasurementObservation","vege_serving","{servings}/wk","phv00157296","FHS GENERATION 3 EXAM 1","","","",,1,1,,0,0,0,"","","","","",""
"fhs","vegetables","phv00162187","pht002350","ffq: tofu or soybeans","[oz_av]","MeasurementObservation","vege_serving","{servings}/wk","phv00162112","FHS OFFSPRING EXAM 8","","","",,1,1,,0,0,0,"","","","","",""
"fhs","vegetables","phv00476996","pht010751","ffq: tofu or soybeans","","MeasurementObservation","vege_serving","{servings}/wk","","","","","",,,1,,0,0,0,"","","","","",""
"fhs","vegetables","phv00477559","pht010752","ffq: tofu or soybeans","","MeasurementObservation","vege_serving","{servings}/wk","","","","","",,,1,,0,0,0,"","","","","",""
"fhs","vegetables","phv00068316","pht000681","ffq: tofu or soybeans (3-4 oz)","","MeasurementObservation","vege_serving","{servings}/wk","phv00068713","FHS OFFSPRING EXAM 6","","","",,1,1,,0,0,0,"","","","","",""
"fhs","vegetables","phv00068884","pht000682","ffq: tofu or soybeans (3-4 oz)","","MeasurementObservation","vege_serving","{servings}/wk","phv00069162","FHS OFFSPRING EXAM 7","","","",,1,1,,0,0,0,"","","","","",""
"fhs","vegetables","phv00157460","pht002151","ffq: tofu or soybeans (3-4 oz)","","MeasurementObservation","vege_serving","{servings}/wk","phv00157771","FHS ORIGINAL EXAM 20","","","",,1,1,,0,0,0,"","","","","",""
"fhs","vegetables","phv00157937","pht002152","ffq: tofu or soybeans (3-4 oz)","","MeasurementObservation","vege_serving","{servings}/wk","phv00158091","FHS ORIGINAL EXAM 21","","","",,1,1,,0,0,0,"","","","","",""
"fhs","vegetables","phv00158254","pht002153","ffq: tofu or soybeans (3-4 oz)","","MeasurementObservation","vege_serving","{servings}/wk","phv00158540","FHS ORIGINAL EXAM 22","","","",,1,1,,0,0,0,"","","","","",""
"fhs","vegetables","phv00478122","pht010753","ffq: tofu or soybeans (3-4 oz)","","MeasurementObservation","vege_serving","{servings}/wk","","","","","",,,1,,0,0,0,"","","","","",""
"fhs","vegetables","phv00523721","pht012909","ffq: tofu or soybeans (3-4 oz)","","MeasurementObservation","vege_serving","{servings}/wk","","","","","",,,1,,0,0,0,"","","","","",""
"fhs","vegetables","phv00172517","pht002900","ffq: tofu, soy burger, soybeans, miso or other soy protein","[oz_av]","MeasurementObservation","vege_serving","{servings}/wk","phv00172393","FHS GENERATION 3, NEW OFFSPRING SPOUSE, OMNI 2 EXAM 2","","","",,1,1,,0,0,0,"","","","","",""
"fhs","vegetables","phv00478733","pht010754","ffq: tofu, soy products, miso","","MeasurementObservation","vege_serving","{servings}/wk","","","","","",,,1,,0,0,0,"","","","","",""
"fhs","vegetables","phv00156824","pht002150","ffq: tomato juice","smallglass","MeasurementObservation","vege_serving","{servings}/wk","phv00157296","FHS GENERATION 3 EXAM 1","","","",,1,1,,0,0,0,"","","","","",""
"fhs","vegetables","phv00162184","pht002350","ffq: tomato juice","smallglass","MeasurementObservation","vege_serving","{servings}/wk","phv00162112","FHS OFFSPRING EXAM 8","","","",,1,1,,0,0,0,"","","","","",""
"fhs","vegetables","phv00476993","pht010751","ffq: tomato juice","","MeasurementObservation","vege_serving","{servings}/wk","","","","","",,,1,,0,0,0,"","","","","",""
"fhs","vegetables","phv00477556","pht010752","ffq: tomato juice","","MeasurementObservation","vege_serving","{servings}/wk","","","","","",,,1,,0,0,0,"","","","","",""
"fhs","vegetables","phv00068313","pht000681","ffq: tomato juice (small glass)","","MeasurementObservation","vege_serving","{servings}/wk","phv00068713","FHS OFFSPRING EXAM 6","","","",,1,1,,0,0,0,"","","","","",""
"fhs","vegetables","phv00068881","pht000682","ffq: tomato juice (small glass)","","MeasurementObservation","vege_serving","{servings}/wk","phv00069162","FHS OFFSPRING EXAM 7","","","",,1,1,,0,0,0,"","","","","",""
"fhs","vegetables","phv00069923","pht000680","ffq: tomato juice (small glass)","","MeasurementObservation","vege_serving","{servings}/wk","phv00068241","FHS OFFSPRING EXAM 5","","","",,1,1,,0,0,0,"","","","","",""
"fhs","vegetables","phv00157457","pht002151","ffq: tomato juice (small glass)","","MeasurementObservation","vege_serving","{servings}/wk","phv00157771","FHS ORIGINAL EXAM 20","","","",,1,1,,0,0,0,"","","","","",""
"fhs","vegetables","phv00157934","pht002152","ffq: tomato juice (small glass)","","MeasurementObservation","vege_serving","{servings}/wk","phv00158091","FHS ORIGINAL EXAM 21","","","",,1,1,,0,0,0,"","","","","",""
"fhs","vegetables","phv00158251","pht002153","ffq: tomato juice (small glass)","","MeasurementObservation","vege_serving","{servings}/wk","phv00158540","FHS ORIGINAL EXAM 22","","","",,1,1,,0,0,0,"","","","","",""
"fhs","vegetables","phv00478119","pht010753","ffq: tomato juice (small glass)","","MeasurementObservation","vege_serving","{servings}/wk","","","","","",,,1,,0,0,0,"","","","","",""
"fhs","vegetables","phv00523718","pht012909","ffq: tomato juice (small glass)","","MeasurementObservation","vege_serving","{servings}/wk","","","","","",,,1,,0,0,0,"","","","","",""
"fhs","vegetables","phv00172512","pht002900","ffq: tomato juice or v-8 juice","smallglass","MeasurementObservation","vege_serving","{servings}/wk","phv00172393","FHS GENERATION 3, NEW OFFSPRING SPOUSE, OMNI 2 EXAM 2","","","",,1,1,,0,0,0,"","","","","",""
"fhs","vegetables","phv00478728","pht010754","ffq: tomato or v8 juice (small glass)","","MeasurementObservation","vege_serving","{servings}/wk","","","","","",,,1,,0,0,0,"","","","","",""
"fhs","vegetables","phv00156825","pht002150","ffq: tomato sauce","1/2cup","MeasurementObservation","vege_serving","{servings}/wk","phv00157296","FHS GENERATION 3 EXAM 1","","","",,1,1,,0,0,0,"","","","","",""
"fhs","vegetables","phv00162185","pht002350","ffq: tomato sauce","1/2cup","MeasurementObservation","vege_serving","{servings}/wk","phv00162112","FHS OFFSPRING EXAM 8","","","",,1,1,,0,0,0,"","","","","",""
"fhs","vegetables","phv00476994","pht010751","ffq: tomato sauce","","MeasurementObservation","vege_serving","{servings}/wk","","","","","",,,1,,0,0,0,"","","","","",""
"fhs","vegetables","phv00477557","pht010752","ffq: tomato sauce","","MeasurementObservation","vege_serving","{servings}/wk","","","","","",,,1,,0,0,0,"","","","","",""
"fhs","vegetables","phv00478120","pht010753","ffq: tomato sauce (1 tbs)","","MeasurementObservation","vege_serving","{servings}/wk","","","","","",,,1,,0,0,0,"","","","","",""
"fhs","vegetables","phv00068314","pht000681","ffq: tomato sauce (1/2 cup)","","MeasurementObservation","vege_serving","{servings}/wk","phv00068713","FHS OFFSPRING EXAM 6","","","",,1,1,,0,0,0,"","","","","",""
"fhs","vegetables","phv00068882","pht000682","ffq: tomato sauce (1/2 cup)","","MeasurementObservation","vege_serving","{servings}/wk","phv00069162","FHS OFFSPRING EXAM 7","","","",,1,1,,0,0,0,"","","","","",""
"fhs","vegetables","phv00069924","pht000680","ffq: tomato sauce (1/2 cup)","","MeasurementObservation","vege_serving","{servings}/wk","phv00068241","FHS OFFSPRING EXAM 5","","","",,1,1,,0,0,0,"","","","","",""
"fhs","vegetables","phv00157458","pht002151","ffq: tomato sauce (1/2 cup)","","MeasurementObservation","vege_serving","{servings}/wk","phv00157771","FHS ORIGINAL EXAM 20","","","",,1,1,,0,0,0,"","","","","",""
"fhs","vegetables","phv00157935","pht002152","ffq: tomato sauce (1/2 cup)","","MeasurementObservation","vege_serving","{servings}/wk","phv00158091","FHS ORIGINAL EXAM 21","","","",,1,1,,0,0,0,"","","","","",""
"fhs","vegetables","phv00158252","pht002153","ffq: tomato sauce (1/2 cup)","","MeasurementObservation","vege_serving","{servings}/wk","phv00158540","FHS ORIGINAL EXAM 22","","","",,1,1,,0,0,0,"","","","","",""
"fhs","vegetables","phv00478729","pht010754","ffq: tomato sauce (1/2 cup)","","MeasurementObservation","vege_serving","{servings}/wk","","","","","",,,1,,0,0,0,"","","","","",""
"fhs","vegetables","phv00523719","pht012909","ffq: tomato sauce (1/2 cup)","","MeasurementObservation","vege_serving","{servings}/wk","","","","","",,,1,,0,0,0,"","","","","",""
"fhs","vegetables","phv00172513","pht002900","ffq: tomato sauce e.g., spaghetti sauce","1/2cup","MeasurementObservation","vege_serving","{servings}/wk","phv00172393","FHS GENERATION 3, NEW OFFSPRING SPOUSE, OMNI 2 EXAM 2","","","",,1,1,,0,0,0,"","","","","",""
"fhs","vegetables","phv00156823","pht002150","ffq: tomatoes","1tomato","MeasurementObservation","vege_serving","{servings}/wk","phv00157296","FHS GENERATION 3 EXAM 1","","","",,1,1,,0,0,0,"","","","","",""
"fhs","vegetables","phv00162183","pht002350","ffq: tomatoes","1tomato","MeasurementObservation","vege_serving","{servings}/wk","phv00162112","FHS OFFSPRING EXAM 8","","","",,1,1,,0,0,0,"","","","","",""
"fhs","vegetables","phv00172511","pht002900","ffq: tomatoes","2slices","MeasurementObservation","vege_serving","{servings}/wk","phv00172393","FHS GENERATION 3, NEW OFFSPRING SPOUSE, OMNI 2 EXAM 2","","","",,1,1,,0,0,0,"","","","","",""
"fhs","vegetables","phv00476992","pht010751","ffq: tomatoes","","MeasurementObservation","vege_serving","{servings}/wk","","","","","",,,1,,0,0,0,"","","","","",""
"fhs","vegetables","phv00477555","pht010752","ffq: tomatoes","","MeasurementObservation","vege_serving","{servings}/wk","","","","","",,,1,,0,0,0,"","","","","",""
"fhs","vegetables","phv00068312","pht000681","ffq: tomatoes (1)","","MeasurementObservation","vege_serving","{servings}/wk","phv00068713","FHS OFFSPRING EXAM 6","","","",,1,1,,0,0,0,"","","","","",""
"fhs","vegetables","phv00068880","pht000682","ffq: tomatoes (1)","","MeasurementObservation","vege_serving","{servings}/wk","phv00069162","FHS OFFSPRING EXAM 7","","","",,1,1,,0,0,0,"","","","","",""
"fhs","vegetables","phv00069922","pht000680","ffq: tomatoes (1)","","MeasurementObservation","vege_serving","{servings}/wk","phv00068241","FHS OFFSPRING EXAM 5","","","",,1,1,,0,0,0,"","","","","",""
"fhs","vegetables","phv00157456","pht002151","ffq: tomatoes (1)","","MeasurementObservation","vege_serving","{servings}/wk","phv00157771","FHS ORIGINAL EXAM 20","","","",,1,1,,0,0,0,"","","","","",""
"fhs","vegetables","phv00157933","pht002152","ffq: tomatoes (1)","","MeasurementObservation","vege_serving","{servings}/wk","phv00158091","FHS ORIGINAL EXAM 21","","","",,1,1,,0,0,0,"","","","","",""
"fhs","vegetables","phv00158250","pht002153","ffq: tomatoes (1)","","MeasurementObservation","vege_serving","{servings}/wk","phv00158540","FHS ORIGINAL EXAM 22","","","",,1,1,,0,0,0,"","","","","",""
"fhs","vegetables","phv00478118","pht010753","ffq: tomatoes (1)","","MeasurementObservation","vege_serving","{servings}/wk","","","","","",,,1,,0,0,0,"","","","","",""
"fhs","vegetables","phv00523717","pht012909","ffq: tomatoes (1)","","MeasurementObservation","vege_serving","{servings}/wk","","","","","",,,1,,0,0,0,"","","","","",""
"fhs","vegetables","phv00478727","pht010754","ffq: tomatoes (2 slices)","","MeasurementObservation","vege_serving","{servings}/wk","","","","","",,,1,,0,0,0,"","","","","",""
"fhs","vegetables","phv00068340","pht000681","ffq: vegetable section pass through indicator","","MeasurementObservation","vege_serving","{servings}/wk","phv00068713","FHS OFFSPRING EXAM 6","","","",,1,1,,0,0,0,"","","","","",""
"fhs","vegetables","phv00068908","pht000682","ffq: vegetable section pass through indicator","","MeasurementObservation","vege_serving","{servings}/wk","phv00069162","FHS OFFSPRING EXAM 7","","","",,1,1,,0,0,0,"","","","","",""
"fhs","vegetables","phv00069945","pht000680","ffq: vegetable section pass through indicator","","MeasurementObservation","vege_serving","{servings}/wk","phv00068241","FHS OFFSPRING EXAM 5","","","",,1,1,,0,0,0,"","","","","",""
"fhs","vegetables","phv00156851","pht002150","ffq: vegetable section pass through indicator","","MeasurementObservation","vege_serving","{servings}/wk","phv00157296","FHS GENERATION 3 EXAM 1","","","",,1,1,,0,0,0,"","","","","",""
"fhs","vegetables","phv00157484","pht002151","ffq: vegetable section pass through indicator","","MeasurementObservation","vege_serving","{servings}/wk","phv00157771","FHS ORIGINAL EXAM 20","","","",,1,1,,0,0,0,"","","","","",""
"fhs","vegetables","phv00157961","pht002152","ffq: vegetable section pass through indicator","","MeasurementObservation","vege_serving","{servings}/wk","phv00158091","FHS ORIGINAL EXAM 21","","","",,1,1,,0,0,0,"","","","","",""
"fhs","vegetables","phv00158278","pht002153","ffq: vegetable section pass through indicator","","MeasurementObservation","vege_serving","{servings}/wk","phv00158540","FHS ORIGINAL EXAM 22","","","",,1,1,,0,0,0,"","","","","",""
"fhs","vegetables","phv00162211","pht002350","ffq: vegetable section pass through indicator","","MeasurementObservation","vege_serving","{servings}/wk","phv00162112","FHS OFFSPRING EXAM 8","","","",,1,1,,0,0,0,"","","","","",""
"fhs","vegetables","phv00477020","pht010751","ffq: vegetable section pass through indicator","","MeasurementObservation","vege_serving","{servings}/wk","","","","","",,,1,,0,0,0,"","","","","",""
"fhs","vegetables","phv00477583","pht010752","ffq: vegetable section pass through indicator","","MeasurementObservation","vege_serving","{servings}/wk","","","","","",,,1,,0,0,0,"","","","","",""
"fhs","vegetables","phv00478146","pht010753","ffq: vegetable section pass through indicator","","MeasurementObservation","vege_serving","{servings}/wk","","","","","",,,1,,0,0,0,"","","","","",""
"fhs","vegetables","phv00478726","pht010754","ffq: vegetables pass through bubble","","MeasurementObservation","vege_serving","{servings}/wk","","","","","",,,1,,0,0,0,"","","","","",""
"fhs","vegetables","phv00524245","pht012910","ffq: vegetables pass through bubble","","MeasurementObservation","vege_serving","{servings}/wk","","","","","",,,1,,0,0,0,"","","","","",""
"fhs","vegetables","phv00156841","pht002150","ffq: yams or sweet potatoes","1/2cup","MeasurementObservation","vege_serving","{servings}/wk","phv00157296","FHS GENERATION 3 EXAM 1","","","",,1,1,,0,0,0,"","","","","",""
"fhs","vegetables","phv00162201","pht002350","ffq: yams or sweet potatoes","1/2cup","MeasurementObservation","vege_serving","{servings}/wk","phv00162112","FHS OFFSPRING EXAM 8","","","",,1,1,,0,0,0,"","","","","",""
"fhs","vegetables","phv00172527","pht002900","ffq: yams or sweet potatoes","1/2cup","MeasurementObservation","vege_serving","{servings}/wk","phv00172393","FHS GENERATION 3, NEW OFFSPRING SPOUSE, OMNI 2 EXAM 2","","","",,1,1,,0,0,0,"","","","","",""
"fhs","vegetables","phv00477010","pht010751","ffq: yams or sweet potatoes","","MeasurementObservation","vege_serving","{servings}/wk","","","","","",,,1,,0,0,0,"","","","","",""
"fhs","vegetables","phv00477573","pht010752","ffq: yams or sweet potatoes","","MeasurementObservation","vege_serving","{servings}/wk","","","","","",,,1,,0,0,0,"","","","","",""
"fhs","vegetables","phv00068330","pht000681","ffq: yams or sweet potatoes (1/2 cup)","","MeasurementObservation","vege_serving","{servings}/wk","phv00068713","FHS OFFSPRING EXAM 6","","","",,1,1,,0,0,0,"","","","","",""
"fhs","vegetables","phv00068898","pht000682","ffq: yams or sweet potatoes (1/2 cup)","","MeasurementObservation","vege_serving","{servings}/wk","phv00069162","FHS OFFSPRING EXAM 7","","","",,1,1,,0,0,0,"","","","","",""
"fhs","vegetables","phv00157474","pht002151","ffq: yams or sweet potatoes (1/2 cup)","","MeasurementObservation","vege_serving","{servings}/wk","phv00157771","FHS ORIGINAL EXAM 20","","","",,1,1,,0,0,0,"","","","","",""
"fhs","vegetables","phv00157951","pht002152","ffq: yams or sweet potatoes (1/2 cup)","","MeasurementObservation","vege_serving","{servings}/wk","phv00158091","FHS ORIGINAL EXAM 21","","","",,1,1,,0,0,0,"","","","","",""
"fhs","vegetables","phv00158268","pht002153","ffq: yams or sweet potatoes (1/2 cup)","","MeasurementObservation","vege_serving","{servings}/wk","phv00158540","FHS ORIGINAL EXAM 22","","","",,1,1,,0,0,0,"","","","","",""
"fhs","vegetables","phv00478136","pht010753","ffq: yams or sweet potatoes (1/2 cup)","","MeasurementObservation","vege_serving","{servings}/wk","","","","","",,,1,,0,0,0,"","","","","",""
"fhs","vegetables","phv00478743","pht010754","ffq: yams or sweet potatoes (1/2 cup)","","MeasurementObservation","vege_serving","{servings}/wk","","","","","",,,1,,0,0,0,"","","","","",""
"fhs","vegetables","phv00523735","pht012909","ffq: yams or sweet potatoes (1/2 cup)","","MeasurementObservation","vege_serving","{servings}/wk","","","","","",,,1,,0,0,0,"","","","","",""
"fhs","vegetables","phv00156839","pht002150","ffq: yellow (winter) squash","1/2cup","MeasurementObservation","vege_serving","{servings}/wk","phv00157296","FHS GENERATION 3 EXAM 1","","","",,1,1,,0,0,0,"","","","","",""
"fhs","vegetables","phv00162199","pht002350","ffq: yellow (winter) squash","1/2cup","MeasurementObservation","vege_serving","{servings}/wk","phv00162112","FHS OFFSPRING EXAM 8","","","",,1,1,,0,0,0,"","","","","",""
"fhs","vegetables","phv00477008","pht010751","ffq: yellow (winter) squash","","MeasurementObservation","vege_serving","{servings}/wk","","","","","",,,1,,0,0,0,"","","","","",""
"fhs","vegetables","phv00477571","pht010752","ffq: yellow (winter) squash","","MeasurementObservation","vege_serving","{servings}/wk","","","","","",,,1,,0,0,0,"","","","","",""
"fhs","vegetables","phv00068328","pht000681","ffq: yellow (winter) squash (1/2 cup)","","MeasurementObservation","vege_serving","{servings}/wk","phv00068713","FHS OFFSPRING EXAM 6","","","",,1,1,,0,0,0,"","","","","",""
"fhs","vegetables","phv00068896","pht000682","ffq: yellow (winter) squash (1/2 cup)","","MeasurementObservation","vege_serving","{servings}/wk","phv00069162","FHS OFFSPRING EXAM 7","","","",,1,1,,0,0,0,"","","","","",""
"fhs","vegetables","phv00069935","pht000680","ffq: yellow (winter) squash (1/2 cup)","","MeasurementObservation","vege_serving","{servings}/wk","phv00068241","FHS OFFSPRING EXAM 5","","","",,1,1,,0,0,0,"","","","","",""
"fhs","vegetables","phv00157472","pht002151","ffq: yellow (winter) squash (1/2 cup)","","MeasurementObservation","vege_serving","{servings}/wk","phv00157771","FHS ORIGINAL EXAM 20","","","",,1,1,,0,0,0,"","","","","",""
"fhs","vegetables","phv00157949","pht002152","ffq: yellow (winter) squash (1/2 cup)","","MeasurementObservation","vege_serving","{servings}/wk","phv00158091","FHS ORIGINAL EXAM 21","","","",,1,1,,0,0,0,"","","","","",""
"fhs","vegetables","phv00158266","pht002153","ffq: yellow (winter) squash (1/2 cup)","","MeasurementObservation","vege_serving","{servings}/wk","phv00158540","FHS ORIGINAL EXAM 22","","","",,1,1,,0,0,0,"","","","","",""
"fhs","vegetables","phv00478134","pht010753","ffq: yellow (winter) squash (1/2 cup)","","MeasurementObservation","vege_serving","{servings}/wk","","","","","",,,1,,0,0,0,"","","","","",""
"fhs","vegetables","phv00523733","pht012909","ffq: yellow (winter) squash (1/2 cup)","","MeasurementObservation","vege_serving","{servings}/wk","","","","","",,,1,,0,0,0,"","","","","",""
"fhs","vegetables","phv00523914","pht012909","garlic","","MeasurementObservation","vege_serving","{servings}/wk","","","","","",,,1,,0,0,0,"","","","","",""
"fhs","vegetables","phv00523909","pht012909","iceberg/head lettuce","","MeasurementObservation","vege_serving","{servings}/wk","","","","","",,,1,,0,0,0,"","","","","",""
"fhs","vegetables","phv00479179","pht010754","iceberg/head lettuce: (servings/week)","","MeasurementObservation","vege_serving","{servings}/wk","","","","","",,,1,,0,0,0,"","","","","",""
"fhs","vegetables","phv00524566","pht012910","iceberg/head lettuce: (servings/week)","","MeasurementObservation","vege_serving","{servings}/wk","","","","","",,,1,,0,0,0,"","","","","",""
"fhs","vegetables","phv00523908","pht012909","kale/mustard/chard","","MeasurementObservation","vege_serving","{servings}/wk","","","","","",,,1,,0,0,0,"","","","","",""
"fhs","vegetables","phv00479176","pht010754","kale/mustard/chard: (servings/week)","","MeasurementObservation","vege_serving","{servings}/wk","","","","","",,,1,,0,0,0,"","","","","",""
"fhs","vegetables","phv00524563","pht012910","kale/mustard/chard: (servings/week)","","MeasurementObservation","vege_serving","{servings}/wk","","","","","",,,1,,0,0,0,"","","","","",""
"fhs","vegetables","phv00523901","pht012909","mixed vegetables","","MeasurementObservation","vege_serving","{servings}/wk","","","","","",,,1,,0,0,0,"","","","","",""
"fhs","vegetables","phv00479172","pht010754","mixed vegetables: (servings/week)","","MeasurementObservation","vege_serving","{servings}/wk","","","","","",,,1,,0,0,0,"","","","","",""
"fhs","vegetables","phv00524559","pht012910","mixed vegetables: (servings/week)","","MeasurementObservation","vege_serving","{servings}/wk","","","","","",,,1,,0,0,0,"","","","","",""
"fhs","vegetables","phv00479184","pht010754","onions - cooked, rings, soup: (servings/week)","","MeasurementObservation","vege_serving","{servings}/wk","","","","","",,,1,,0,0,0,"","","","","",""
"fhs","vegetables","phv00524571","pht012910","onions - cooked, rings, soup: (servings/week)","","MeasurementObservation","vege_serving","{servings}/wk","","","","","",,,1,,0,0,0,"","","","","",""
"fhs","vegetables","phv00479183","pht010754","onions - garnish, salad: (servings/week)","","MeasurementObservation","vege_serving","{servings}/wk","","","","","",,,1,,0,0,0,"","","","","",""
"fhs","vegetables","phv00524570","pht012910","onions - garnish, salad: (servings/week)","","MeasurementObservation","vege_serving","{servings}/wk","","","","","",,,1,,0,0,0,"","","","","",""
"fhs","vegetables","phv00523900","pht012909","peas/lima beans","","MeasurementObservation","vege_serving","{servings}/wk","","","","","",,,1,,0,0,0,"","","","","",""
"fhs","vegetables","phv00479164","pht010754","peas/lima beans: (servings/week)","","MeasurementObservation","vege_serving","{servings}/wk","","","","","",,,1,,0,0,0,"","","","","",""
"fhs","vegetables","phv00524551","pht012910","peas/lima beans: (servings/week)","","MeasurementObservation","vege_serving","{servings}/wk","","","","","",,,1,,0,0,0,"","","","","",""
"fhs","vegetables","phv00479182","pht010754","peppers: (servings/week)","","MeasurementObservation","vege_serving","{servings}/wk","","","","","",,,1,,0,0,0,"","","","","",""
"fhs","vegetables","phv00524569","pht012910","peppers: (servings/week)","","MeasurementObservation","vege_serving","{servings}/wk","","","","","",,,1,,0,0,0,"","","","","",""
"fhs","vegetables","phv00523890","pht012909","red chili sauce","","MeasurementObservation","vege_serving","{servings}/wk","","","","","",,,1,,0,0,0,"","","","","",""
"fhs","vegetables","phv00523910","pht012909","romaine/leaf lettuce","","MeasurementObservation","vege_serving","{servings}/wk","","","","","",,,1,,0,0,0,"","","","","",""
"fhs","vegetables","phv00479180","pht010754","romaine/leaf lettuce: (servings/week)","","MeasurementObservation","vege_serving","{servings}/wk","","","","","",,,1,,0,0,0,"","","","","",""
"fhs","vegetables","phv00524567","pht012910","romaine/leaf lettuce: (servings/week)","","MeasurementObservation","vege_serving","{servings}/wk","","","","","",,,1,,0,0,0,"","","","","",""
"fhs","vegetables","phv00479160","pht010754","salsa: (servings/week)","","MeasurementObservation","vege_serving","{servings}/wk","","","","","",,,1,,0,0,0,"","","","","",""
"fhs","vegetables","phv00524547","pht012910","salsa: (servings/week)","","MeasurementObservation","vege_serving","{servings}/wk","","","","","",,,1,,0,0,0,"","","","","",""
"fhs","vegetables","phv00523907","pht012909","spanach, raw","","MeasurementObservation","vege_serving","{servings}/wk","","","","","",,,1,,0,0,0,"","","","","",""
"fhs","vegetables","phv00479178","pht010754","spanach, raw: (servings/week)","","MeasurementObservation","vege_serving","{servings}/wk","","","","","",,,1,,0,0,0,"","","","","",""
"fhs","vegetables","phv00524565","pht012910","spanach, raw: (servings/week)","","MeasurementObservation","vege_serving","{servings}/wk","","","","","",,,1,,0,0,0,"","","","","",""
"fhs","vegetables","phv00523906","pht012909","spinach, cooked","","MeasurementObservation","vege_serving","{servings}/wk","","","","","",,,1,,0,0,0,"","","","","",""
"fhs","vegetables","phv00479177","pht010754","spinach, cooked: (servings/week)","","MeasurementObservation","vege_serving","{servings}/wk","","","","","",,,1,,0,0,0,"","","","","",""
"fhs","vegetables","phv00524564","pht012910","spinach, cooked: (servings/week)","","MeasurementObservation","vege_serving","{servings}/wk","","","","","",,,1,,0,0,0,"","","","","",""
"fhs","vegetables","phv00523892","pht012909","string beans","","MeasurementObservation","vege_serving","{servings}/wk","","","","","",,,1,,0,0,0,"","","","","",""
"fhs","vegetables","phv00479161","pht010754","string beans: (servings/week)","","MeasurementObservation","vege_serving","{servings}/wk","","","","","",,,1,,0,0,0,"","","","","",""
"fhs","vegetables","phv00524548","pht012910","string beans: (servings/week)","","MeasurementObservation","vege_serving","{servings}/wk","","","","","",,,1,,0,0,0,"","","","","",""
"fhs","vegetables","phv00523904","pht012909","summer squash","","MeasurementObservation","vege_serving","{servings}/wk","","","","","",,,1,,0,0,0,"","","","","",""
"fhs","vegetables","phv00479175","pht010754","summer squash: (servings/week)","","MeasurementObservation","vege_serving","{servings}/wk","","","","","",,,1,,0,0,0,"","","","","",""
"fhs","vegetables","phv00524562","pht012910","summer squash: (servings/week)","","MeasurementObservation","vege_serving","{servings}/wk","","","","","",,,1,,0,0,0,"","","","","",""
"fhs","vegetables","phv00523891","pht012909","tofu or soybeans","","MeasurementObservation","vege_serving","{servings}/wk","","","","","",,,1,,0,0,0,"","","","","",""
"fhs","vegetables","phv00479163","pht010754","tofu, soy burger, soybeans, miso, soy protein: (servings/week)","","MeasurementObservation","vege_serving","{servings}/wk","","","","","",,,1,,0,0,0,"","","","","",""
"fhs","vegetables","phv00524550","pht012910","tofu, soy burger, soybeans, miso, soy protein: (servings/week)","","MeasurementObservation","vege_serving","{servings}/wk","","","","","",,,1,,0,0,0,"","","","","",""
"fhs","vegetables","phv00523888","pht012909","tomato juice","","MeasurementObservation","vege_serving","{servings}/wk","","","","","",,,1,,0,0,0,"","","","","",""
"fhs","vegetables","phv00479158","pht010754","tomato juice: (servings/week)","","MeasurementObservation","vege_serving","{servings}/wk","","","","","",,,1,,0,0,0,"","","","","",""
"fhs","vegetables","phv00524545","pht012910","tomato juice: (servings/week)","","MeasurementObservation","vege_serving","{servings}/wk","","","","","",,,1,,0,0,0,"","","","","",""
"fhs","vegetables","phv00523889","pht012909","tomato sauce","","MeasurementObservation","vege_serving","{servings}/wk","","","","","",,,1,,0,0,0,"","","","","",""
"fhs","vegetables","phv00479159","pht010754","tomato sauce: (servings/week)","","MeasurementObservation","vege_serving","{servings}/wk","","","","","",,,1,,0,0,0,"","","","","",""
"fhs","vegetables","phv00524546","pht012910","tomato sauce: (servings/week)","","MeasurementObservation","vege_serving","{servings}/wk","","","","","",,,1,,0,0,0,"","","","","",""
"fhs","vegetables","phv00523887","pht012909","tomatoes","","MeasurementObservation","vege_serving","{servings}/wk","","","","","",,,1,,0,0,0,"","","","","",""
"fhs","vegetables","phv00479157","pht010754","tomatoes: (servings/week)","","MeasurementObservation","vege_serving","{servings}/wk","","","","","",,,1,,0,0,0,"","","","","",""
"fhs","vegetables","phv00524544","pht012910","tomatoes: (servings/week)","","MeasurementObservation","vege_serving","{servings}/wk","","","","","",,,1,,0,0,0,"","","","","",""
"fhs","vegetables","phv00523745","pht012909","vegetable section pass through indicator","","MeasurementObservation","vege_serving","{servings}/wk","","","","","",,,1,,0,0,0,"","","","","",""
"fhs","vegetables","phv00523903","pht012909","winter squash","","MeasurementObservation","vege_serving","{servings}/wk","","","","","",,,1,,0,0,0,"","","","","",""
"fhs","vegetables","phv00479174","pht010754","winter squash: (servings/week)","","MeasurementObservation","vege_serving","{servings}/wk","","","","","",,,1,,0,0,0,"","","","","",""
"fhs","vegetables","phv00524561","pht012910","winter squash: (servings/week)","","MeasurementObservation","vege_serving","{servings}/wk","","","","","",,,1,,0,0,0,"","","","","",""
"fhs","vegetables","phv00523905","pht012909","yams/sweet potatoes","","MeasurementObservation","vege_serving","{servings}/wk","","","","","",,,1,,0,0,0,"","","","","",""
"fhs","vegetables","phv00479173","pht010754","yams/sweet potatoes: (servings/week)","","MeasurementObservation","vege_serving","{servings}/wk","","","","","",,,1,,0,0,0,"","","","","",""
"fhs","vegetables","phv00524560","pht012910","yams/sweet potatoes: (servings/week)","","MeasurementObservation","vege_serving","{servings}/wk","","","","","",,,1,,0,0,0,"","","","","",""
"fhs","von willebrand factor","phv00462750","pht010727","vwf (pf) - olink cardiovascular iii(v.6112) - p04275 - oid00651","","MeasurementObservation","willeb_fac","%{normal}","phv00462203","OFFSPRING EXAM 7","","","",,1,1,,0,0,0,"","","","","",""
"fhs","von willebrand factor","phv00462749","pht010727","vwf - olink cardiovascular iii(v.6112) - p04275 - oid00651 (sample type: edta plasma)","","MeasurementObservation","willeb_fac","%{normal}","phv00462203","OFFSPRING EXAM 7","","","",,1,1,,0,0,0,"","","","","",""
"fhs","von willebrand factor","phv00422103","pht006013","vwf: von willebrand factor - 3050-7 (p04275) (sample type: citrated plasma)","","MeasurementObservation","willeb_fac","%{normal}","phv00275427","FHS OFFSPRING EXAM 5","","","",,1,1,,0,0,0,"","","","","",""
"fhs","waist circumference","phv00177544","pht003094","anthropometry: waist girth at umbilicus - protocol modification","","MeasurementObservation","waist_circ","cm","phv00177237","FHS GENERATION 3, NEW OFFSPRING SPOUSE, OMNI 2 EXAM 2","","","",,1,1,,0,0,0,"","","","","",""
"fhs","waist circumference","phv00462003","pht010724","demographic and anthropometrics: anthropometry: protocol modification - waist girth","","MeasurementObservation","waist_circ","cm","","","","","",,,1,,0,0,0,"","","","","",""
"fhs","waist circumference","phv00462002","pht010724","demographic and anthropometrics: anthropometry: waist girth at umbilicus","","MeasurementObservation","waist_circ","cm","","","","","",,,1,,0,0,0,"","","","","",""
"fhs","waist circumference","phv00251541","pht004815","numerical data - part i: regional anthropometry: waist girth at iliac crest - protocol modification","","MeasurementObservation","waist_circ","cm","phv00251262","FHS OMNI 1 EXAM 3","","","",,1,1,,0,0,0,"","","","","",""
"fhs","waist circumference","phv00251539","pht004815","numerical data - part i: regional anthropometry: waist girth at umbilicus - protocol modification","","MeasurementObservation","waist_circ","cm","phv00251262","FHS OMNI 1 EXAM 3","","","",,1,1,,0,0,0,"","","","","",""
"fhs","waist circumference","phv00461316","pht006006","numerical data - part i: waist girth","","MeasurementObservation","waist_circ","cm","","","","","",,,1,,0,0,0,"","","","","",""
"fhs","waist circumference","phv00254292","pht005140","numerical data/anthropometry: waist girth at umbilicus - protocol modification","","MeasurementObservation","waist_circ","cm","phv00254010","FHS OFFSPRING EXAM 9, OMNI 1 EXAM 4","","","",,1,1,,0,0,0,"","","","","",""
"fhs","waist circumference","phv00021236","pht000074","protocol modification for waist girth","","MeasurementObservation","waist_circ","cm","phv00021427","FHS GENERATION 3 EXAM 1","","","",,1,1,,0,0,0,"","","","","",""
"fhs","waist circumference","phv00274058","pht006005","protocol modification for waist girth","","MeasurementObservation","waist_circ","cm","phv00273700","FHS NEW OFFSPRING SPOUSE EXAM 1","","","",,1,1,,0,0,0,"","","","","",""
"fhs","waist circumference","phv00461146","pht004813","protocol modification for waist girth","","MeasurementObservation","waist_circ","cm","","","","","",,,1,,0,0,0,"","","","","",""
"fhs","waist circumference","phv00072345","pht000747","protocol modification for waist girth at iliac crest","","MeasurementObservation","waist_circ","cm","phv00072580","FHS OFFSPRING EXAM 8","","","",,1,1,,0,0,0,"","","","","",""
"fhs","waist circumference","phv00072344","pht000747","protocol modification for waist girth at umbilicus","","MeasurementObservation","waist_circ","cm","phv00072580","FHS OFFSPRING EXAM 8","","","",,1,1,,0,0,0,"","","","","",""
"fhs","waist circumference","phv00461145","pht004813","waist girth","","MeasurementObservation","waist_circ","cm","","","","","",,,1,,0,0,0,"","","","","",""
"fhs","waist circumference","phv00520309","pht006026","waist girth (inches), exam 3","","MeasurementObservation","waist_circ","cm","phv00277015","FHS GENERATION 3, NEW OFFSPRING SPOUSE, OMNI 2 EXAM 1-3","","","",,1,1,,0,0,0,"","","","","",""
"fhs","white blood cell count","phv00172207","pht002889","abnormal population indicator for wbc","","MeasurementObservation","whtbld_ct","10*3/uL","phv00172159","FHS GENERATION 3, NEW OFFSPRING SPOUSE, OMNI 2 EXAM 2","","","",,1,1,,0,0,0,"","","","","",""
"fhs","white blood cell count","phv00227063","pht004802","abnormal population indicator for white blood cell count","","MeasurementObservation","whtbld_ct","10*3/uL","phv00227023","FHS OFFSPRING EXAM 9, OMNI 1 EXAM 4","","","",,1,1,,0,0,0,"","","","","",""
"fhs","white blood cell count","phv00008108","pht000031","wbc","","MeasurementObservation","whtbld_ct","10*3/uL","phv00008379","FHS OFFSPRING EXAM 2","","","",,1,1,,0,0,0,"","","","","",""
"fhs","white blood cell count","phv00081030","pht001045","white blood cell count","mm3(10*3/uL)","MeasurementObservation","whtbld_ct","10*3/uL","phv00081012","FHS ORIGINAL EXAM 20 AND EXAM 21","","","",,1,1,,0,0,0,"","","","","",""
