from,to,cause,why,variable,cohort,before,after
2025-08-27,2025-08-28,code 903f6d41,'Got it working with the two other sheets': COPDGene + FHS added,8-epi-PGF2a in urine,ARIC,0/0,-
2025-08-27,2025-08-28,code 903f6d41,'Got it working with the two other sheets': COPDGene + FHS added,8-epi-PGF2a in urine,CHS,0/0,-
2025-08-27,2025-08-28,code 903f6d41,'Got it working with the two other sheets': COPDGene + FHS added,8-epi-PGF2a in urine,COPDGene,0/0,-
2025-08-27,2025-08-28,code 903f6d41,'Got it working with the two other sheets': COPDGene + FHS added,8-epi-PGF2a in urine,FHS,0/0,-
2025-08-27,2025-08-28,code 903f6d41,'Got it working with the two other sheets': COPDGene + FHS added,8-epi-PGF2a in urine,HCHS/SOL,0/0,-
2025-08-27,2025-08-28,code 903f6d41,'Got it working with the two other sheets': COPDGene + FHS added,8-epi-PGF2a in urine,JHS,0/0,-
2025-08-27,2025-08-28,code 903f6d41,'Got it working with the two other sheets': COPDGene + FHS added,8-epi-PGF2a in urine,WHI,0/0,-
2025-08-27,2025-08-28,code 903f6d41,'Got it working with the two other sheets': COPDGene + FHS added,AHI Apnea-Hypopnea Index,CARDIA,1/3581,-
2025-08-27,2025-08-28,code 903f6d41,'Got it working with the two other sheets': COPDGene + FHS added,AHI Apnea-Hypopnea Index,CHS,-,4/5488
2025-08-27,2025-08-28,code 903f6d41,'Got it working with the two other sheets': COPDGene + FHS added,AHI Apnea-Hypopnea Index,FHS,-,3/14252
2025-08-27,2025-08-28,code 903f6d41,'Got it working with the two other sheets': COPDGene + FHS added,ALT SGPT,ARIC,4/13497,-
2025-08-27,2025-08-28,code 903f6d41,'Got it working with the two other sheets': COPDGene + FHS added,ALT SGPT,CARDIA,2/5930,-
2025-08-27,2025-08-28,code 903f6d41,'Got it working with the two other sheets': COPDGene + FHS added,ALT SGPT,FHS,-,6/138810
2025-08-27,2025-08-28,code 903f6d41,'Got it working with the two other sheets': COPDGene + FHS added,ALT SGPT,HCHS/SOL,1/11979,-
2025-08-27,2025-08-28,code 903f6d41,'Got it working with the two other sheets': COPDGene + FHS added,ALT SGPT,JHS,12/16335,-
2025-08-27,2025-08-28,code 903f6d41,'Got it working with the two other sheets': COPDGene + FHS added,ALT SGPT,MESA,7/24118,-
2025-08-27,2025-08-28,code 903f6d41,'Got it working with the two other sheets': COPDGene + FHS added,AST SGOT,CARDIA,5/32949,1/3581
2025-08-27,2025-08-28,code 903f6d41,'Got it working with the two other sheets': COPDGene + FHS added,AST SGOT,CHS,27/198528,-
2025-08-27,2025-08-28,code 903f6d41,'Got it working with the two other sheets': COPDGene + FHS added,AST SGOT,FHS,-,6/192973
2025-08-27,2025-08-28,code 903f6d41,'Got it working with the two other sheets': COPDGene + FHS added,AST SGOT,HCHS/SOL,1/24560,-
2025-08-27,2025-08-28,code 903f6d41,'Got it working with the two other sheets': COPDGene + FHS added,AST SGOT,JHS,7/198048,-
2025-08-27,2025-08-28,code 903f6d41,'Got it working with the two other sheets': COPDGene + FHS added,Activity LP-PLA2 in blood,CHS,4/5488,1/10758
2025-08-27,2025-08-28,code 903f6d41,'Got it working with the two other sheets': COPDGene + FHS added,Activity LP-PLA2 in blood,MESA,-,1/10244
2025-08-27,2025-08-28,code 903f6d41,'Got it working with the two other sheets': COPDGene + FHS added,Albumin creatinine ratio in urine,ARIC,-,3/24024
2025-08-27,2025-08-28,code 903f6d41,'Got it working with the two other sheets': COPDGene + FHS added,Albumin creatinine ratio in urine,CARDIA,-,3/12495
2025-08-27,2025-08-28,code 903f6d41,'Got it working with the two other sheets': COPDGene + FHS added,Albumin creatinine ratio in urine,CHS,1/10758,-
2025-08-27,2025-08-28,code 903f6d41,'Got it working with the two other sheets': COPDGene + FHS added,Albumin creatinine ratio in urine,HCHS/SOL,-,1/11980
2025-08-27,2025-08-28,code 903f6d41,'Got it working with the two other sheets': COPDGene + FHS added,Albumin creatinine ratio in urine,JHS,-,4/6386
2025-08-27,2025-08-28,code 903f6d41,'Got it working with the two other sheets': COPDGene + FHS added,Albumin creatinine ratio in urine,MESA,1/10244,6/22540
2025-08-27,2025-08-28,code 903f6d41,'Got it working with the two other sheets': COPDGene + FHS added,Albumin in blood,ARIC,1/14477,3/17989
2025-08-27,2025-08-28,code 903f6d41,'Got it working with the two other sheets': COPDGene + FHS added,Albumin in blood,CARDIA,-,3/9793
2025-08-27,2025-08-28,code 903f6d41,'Got it working with the two other sheets': COPDGene + FHS added,Albumin in blood,CHS,-,5/17846
2025-08-27,2025-08-28,code 903f6d41,'Got it working with the two other sheets': COPDGene + FHS added,Albumin in blood,FHS,-,6/181148
2025-08-27,2025-08-28,code 903f6d41,'Got it working with the two other sheets': COPDGene + FHS added,Albumin in urine,ARIC,3/24024,4/13497
2025-08-27,2025-08-28,code 903f6d41,'Got it working with the two other sheets': COPDGene + FHS added,Albumin in urine,CARDIA,3/12495,2/5930
2025-08-27,2025-08-28,code 903f6d41,'Got it working with the two other sheets': COPDGene + FHS added,Albumin in urine,FHS,-,11/256876
2025-08-27,2025-08-28,code 903f6d41,'Got it working with the two other sheets': COPDGene + FHS added,Albumin in urine,HCHS/SOL,1/11980,1/11979
2025-08-27,2025-08-28,code 903f6d41,'Got it working with the two other sheets': COPDGene + FHS added,Albumin in urine,JHS,4/6386,12/16335
2025-08-27,2025-08-28,code 903f6d41,'Got it working with the two other sheets': COPDGene + FHS added,Albumin in urine,MESA,6/22540,7/24118
2025-08-27,2025-08-28,code 903f6d41,'Got it working with the two other sheets': COPDGene + FHS added,Alcohol,ARIC,3/17989,-
2025-08-27,2025-08-28,code 903f6d41,'Got it working with the two other sheets': COPDGene + FHS added,Alcohol,CARDIA,3/9793,67/278328
2025-08-27,2025-08-28,code 903f6d41,'Got it working with the two other sheets': COPDGene + FHS added,Alcohol,CHS,5/17846,16/41781
2025-08-27,2025-08-28,code 903f6d41,'Got it working with the two other sheets': COPDGene + FHS added,Alcohol,JHS,-,10/57210
2025-08-27,2025-08-28,code 903f6d41,'Got it working with the two other sheets': COPDGene + FHS added,Alcohol,WHI,-,8/2389035
2025-08-27,2025-08-28,code 903f6d41,'Got it working with the two other sheets': COPDGene + FHS added,Angina,ARIC,-,10/568178
2025-08-27,2025-08-28,code 903f6d41,'Got it working with the two other sheets': COPDGene + FHS added,Angina,CARDIA,67/278328,28/4630
2025-08-27,2025-08-28,code 903f6d41,'Got it working with the two other sheets': COPDGene + FHS added,Angina,CHS,16/41781,26/289104
2025-08-27,2025-08-28,code 903f6d41,'Got it working with the two other sheets': COPDGene + FHS added,Angina,COPDGene,-,1/544
2025-08-27,2025-08-28,code 903f6d41,'Got it working with the two other sheets': COPDGene + FHS added,Angina,FHS,-,1/2752
2025-08-27,2025-08-28,code 903f6d41,'Got it working with the two other sheets': COPDGene + FHS added,Angina,JHS,10/57210,4/116973
2025-08-27,2025-08-28,code 903f6d41,'Got it working with the two other sheets': COPDGene + FHS added,Angina,MESA,-,3/18115
2025-08-27,2025-08-28,code 903f6d41,'Got it working with the two other sheets': COPDGene + FHS added,Angina,WHI,8/2389035,22/2179257
2025-08-27,2025-08-28,code 903f6d41,'Got it working with the two other sheets': COPDGene + FHS added,Aspirin,ARIC,10/568178,-
2025-08-27,2025-08-28,code 903f6d41,'Got it working with the two other sheets': COPDGene + FHS added,Aspirin,CARDIA,28/4630,5/32949
2025-08-27,2025-08-28,code 903f6d41,'Got it working with the two other sheets': COPDGene + FHS added,Aspirin,CHS,26/289104,27/198528
2025-08-27,2025-08-28,code 903f6d41,'Got it working with the two other sheets': COPDGene + FHS added,Aspirin,HCHS/SOL,-,1/24560
2025-08-27,2025-08-28,code 903f6d41,'Got it working with the two other sheets': COPDGene + FHS added,Aspirin,JHS,4/116973,7/198048
2025-08-27,2025-08-28,code 903f6d41,'Got it working with the two other sheets': COPDGene + FHS added,Aspirin,MESA,3/18115,-
2025-08-27,2025-08-28,code 903f6d41,'Got it working with the two other sheets': COPDGene + FHS added,Aspirin,WHI,22/2179257,-
2025-08-27,2025-08-28,code 903f6d41,'Got it working with the two other sheets': COPDGene + FHS added,Asthma,COPDGene,-,4/1241
2025-08-27,2025-08-28,code 903f6d41,'Got it working with the two other sheets': COPDGene + FHS added,Asthma,FHS,-,83/634206
2025-08-27,2025-08-28,code 903f6d41,'Got it working with the two other sheets': COPDGene + FHS added,Atrial fibrillation,FHS,-,23/200643
2025-08-27,2025-08-28,code 903f6d41,'Got it working with the two other sheets': COPDGene + FHS added,BMI,ARIC,1/14928,2/6715
2025-08-27,2025-08-28,code 903f6d41,'Got it working with the two other sheets': COPDGene + FHS added,BMI,COPDGene,-,1/272
2025-08-27,2025-08-28,code 903f6d41,'Got it working with the two other sheets': COPDGene + FHS added,BMI,FHS,-,2/35827
2025-08-27,2025-08-28,code 903f6d41,'Got it working with the two other sheets': COPDGene + FHS added,BMI,HCHS/SOL,-,1/12486
2025-08-27,2025-08-28,code 903f6d41,'Got it working with the two other sheets': COPDGene + FHS added,BMI,MESA,-,3/4270
2025-08-27,2025-08-28,code 903f6d41,'Got it working with the two other sheets': COPDGene + FHS added,BMI,WHI,-,3/664794
2025-08-27,2025-08-28,code 903f6d41,'Got it working with the two other sheets': COPDGene + FHS added,BNP,ARIC,-,9/27152
2025-08-27,2025-08-28,code 903f6d41,'Got it working with the two other sheets': COPDGene + FHS added,BNP,CARDIA,1/3583,-
2025-08-27,2025-08-28,code 903f6d41,'Got it working with the two other sheets': COPDGene + FHS added,BNP,FHS,-,4/69388
2025-08-27,2025-08-28,code 903f6d41,'Got it working with the two other sheets': COPDGene + FHS added,BNP,JHS,-,2/5158
2025-08-27,2025-08-28,code 903f6d41,'Got it working with the two other sheets': COPDGene + FHS added,BNP,WHI,-,3/7028
2025-08-27,2025-08-28,code 903f6d41,'Got it working with the two other sheets': COPDGene + FHS added,BUN,CARDIA,23/60884,-
2025-08-27,2025-08-28,code 903f6d41,'Got it working with the two other sheets': COPDGene + FHS added,BUN,CHS,1/554,-
2025-08-27,2025-08-28,code 903f6d41,'Got it working with the two other sheets': COPDGene + FHS added,BUN,FHS,-,4/114884
2025-08-27,2025-08-28,code 903f6d41,'Got it working with the two other sheets': COPDGene + FHS added,BUN,JHS,2/4288,1/2773
2025-08-27,2025-08-28,code 903f6d41,'Got it working with the two other sheets': COPDGene + FHS added,BUN,MESA,68/153345,-
2025-08-27,2025-08-28,code 903f6d41,'Got it working with the two other sheets': COPDGene + FHS added,BUN,WHI,-,1/5928
2025-08-27,2025-08-28,code 903f6d41,'Got it working with the two other sheets': COPDGene + FHS added,BUN Creatinine ratio,ARIC,-,1/14928
2025-08-27,2025-08-28,code 903f6d41,'Got it working with the two other sheets': COPDGene + FHS added,BUN Creatinine ratio,MESA,59/114141,-
2025-08-27,2025-08-28,code 903f6d41,'Got it working with the two other sheets': COPDGene + FHS added,Bilirubin Conjugated Direct,ARIC,9/27152,-
2025-08-27,2025-08-28,code 903f6d41,'Got it working with the two other sheets': COPDGene + FHS added,Bilirubin Conjugated Direct,FHS,-,1/39578
2025-08-27,2025-08-28,code 903f6d41,'Got it working with the two other sheets': COPDGene + FHS added,Bilirubin Conjugated Direct,JHS,2/5158,-
2025-08-27,2025-08-28,code 903f6d41,'Got it working with the two other sheets': COPDGene + FHS added,Bilirubin Conjugated Direct,WHI,3/7028,-
2025-08-27,2025-08-28,code 903f6d41,'Got it working with the two other sheets': COPDGene + FHS added,Bilirubin total,CARDIA,-,1/3583
2025-08-27,2025-08-28,code 903f6d41,'Got it working with the two other sheets': COPDGene + FHS added,Bilirubin total,FHS,-,6/183557
2025-08-27,2025-08-28,code 903f6d41,'Got it working with the two other sheets': COPDGene + FHS added,Bilirubin total,JHS,1/2773,-
2025-08-27,2025-08-28,code 903f6d41,'Got it working with the two other sheets': COPDGene + FHS added,Bilirubin total,WHI,1/5928,-
2025-08-27,2025-08-28,code 903f6d41,'Got it working with the two other sheets': COPDGene + FHS added,Body weight,COPDGene,-,1/272
2025-08-27,2025-08-28,code 903f6d41,'Got it working with the two other sheets': COPDGene + FHS added,Body weight,FHS,-,48/1277287
2025-08-27,2025-08-28,code 903f6d41,'Got it working with the two other sheets': COPDGene + FHS added,CAC Score,ARIC,6/30504,-
2025-08-27,2025-08-28,code 903f6d41,'Got it working with the two other sheets': COPDGene + FHS added,CAC Score,CARDIA,-,23/60884
2025-08-27,2025-08-28,code 903f6d41,'Got it working with the two other sheets': COPDGene + FHS added,CAC Score,CHS,-,1/554
2025-08-27,2025-08-28,code 903f6d41,'Got it working with the two other sheets': COPDGene + FHS added,CAC Score,FHS,-,8/148390
2025-08-27,2025-08-28,code 903f6d41,'Got it working with the two other sheets': COPDGene + FHS added,CAC Score,HCHS/SOL,1/12344,-
2025-08-27,2025-08-28,code 903f6d41,'Got it working with the two other sheets': COPDGene + FHS added,CAC Score,JHS,-,2/4288
2025-08-27,2025-08-28,code 903f6d41,'Got it working with the two other sheets': COPDGene + FHS added,CAC Score,MESA,7/23756,68/153345
2025-08-27,2025-08-28,code 903f6d41,'Got it working with the two other sheets': COPDGene + FHS added,CAC volume,ARIC,5/40321,-
2025-08-27,2025-08-28,code 903f6d41,'Got it working with the two other sheets': COPDGene + FHS added,CAC volume,CHS,2/14252,-
2025-08-27,2025-08-28,code 903f6d41,'Got it working with the two other sheets': COPDGene + FHS added,CAC volume,FHS,-,2/35189
2025-08-27,2025-08-28,code 903f6d41,'Got it working with the two other sheets': COPDGene + FHS added,CAC volume,HCHS/SOL,2/26600,-
2025-08-27,2025-08-28,code 903f6d41,'Got it working with the two other sheets': COPDGene + FHS added,CAC volume,JHS,1/12400,-
2025-08-27,2025-08-28,code 903f6d41,'Got it working with the two other sheets': COPDGene + FHS added,CAC volume,MESA,19/93284,59/114141
2025-08-27,2025-08-28,code 903f6d41,'Got it working with the two other sheets': COPDGene + FHS added,CAC volume,WHI,5/218090,-
2025-08-27,2025-08-28,code 903f6d41,'Got it working with the two other sheets': COPDGene + FHS added,CD40 in blood,ARIC,1/5833,-
2025-08-27,2025-08-28,code 903f6d41,'Got it working with the two other sheets': COPDGene + FHS added,CD40 in blood,FHS,-,1/20471
2025-08-27,2025-08-28,code 903f6d41,'Got it working with the two other sheets': COPDGene + FHS added,CD40 in blood,JHS,1/3839,-
2025-08-27,2025-08-28,code 903f6d41,'Got it working with the two other sheets': COPDGene + FHS added,CD40 in blood,MESA,1/6129,1/964
2025-08-27,2025-08-28,code 903f6d41,'Got it working with the two other sheets': COPDGene + FHS added,CESD score,ARIC,35/783928,6/30504
2025-08-27,2025-08-28,code 903f6d41,'Got it working with the two other sheets': COPDGene + FHS added,CESD score,CARDIA,21/122295,-
2025-08-27,2025-08-28,code 903f6d41,'Got it working with the two other sheets': COPDGene + FHS added,CESD score,CHS,15/177339,-
2025-08-27,2025-08-28,code 903f6d41,'Got it working with the two other sheets': COPDGene + FHS added,CESD score,FHS,-,2/1584
2025-08-27,2025-08-28,code 903f6d41,'Got it working with the two other sheets': COPDGene + FHS added,CESD score,HCHS/SOL,2/31744,1/12344
2025-08-27,2025-08-28,code 903f6d41,'Got it working with the two other sheets': COPDGene + FHS added,CESD score,JHS,9/58835,-
2025-08-27,2025-08-28,code 903f6d41,'Got it working with the two other sheets': COPDGene + FHS added,CESD score,MESA,20/225308,7/23756
2025-08-27,2025-08-28,code 903f6d41,'Got it working with the two other sheets': COPDGene + FHS added,CESD score,WHI,1/424089,-
2025-08-27,2025-08-28,code 903f6d41,'Got it working with the two other sheets': COPDGene + FHS added,Cardiovascular disease,FHS,-,3/60396
2025-08-27,2025-08-28,code 903f6d41,'Got it working with the two other sheets': COPDGene + FHS added,Carotid IMT,FHS,-,4/143726
2025-08-27,2025-08-28,code 903f6d41,'Got it working with the two other sheets': COPDGene + FHS added,Cause of death,FHS,-,8/65700
2025-08-27,2025-08-28,code 903f6d41,'Got it working with the two other sheets': COPDGene + FHS added,Chloride in blood,ARIC,26/166348,1/5833
2025-08-27,2025-08-28,code 903f6d41,'Got it working with the two other sheets': COPDGene + FHS added,Chloride in blood,CARDIA,2/6451,-
2025-08-27,2025-08-28,code 903f6d41,'Got it working with the two other sheets': COPDGene + FHS added,Chloride in blood,FHS,-,2/50336
2025-08-27,2025-08-28,code 903f6d41,'Got it working with the two other sheets': COPDGene + FHS added,Chloride in blood,HCHS/SOL,1/12511,-
2025-08-27,2025-08-28,code 903f6d41,'Got it working with the two other sheets': COPDGene + FHS added,Chloride in blood,JHS,5/17063,1/3839
2025-08-27,2025-08-28,code 903f6d41,'Got it working with the two other sheets': COPDGene + FHS added,Chloride in blood,MESA,2/4534,1/6129
2025-08-27,2025-08-28,code 903f6d41,'Got it working with the two other sheets': COPDGene + FHS added,Chloride in blood,WHI,1/5987,-
2025-08-27,2025-08-28,code 903f6d41,'Got it working with the two other sheets': COPDGene + FHS added,Cigarette smoking,ARIC,5/8791,35/783928
2025-08-27,2025-08-28,code 903f6d41,'Got it working with the two other sheets': COPDGene + FHS added,Cigarette smoking,CARDIA,10/11770,21/122295
2025-08-27,2025-08-28,code 903f6d41,'Got it working with the two other sheets': COPDGene + FHS added,Cigarette smoking,CHS,-,15/177339
2025-08-27,2025-08-28,code 903f6d41,'Got it working with the two other sheets': COPDGene + FHS added,Cigarette smoking,COPDGene,-,2/1088
2025-08-27,2025-08-28,code 903f6d41,'Got it working with the two other sheets': COPDGene + FHS added,Cigarette smoking,FHS,-,69/529812
2025-08-27,2025-08-28,code 903f6d41,'Got it working with the two other sheets': COPDGene + FHS added,Cigarette smoking,HCHS/SOL,1/12474,2/31744
2025-08-27,2025-08-28,code 903f6d41,'Got it working with the two other sheets': COPDGene + FHS added,Cigarette smoking,JHS,7/13439,9/58835
2025-08-27,2025-08-28,code 903f6d41,'Got it working with the two other sheets': COPDGene + FHS added,Cigarette smoking,MESA,6/23867,20/225308
2025-08-27,2025-08-28,code 903f6d41,'Got it working with the two other sheets': COPDGene + FHS added,Cigarette smoking,WHI,-,1/424089
2025-08-27,2025-08-28,code 903f6d41,'Got it working with the two other sheets': COPDGene + FHS added,Creatinine in blood,ARIC,1/11913,26/166348
2025-08-27,2025-08-28,code 903f6d41,'Got it working with the two other sheets': COPDGene + FHS added,Creatinine in blood,CARDIA,-,2/6451
2025-08-27,2025-08-28,code 903f6d41,'Got it working with the two other sheets': COPDGene + FHS added,Creatinine in blood,CHS,2/2821,-
2025-08-27,2025-08-28,code 903f6d41,'Got it working with the two other sheets': COPDGene + FHS added,Creatinine in blood,FHS,-,40/716188
2025-08-27,2025-08-28,code 903f6d41,'Got it working with the two other sheets': COPDGene + FHS added,Creatinine in blood,HCHS/SOL,-,1/12511
2025-08-27,2025-08-28,code 903f6d41,'Got it working with the two other sheets': COPDGene + FHS added,Creatinine in blood,JHS,-,5/17063
2025-08-27,2025-08-28,code 903f6d41,'Got it working with the two other sheets': COPDGene + FHS added,Creatinine in blood,MESA,5/8652,2/4534
2025-08-27,2025-08-28,code 903f6d41,'Got it working with the two other sheets': COPDGene + FHS added,Creatinine in blood,WHI,-,1/5987
2025-08-27,2025-08-28,code 903f6d41,'Got it working with the two other sheets': COPDGene + FHS added,Creatinine in urine,ARIC,60/1346351,5/8791
2025-08-27,2025-08-28,code 903f6d41,'Got it working with the two other sheets': COPDGene + FHS added,Creatinine in urine,CARDIA,8/293,10/11770
2025-08-27,2025-08-28,code 903f6d41,'Got it working with the two other sheets': COPDGene + FHS added,Creatinine in urine,CHS,1/11062,-
2025-08-27,2025-08-28,code 903f6d41,'Got it working with the two other sheets': COPDGene + FHS added,Creatinine in urine,FHS,-,9/198748
2025-08-27,2025-08-28,code 903f6d41,'Got it working with the two other sheets': COPDGene + FHS added,Creatinine in urine,HCHS/SOL,-,1/12474
2025-08-27,2025-08-28,code 903f6d41,'Got it working with the two other sheets': COPDGene + FHS added,Creatinine in urine,JHS,1/1840,7/13439
2025-08-27,2025-08-28,code 903f6d41,'Got it working with the two other sheets': COPDGene + FHS added,Creatinine in urine,MESA,-,6/23867
2025-08-27,2025-08-28,code 903f6d41,'Got it working with the two other sheets': COPDGene + FHS added,Creatinine in urine,WHI,5/1609192,-
2025-08-27,2025-08-28,code 903f6d41,'Got it working with the two other sheets': COPDGene + FHS added,Cystatin C in blood,ARIC,41/838605,8/44017
2025-08-27,2025-08-28,code 903f6d41,'Got it working with the two other sheets': COPDGene + FHS added,Cystatin C in blood,CARDIA,25/96155,-
2025-08-27,2025-08-28,code 903f6d41,'Got it working with the two other sheets': COPDGene + FHS added,Cystatin C in blood,CHS,35/267277,3/27099
2025-08-27,2025-08-28,code 903f6d41,'Got it working with the two other sheets': COPDGene + FHS added,Cystatin C in blood,FHS,-,2/55792
2025-08-27,2025-08-28,code 903f6d41,'Got it working with the two other sheets': COPDGene + FHS added,Cystatin C in blood,HCHS/SOL,5/150186,-
2025-08-27,2025-08-28,code 903f6d41,'Got it working with the two other sheets': COPDGene + FHS added,Cystatin C in blood,JHS,12/168838,1/3783
2025-08-27,2025-08-28,code 903f6d41,'Got it working with the two other sheets': COPDGene + FHS added,Cystatin C in blood,MESA,16/384469,2/10716
2025-08-27,2025-08-28,code 903f6d41,'Got it working with the two other sheets': COPDGene + FHS added,Cystatin C in blood,WHI,4/537428,-
2025-08-27,2025-08-28,code 903f6d41,'Got it working with the two other sheets': COPDGene + FHS added,D-Dimer,ARIC,53/473408,1/11913
2025-08-27,2025-08-28,code 903f6d41,'Got it working with the two other sheets': COPDGene + FHS added,D-Dimer,CARDIA,10/32760,-
2025-08-27,2025-08-28,code 903f6d41,'Got it working with the two other sheets': COPDGene + FHS added,D-Dimer,CHS,-,2/2821
2025-08-27,2025-08-28,code 903f6d41,'Got it working with the two other sheets': COPDGene + FHS added,D-Dimer,FHS,-,2/57321
2025-08-27,2025-08-28,code 903f6d41,'Got it working with the two other sheets': COPDGene + FHS added,D-Dimer,JHS,35/151755,-
2025-08-27,2025-08-28,code 903f6d41,'Got it working with the two other sheets': COPDGene + FHS added,D-Dimer,MESA,-,5/8652
2025-08-27,2025-08-28,code 903f6d41,'Got it working with the two other sheets': COPDGene + FHS added,D-Dimer,WHI,7/2473953,-
2025-08-27,2025-08-28,code 903f6d41,'Got it working with the two other sheets': COPDGene + FHS added,Death,ARIC,-,60/1346351
2025-08-27,2025-08-28,code 903f6d41,'Got it working with the two other sheets': COPDGene + FHS added,Death,CARDIA,-,8/293
2025-08-27,2025-08-28,code 903f6d41,'Got it working with the two other sheets': COPDGene + FHS added,Death,CHS,-,1/11062
2025-08-27,2025-08-28,code 903f6d41,'Got it working with the two other sheets': COPDGene + FHS added,Death,FHS,-,1/3339
2025-08-27,2025-08-28,code 903f6d41,'Got it working with the two other sheets': COPDGene + FHS added,Death,JHS,1/2764,1/1840
2025-08-27,2025-08-28,code 903f6d41,'Got it working with the two other sheets': COPDGene + FHS added,Death,MESA,3/1655,-
2025-08-27,2025-08-28,code 903f6d41,'Got it working with the two other sheets': COPDGene + FHS added,Death,WHI,-,5/1609192
2025-08-27,2025-08-28,code 903f6d41,'Got it working with the two other sheets': COPDGene + FHS added,Diabetes,ARIC,23/169507,41/838605
2025-08-27,2025-08-28,code 903f6d41,'Got it working with the two other sheets': COPDGene + FHS added,Diabetes,CARDIA,-,25/96155
2025-08-27,2025-08-28,code 903f6d41,'Got it working with the two other sheets': COPDGene + FHS added,Diabetes,CHS,-,35/267277
2025-08-27,2025-08-28,code 903f6d41,'Got it working with the two other sheets': COPDGene + FHS added,Diabetes,COPDGene,-,1/544
2025-08-27,2025-08-28,code 903f6d41,'Got it working with the two other sheets': COPDGene + FHS added,Diabetes,FHS,-,80/546341
2025-08-27,2025-08-28,code 903f6d41,'Got it working with the two other sheets': COPDGene + FHS added,Diabetes,HCHS/SOL,2/23520,5/150186
2025-08-27,2025-08-28,code 903f6d41,'Got it working with the two other sheets': COPDGene + FHS added,Diabetes,JHS,2/7678,12/168838
2025-08-27,2025-08-28,code 903f6d41,'Got it working with the two other sheets': COPDGene + FHS added,Diabetes,MESA,13/40860,16/384469
2025-08-27,2025-08-28,code 903f6d41,'Got it working with the two other sheets': COPDGene + FHS added,Diabetes,WHI,-,4/537428
2025-08-27,2025-08-28,code 903f6d41,'Got it working with the two other sheets': COPDGene + FHS added,Diastolic blood pressure,ARIC,2/130077,53/473408
2025-08-27,2025-08-28,code 903f6d41,'Got it working with the two other sheets': COPDGene + FHS added,Diastolic blood pressure,CARDIA,11/38479,10/32760
2025-08-27,2025-08-28,code 903f6d41,'Got it working with the two other sheets': COPDGene + FHS added,Diastolic blood pressure,CHS,2/55150,-
2025-08-27,2025-08-28,code 903f6d41,'Got it working with the two other sheets': COPDGene + FHS added,Diastolic blood pressure,COPDGene,-,1/272
2025-08-27,2025-08-28,code 903f6d41,'Got it working with the two other sheets': COPDGene + FHS added,Diastolic blood pressure,HCHS/SOL,1/37500,-
2025-08-27,2025-08-28,code 903f6d41,'Got it working with the two other sheets': COPDGene + FHS added,Diastolic blood pressure,JHS,1/11613,35/151755
2025-08-27,2025-08-28,code 903f6d41,'Got it working with the two other sheets': COPDGene + FHS added,Diastolic blood pressure,MESA,4/69778,-
2025-08-27,2025-08-28,code 903f6d41,'Got it working with the two other sheets': COPDGene + FHS added,Diastolic blood pressure,WHI,-,7/2473953
2025-08-27,2025-08-28,code 903f6d41,'Got it working with the two other sheets': COPDGene + FHS added,E-selectin in blood,ARIC,1/11696,-
2025-08-27,2025-08-28,code 903f6d41,'Got it working with the two other sheets': COPDGene + FHS added,E-selectin in blood,CARDIA,1/668,-
2025-08-27,2025-08-28,code 903f6d41,'Got it working with the two other sheets': COPDGene + FHS added,E-selectin in blood,CHS,2/11022,-
2025-08-27,2025-08-28,code 903f6d41,'Got it working with the two other sheets': COPDGene + FHS added,E-selectin in blood,FHS,-,1/9911
2025-08-27,2025-08-28,code 903f6d41,'Got it working with the two other sheets': COPDGene + FHS added,E-selectin in blood,JHS,-,1/2764
2025-08-27,2025-08-28,code 903f6d41,'Got it working with the two other sheets': COPDGene + FHS added,E-selectin in blood,MESA,24/288902,3/1655
2025-08-27,2025-08-28,code 903f6d41,'Got it working with the two other sheets': COPDGene + FHS added,EGFR,ARIC,-,23/169507
2025-08-27,2025-08-28,code 903f6d41,'Got it working with the two other sheets': COPDGene + FHS added,EGFR,HCHS/SOL,-,2/23520
2025-08-27,2025-08-28,code 903f6d41,'Got it working with the two other sheets': COPDGene + FHS added,EGFR,JHS,-,2/7678
2025-08-27,2025-08-28,code 903f6d41,'Got it working with the two other sheets': COPDGene + FHS added,EGFR,MESA,3/475,13/40860
2025-08-27,2025-08-28,code 903f6d41,'Got it working with the two other sheets': COPDGene + FHS added,Education level,ARIC,5/13750,2/130077
2025-08-27,2025-08-28,code 903f6d41,'Got it working with the two other sheets': COPDGene + FHS added,Education level,CARDIA,26/66865,11/38479
2025-08-27,2025-08-28,code 903f6d41,'Got it working with the two other sheets': COPDGene + FHS added,Education level,CHS,3/11228,2/55150
2025-08-27,2025-08-28,code 903f6d41,'Got it working with the two other sheets': COPDGene + FHS added,Education level,COPDGene,-,1/1632
2025-08-27,2025-08-28,code 903f6d41,'Got it working with the two other sheets': COPDGene + FHS added,Education level,FHS,-,4/227907
2025-08-27,2025-08-28,code 903f6d41,'Got it working with the two other sheets': COPDGene + FHS added,Education level,HCHS/SOL,1/12007,1/37500
2025-08-27,2025-08-28,code 903f6d41,'Got it working with the two other sheets': COPDGene + FHS added,Education level,JHS,6/25716,1/11613
2025-08-27,2025-08-28,code 903f6d41,'Got it working with the two other sheets': COPDGene + FHS added,Education level,MESA,3/4157,4/69778
2025-08-27,2025-08-28,code 903f6d41,'Got it working with the two other sheets': COPDGene + FHS added,Ethnicity,ARIC,3/104673,1/11696
2025-08-27,2025-08-28,code 903f6d41,'Got it working with the two other sheets': COPDGene + FHS added,Ethnicity,CARDIA,4/4636,1/668
2025-08-27,2025-08-28,code 903f6d41,'Got it working with the two other sheets': COPDGene + FHS added,Ethnicity,CHS,5/15188,2/11022
2025-08-27,2025-08-28,code 903f6d41,'Got it working with the two other sheets': COPDGene + FHS added,Ethnicity,COPDGene,-,1/544
2025-08-27,2025-08-28,code 903f6d41,'Got it working with the two other sheets': COPDGene + FHS added,Ethnicity,FHS,-,7/36423
2025-08-27,2025-08-28,code 903f6d41,'Got it working with the two other sheets': COPDGene + FHS added,Ethnicity,MESA,-,24/288902
2025-08-27,2025-08-28,code 903f6d41,'Got it working with the two other sheets': COPDGene + FHS added,Ethnicity,WHI,2/30201,-
2025-08-27,2025-08-28,code 903f6d41,'Got it working with the two other sheets': COPDGene + FHS added,FEV1 - Forced Expiratory Volume in 1 sec,ARIC,18/1574716,5/13750
2025-08-27,2025-08-28,code 903f6d41,'Got it working with the two other sheets': COPDGene + FHS added,FEV1 - Forced Expiratory Volume in 1 sec,CARDIA,12/40644,26/66865
2025-08-27,2025-08-28,code 903f6d41,'Got it working with the two other sheets': COPDGene + FHS added,FEV1 - Forced Expiratory Volume in 1 sec,CHS,2/5062,3/11228
2025-08-27,2025-08-28,code 903f6d41,'Got it working with the two other sheets': COPDGene + FHS added,FEV1 - Forced Expiratory Volume in 1 sec,COPDGene,-,1/271
2025-08-27,2025-08-28,code 903f6d41,'Got it working with the two other sheets': COPDGene + FHS added,FEV1 - Forced Expiratory Volume in 1 sec,FHS,-,16/330748
2025-08-27,2025-08-28,code 903f6d41,'Got it working with the two other sheets': COPDGene + FHS added,FEV1 - Forced Expiratory Volume in 1 sec,HCHS/SOL,-,1/12007
2025-08-27,2025-08-28,code 903f6d41,'Got it working with the two other sheets': COPDGene + FHS added,FEV1 - Forced Expiratory Volume in 1 sec,JHS,-,6/25716
2025-08-27,2025-08-28,code 903f6d41,'Got it working with the two other sheets': COPDGene + FHS added,FEV1 - Forced Expiratory Volume in 1 sec,MESA,2/8534,3/4157
2025-08-27,2025-08-28,code 903f6d41,'Got it working with the two other sheets': COPDGene + FHS added,FEV1 - Forced Expiratory Volume in 1 sec,WHI,3/1018181,-
2025-08-27,2025-08-28,code 903f6d41,'Got it working with the two other sheets': COPDGene + FHS added,FEV1 FVC,COPDGene,-,1/269
2025-08-27,2025-08-28,code 903f6d41,'Got it working with the two other sheets': COPDGene + FHS added,FEV1 FVC,MESA,2/10923,3/475
2025-08-27,2025-08-28,code 903f6d41,'Got it working with the two other sheets': COPDGene + FHS added,FVC - Forced Vital Capacity,ARIC,29/307974,11/74391
2025-08-27,2025-08-28,code 903f6d41,'Got it working with the two other sheets': COPDGene + FHS added,FVC - Forced Vital Capacity,CARDIA,11/37429,24/61017
2025-08-27,2025-08-28,code 903f6d41,'Got it working with the two other sheets': COPDGene + FHS added,FVC - Forced Vital Capacity,CHS,4/14783,3/11227
2025-08-27,2025-08-28,code 903f6d41,'Got it working with the two other sheets': COPDGene + FHS added,FVC - Forced Vital Capacity,COPDGene,-,1/261
2025-08-27,2025-08-28,code 903f6d41,'Got it working with the two other sheets': COPDGene + FHS added,FVC - Forced Vital Capacity,FHS,-,17/344443
2025-08-27,2025-08-28,code 903f6d41,'Got it working with the two other sheets': COPDGene + FHS added,FVC - Forced Vital Capacity,HCHS/SOL,1/12510,1/12007
2025-08-27,2025-08-28,code 903f6d41,'Got it working with the two other sheets': COPDGene + FHS added,FVC - Forced Vital Capacity,JHS,12/32995,6/33082
2025-08-27,2025-08-28,code 903f6d41,'Got it working with the two other sheets': COPDGene + FHS added,FVC - Forced Vital Capacity,MESA,16/60439,3/4142
2025-08-27,2025-08-28,code 903f6d41,'Got it working with the two other sheets': COPDGene + FHS added,FVC - Forced Vital Capacity,WHI,3/46672,-
2025-08-27,2025-08-28,code 903f6d41,'Got it working with the two other sheets': COPDGene + FHS added,Factor VII,ARIC,2/118865,3/104673
2025-08-27,2025-08-28,code 903f6d41,'Got it working with the two other sheets': COPDGene + FHS added,Factor VII,CARDIA,2/2989,4/4636
2025-08-27,2025-08-28,code 903f6d41,'Got it working with the two other sheets': COPDGene + FHS added,Factor VII,CHS,1/4817,5/15188
2025-08-27,2025-08-28,code 903f6d41,'Got it working with the two other sheets': COPDGene + FHS added,Factor VII,FHS,-,4/84304
2025-08-27,2025-08-28,code 903f6d41,'Got it working with the two other sheets': COPDGene + FHS added,Factor VII,MESA,3/13716,-
2025-08-27,2025-08-28,code 903f6d41,'Got it working with the two other sheets': COPDGene + FHS added,Factor VII,WHI,-,2/30201
2025-08-27,2025-08-28,code 903f6d41,'Got it working with the two other sheets': COPDGene + FHS added,Factor VIII,ARIC,9/214709,2/118865
2025-08-27,2025-08-28,code 903f6d41,'Got it working with the two other sheets': COPDGene + FHS added,Factor VIII,CARDIA,12/158728,2/2989
2025-08-27,2025-08-28,code 903f6d41,'Got it working with the two other sheets': COPDGene + FHS added,Factor VIII,CHS,-,1/4817
2025-08-27,2025-08-28,code 903f6d41,'Got it working with the two other sheets': COPDGene + FHS added,Factor VIII,FHS,-,3/52635
2025-08-27,2025-08-28,code 903f6d41,'Got it working with the two other sheets': COPDGene + FHS added,Factor VIII,JHS,9/82884,-
2025-08-27,2025-08-28,code 903f6d41,'Got it working with the two other sheets': COPDGene + FHS added,Factor VIII,MESA,3/70631,3/13716
2025-08-27,2025-08-28,code 903f6d41,'Got it working with the two other sheets': COPDGene + FHS added,Family history of stroke,ARIC,2/250531,9/214709
2025-08-27,2025-08-28,code 903f6d41,'Got it working with the two other sheets': COPDGene + FHS added,Family history of stroke,CARDIA,4/131250,12/158728
2025-08-27,2025-08-28,code 903f6d41,'Got it working with the two other sheets': COPDGene + FHS added,Family history of stroke,CHS,3/94710,-
2025-08-27,2025-08-28,code 903f6d41,'Got it working with the two other sheets': COPDGene + FHS added,Family history of stroke,FHS,-,2/24124
2025-08-27,2025-08-28,code 903f6d41,'Got it working with the two other sheets': COPDGene + FHS added,Family history of stroke,JHS,9/98195,9/82884
2025-08-27,2025-08-28,code 903f6d41,'Got it working with the two other sheets': COPDGene + FHS added,Family history of stroke,MESA,8/244130,3/70631
2025-08-27,2025-08-28,code 903f6d41,'Got it working with the two other sheets': COPDGene + FHS added,Family history of stroke,WHI,3/2509237,-
2025-08-27,2025-08-28,code 903f6d41,'Got it working with the two other sheets': COPDGene + FHS added,Family income,ARIC,9/66457,2/250531
2025-08-27,2025-08-28,code 903f6d41,'Got it working with the two other sheets': COPDGene + FHS added,Family income,CARDIA,2/6434,4/131250
2025-08-27,2025-08-28,code 903f6d41,'Got it working with the two other sheets': COPDGene + FHS added,Family income,CHS,1/3138,3/94710
2025-08-27,2025-08-28,code 903f6d41,'Got it working with the two other sheets': COPDGene + FHS added,Family income,FHS,-,4/89132
2025-08-27,2025-08-28,code 903f6d41,'Got it working with the two other sheets': COPDGene + FHS added,Family income,HCHS/SOL,1/12510,-
2025-08-27,2025-08-28,code 903f6d41,'Got it working with the two other sheets': COPDGene + FHS added,Family income,JHS,3/8062,9/98195
2025-08-27,2025-08-28,code 903f6d41,'Got it working with the two other sheets': COPDGene + FHS added,Family income,MESA,13/37371,8/244130
2025-08-27,2025-08-28,code 903f6d41,'Got it working with the two other sheets': COPDGene + FHS added,Family income,WHI,-,3/2509237
2025-08-27,2025-08-28,code 903f6d41,'Got it working with the two other sheets': COPDGene + FHS added,Fasting blood glucose,ARIC,2/57908,9/66457
2025-08-27,2025-08-28,code 903f6d41,'Got it working with the two other sheets': COPDGene + FHS added,Fasting blood glucose,CARDIA,2/10838,2/6434
2025-08-27,2025-08-28,code 903f6d41,'Got it working with the two other sheets': COPDGene + FHS added,Fasting blood glucose,CHS,1/4639,1/3138
2025-08-27,2025-08-28,code 903f6d41,'Got it working with the two other sheets': COPDGene + FHS added,Fasting blood glucose,FHS,-,14/390940
2025-08-27,2025-08-28,code 903f6d41,'Got it working with the two other sheets': COPDGene + FHS added,Fasting blood glucose,HCHS/SOL,1/11759,1/12510
2025-08-27,2025-08-28,code 903f6d41,'Got it working with the two other sheets': COPDGene + FHS added,Fasting blood glucose,JHS,-,3/8062
2025-08-27,2025-08-28,code 903f6d41,'Got it working with the two other sheets': COPDGene + FHS added,Fasting blood glucose,MESA,3/8262,13/37371
2025-08-27,2025-08-28,code 903f6d41,'Got it working with the two other sheets': COPDGene + FHS added,Fasting lipids,ARIC,-,2/57908
2025-08-27,2025-08-28,code 903f6d41,'Got it working with the two other sheets': COPDGene + FHS added,Fasting lipids,CARDIA,-,2/10838
2025-08-27,2025-08-28,code 903f6d41,'Got it working with the two other sheets': COPDGene + FHS added,Fasting lipids,CHS,-,1/4639
2025-08-27,2025-08-28,code 903f6d41,'Got it working with the two other sheets': COPDGene + FHS added,Fasting lipids,FHS,-,14/297895
2025-08-27,2025-08-28,code 903f6d41,'Got it working with the two other sheets': COPDGene + FHS added,Fasting lipids,HCHS/SOL,1/12300,1/11759
2025-08-27,2025-08-28,code 903f6d41,'Got it working with the two other sheets': COPDGene + FHS added,Fasting lipids,JHS,1/3811,-
2025-08-27,2025-08-28,code 903f6d41,'Got it working with the two other sheets': COPDGene + FHS added,Fasting lipids,MESA,-,3/8262
2025-08-27,2025-08-28,code 903f6d41,'Got it working with the two other sheets': COPDGene + FHS added,Ferritin,ARIC,2/15778,-
2025-08-27,2025-08-28,code 903f6d41,'Got it working with the two other sheets': COPDGene + FHS added,Ferritin,CARDIA,5/10916,-
2025-08-27,2025-08-28,code 903f6d41,'Got it working with the two other sheets': COPDGene + FHS added,Ferritin,CHS,4/14677,-
2025-08-27,2025-08-28,code 903f6d41,'Got it working with the two other sheets': COPDGene + FHS added,Ferritin,FHS,-,2/32164
2025-08-27,2025-08-28,code 903f6d41,'Got it working with the two other sheets': COPDGene + FHS added,Ferritin,HCHS/SOL,-,1/12300
2025-08-27,2025-08-28,code 903f6d41,'Got it working with the two other sheets': COPDGene + FHS added,Ferritin,JHS,-,1/3811
2025-08-27,2025-08-28,code 903f6d41,'Got it working with the two other sheets': COPDGene + FHS added,Ferritin,MESA,4/8936,-
2025-08-27,2025-08-28,code 903f6d41,'Got it working with the two other sheets': COPDGene + FHS added,Ferritin,WHI,1/15167,-
2025-08-27,2025-08-28,code 903f6d41,'Got it working with the two other sheets': COPDGene + FHS added,Fibrinogen,ARIC,1/57908,2/15778
2025-08-27,2025-08-28,code 903f6d41,'Got it working with the two other sheets': COPDGene + FHS added,Fibrinogen,CARDIA,1/14488,5/10916
2025-08-27,2025-08-28,code 903f6d41,'Got it working with the two other sheets': COPDGene + FHS added,Fibrinogen,CHS,-,4/14677
2025-08-27,2025-08-28,code 903f6d41,'Got it working with the two other sheets': COPDGene + FHS added,Fibrinogen,FHS,-,9/188397
2025-08-27,2025-08-28,code 903f6d41,'Got it working with the two other sheets': COPDGene + FHS added,Fibrinogen,MESA,-,4/8936
2025-08-27,2025-08-28,code 903f6d41,'Got it working with the two other sheets': COPDGene + FHS added,Fibrinogen,WHI,-,1/15167
2025-08-27,2025-08-28,code 903f6d41,'Got it working with the two other sheets': COPDGene + FHS added,Fruits,ARIC,14/144526,18/1574716
2025-08-27,2025-08-28,code 903f6d41,'Got it working with the two other sheets': COPDGene + FHS added,Fruits,CARDIA,4/13512,12/40644
2025-08-27,2025-08-28,code 903f6d41,'Got it working with the two other sheets': COPDGene + FHS added,Fruits,CHS,4/14708,2/5062
2025-08-27,2025-08-28,code 903f6d41,'Got it working with the two other sheets': COPDGene + FHS added,Fruits,FHS,-,122/2740115
2025-08-27,2025-08-28,code 903f6d41,'Got it working with the two other sheets': COPDGene + FHS added,Fruits,JHS,4/10187,-
2025-08-27,2025-08-28,code 903f6d41,'Got it working with the two other sheets': COPDGene + FHS added,Fruits,MESA,1/184,2/8534
2025-08-27,2025-08-28,code 903f6d41,'Got it working with the two other sheets': COPDGene + FHS added,Fruits,WHI,1/15759,3/1018181
2025-08-27,2025-08-28,code 903f6d41,'Got it working with the two other sheets': COPDGene + FHS added,GFR,ARIC,1/52146,-
2025-08-27,2025-08-28,code 903f6d41,'Got it working with the two other sheets': COPDGene + FHS added,GFR,MESA,-,2/10923
2025-08-27,2025-08-28,code 903f6d41,'Got it working with the two other sheets': COPDGene + FHS added,Glucose in blood,ARIC,43/352157,14/144526
2025-08-27,2025-08-28,code 903f6d41,'Got it working with the two other sheets': COPDGene + FHS added,Glucose in blood,CARDIA,25/60109,4/13512
2025-08-27,2025-08-28,code 903f6d41,'Got it working with the two other sheets': COPDGene + FHS added,Glucose in blood,CHS,76/207281,4/14708
2025-08-27,2025-08-28,code 903f6d41,'Got it working with the two other sheets': COPDGene + FHS added,Glucose in blood,FHS,-,83/2015794
2025-08-27,2025-08-28,code 903f6d41,'Got it working with the two other sheets': COPDGene + FHS added,Glucose in blood,HCHS/SOL,2/24802,-
2025-08-27,2025-08-28,code 903f6d41,'Got it working with the two other sheets': COPDGene + FHS added,Glucose in blood,JHS,11/113548,4/10187
2025-08-27,2025-08-28,code 903f6d41,'Got it working with the two other sheets': COPDGene + FHS added,Glucose in blood,MESA,41/125877,1/184
2025-08-27,2025-08-28,code 903f6d41,'Got it working with the two other sheets': COPDGene + FHS added,Glucose in blood,WHI,2/172893,1/15759
2025-08-27,2025-08-28,code 903f6d41,'Got it working with the two other sheets': COPDGene + FHS added,HDL,ARIC,20/177109,29/307974
2025-08-27,2025-08-28,code 903f6d41,'Got it working with the two other sheets': COPDGene + FHS added,HDL,CARDIA,14/36658,11/37429
2025-08-27,2025-08-28,code 903f6d41,'Got it working with the two other sheets': COPDGene + FHS added,HDL,CHS,9/39071,4/14783
2025-08-27,2025-08-28,code 903f6d41,'Got it working with the two other sheets': COPDGene + FHS added,HDL,FHS,-,51/1099714
2025-08-27,2025-08-28,code 903f6d41,'Got it working with the two other sheets': COPDGene + FHS added,HDL,HCHS/SOL,1/12504,1/12510
2025-08-27,2025-08-28,code 903f6d41,'Got it working with the two other sheets': COPDGene + FHS added,HDL,JHS,10/43301,12/32995
2025-08-27,2025-08-28,code 903f6d41,'Got it working with the two other sheets': COPDGene + FHS added,HDL,MESA,13/34249,16/60439
2025-08-27,2025-08-28,code 903f6d41,'Got it working with the two other sheets': COPDGene + FHS added,HDL,WHI,3/621786,3/46672
2025-08-27,2025-08-28,code 903f6d41,'Got it working with the two other sheets': COPDGene + FHS added,Heart rate,ARIC,10/146690,43/352157
2025-08-27,2025-08-28,code 903f6d41,'Got it working with the two other sheets': COPDGene + FHS added,Heart rate,CARDIA,2/7204,25/60109
2025-08-27,2025-08-28,code 903f6d41,'Got it working with the two other sheets': COPDGene + FHS added,Heart rate,CHS,4/20115,76/207281
2025-08-27,2025-08-28,code 903f6d41,'Got it working with the two other sheets': COPDGene + FHS added,Heart rate,COPDGene,-,1/272
2025-08-27,2025-08-28,code 903f6d41,'Got it working with the two other sheets': COPDGene + FHS added,Heart rate,FHS,-,51/1359812
2025-08-27,2025-08-28,code 903f6d41,'Got it working with the two other sheets': COPDGene + FHS added,Heart rate,HCHS/SOL,1/12420,2/24802
2025-08-27,2025-08-28,code 903f6d41,'Got it working with the two other sheets': COPDGene + FHS added,Heart rate,JHS,1/3746,11/113548
2025-08-27,2025-08-28,code 903f6d41,'Got it working with the two other sheets': COPDGene + FHS added,Heart rate,MESA,1/900,41/125877
2025-08-27,2025-08-28,code 903f6d41,'Got it working with the two other sheets': COPDGene + FHS added,Heart rate,WHI,2/213421,2/172893
2025-08-27,2025-08-28,code 903f6d41,'Got it working with the two other sheets': COPDGene + FHS added,Height,ARIC,10/89898,20/177109
2025-08-27,2025-08-28,code 903f6d41,'Got it working with the two other sheets': COPDGene + FHS added,Height,CARDIA,2/7204,14/36658
2025-08-27,2025-08-28,code 903f6d41,'Got it working with the two other sheets': COPDGene + FHS added,Height,CHS,4/14668,9/39071
2025-08-27,2025-08-28,code 903f6d41,'Got it working with the two other sheets': COPDGene + FHS added,Height,COPDGene,-,1/272
2025-08-27,2025-08-28,code 903f6d41,'Got it working with the two other sheets': COPDGene + FHS added,Height,FHS,-,84/1893232
2025-08-27,2025-08-28,code 903f6d41,'Got it working with the two other sheets': COPDGene + FHS added,Height,HCHS/SOL,1/12420,1/12504
2025-08-27,2025-08-28,code 903f6d41,'Got it working with the two other sheets': COPDGene + FHS added,Height,JHS,1/3746,10/43301
2025-08-27,2025-08-28,code 903f6d41,'Got it working with the two other sheets': COPDGene + FHS added,Height,MESA,2/3655,13/34249
2025-08-27,2025-08-28,code 903f6d41,'Got it working with the two other sheets': COPDGene + FHS added,Height,WHI,2/213462,3/621786
2025-08-27,2025-08-28,code 903f6d41,'Got it working with the two other sheets': COPDGene + FHS added,Hematocrit,ARIC,4/8921,10/146690
2025-08-27,2025-08-28,code 903f6d41,'Got it working with the two other sheets': COPDGene + FHS added,Hematocrit,CARDIA,-,2/7204
2025-08-27,2025-08-28,code 903f6d41,'Got it working with the two other sheets': COPDGene + FHS added,Hematocrit,CHS,-,4/20115
2025-08-27,2025-08-28,code 903f6d41,'Got it working with the two other sheets': COPDGene + FHS added,Hematocrit,FHS,-,22/606133
2025-08-27,2025-08-28,code 903f6d41,'Got it working with the two other sheets': COPDGene + FHS added,Hematocrit,HCHS/SOL,1/12467,1/12420
2025-08-27,2025-08-28,code 903f6d41,'Got it working with the two other sheets': COPDGene + FHS added,Hematocrit,JHS,10/26755,1/3746
2025-08-27,2025-08-28,code 903f6d41,'Got it working with the two other sheets': COPDGene + FHS added,Hematocrit,MESA,3/10326,1/900
2025-08-27,2025-08-28,code 903f6d41,'Got it working with the two other sheets': COPDGene + FHS added,Hematocrit,WHI,-,2/213421
2025-08-27,2025-08-28,code 903f6d41,'Got it working with the two other sheets': COPDGene + FHS added,Hemoglobin,ARIC,5/54810,10/89898
2025-08-27,2025-08-28,code 903f6d41,'Got it working with the two other sheets': COPDGene + FHS added,Hemoglobin,CARDIA,10/33281,2/7204
2025-08-27,2025-08-28,code 903f6d41,'Got it working with the two other sheets': COPDGene + FHS added,Hemoglobin,CHS,4/14989,4/14668
2025-08-27,2025-08-28,code 903f6d41,'Got it working with the two other sheets': COPDGene + FHS added,Hemoglobin,FHS,-,9/327679
2025-08-27,2025-08-28,code 903f6d41,'Got it working with the two other sheets': COPDGene + FHS added,Hemoglobin,HCHS/SOL,1/12485,1/12420
2025-08-27,2025-08-28,code 903f6d41,'Got it working with the two other sheets': COPDGene + FHS added,Hemoglobin,JHS,4/11748,1/3746
2025-08-27,2025-08-28,code 903f6d41,'Got it working with the two other sheets': COPDGene + FHS added,Hemoglobin,MESA,7/28176,2/3655
2025-08-27,2025-08-28,code 903f6d41,'Got it working with the two other sheets': COPDGene + FHS added,Hemoglobin,WHI,1/379632,2/213462
2025-08-27,2025-08-28,code 903f6d41,'Got it working with the two other sheets': COPDGene + FHS added,Hemoglobin A1c,ARIC,30/631205,4/8921
2025-08-27,2025-08-28,code 903f6d41,'Got it working with the two other sheets': COPDGene + FHS added,Hemoglobin A1c,CARDIA,5/8826,-
2025-08-27,2025-08-28,code 903f6d41,'Got it working with the two other sheets': COPDGene + FHS added,Hemoglobin A1c,CHS,4/33470,-
2025-08-27,2025-08-28,code 903f6d41,'Got it working with the two other sheets': COPDGene + FHS added,Hemoglobin A1c,FHS,-,4/104335
2025-08-27,2025-08-28,code 903f6d41,'Got it working with the two other sheets': COPDGene + FHS added,Hemoglobin A1c,HCHS/SOL,-,1/12467
2025-08-27,2025-08-28,code 903f6d41,'Got it working with the two other sheets': COPDGene + FHS added,Hemoglobin A1c,JHS,4/52210,10/26755
2025-08-27,2025-08-28,code 903f6d41,'Got it working with the two other sheets': COPDGene + FHS added,Hemoglobin A1c,MESA,6/70198,3/10326
2025-08-27,2025-08-28,code 903f6d41,'Got it working with the two other sheets': COPDGene + FHS added,Hemoglobin A1c,WHI,8/363960,-
2025-08-27,2025-08-28,code 903f6d41,'Got it working with the two other sheets': COPDGene + FHS added,Hip circumference,ARIC,9/176553,5/54810
2025-08-27,2025-08-28,code 903f6d41,'Got it working with the two other sheets': COPDGene + FHS added,Hip circumference,CARDIA,-,10/33281
2025-08-27,2025-08-28,code 903f6d41,'Got it working with the two other sheets': COPDGene + FHS added,Hip circumference,CHS,5/36495,4/14989
2025-08-27,2025-08-28,code 903f6d41,'Got it working with the two other sheets': COPDGene + FHS added,Hip circumference,FHS,-,27/577172
2025-08-27,2025-08-28,code 903f6d41,'Got it working with the two other sheets': COPDGene + FHS added,Hip circumference,HCHS/SOL,-,1/12485
2025-08-27,2025-08-28,code 903f6d41,'Got it working with the two other sheets': COPDGene + FHS added,Hip circumference,JHS,11/24803,4/11748
2025-08-27,2025-08-28,code 903f6d41,'Got it working with the two other sheets': COPDGene + FHS added,Hip circumference,MESA,-,7/28176
2025-08-27,2025-08-28,code 903f6d41,'Got it working with the two other sheets': COPDGene + FHS added,Hip circumference,WHI,3/850918,1/379632
2025-08-27,2025-08-28,code 903f6d41,'Got it working with the two other sheets': COPDGene + FHS added,History of cardiovascular disease,ARIC,13/192105,30/631205
2025-08-27,2025-08-28,code 903f6d41,'Got it working with the two other sheets': COPDGene + FHS added,History of cardiovascular disease,CARDIA,2/0,5/8826
2025-08-27,2025-08-28,code 903f6d41,'Got it working with the two other sheets': COPDGene + FHS added,History of cardiovascular disease,CHS,4/32958,4/33470
2025-08-27,2025-08-28,code 903f6d41,'Got it working with the two other sheets': COPDGene + FHS added,History of cardiovascular disease,FHS,-,3/91014
2025-08-27,2025-08-28,code 903f6d41,'Got it working with the two other sheets': COPDGene + FHS added,History of cardiovascular disease,JHS,9/21436,4/52210
2025-08-27,2025-08-28,code 903f6d41,'Got it working with the two other sheets': COPDGene + FHS added,History of cardiovascular disease,MESA,5/28158,6/70198
2025-08-27,2025-08-28,code 903f6d41,'Got it working with the two other sheets': COPDGene + FHS added,History of cardiovascular disease,WHI,3/570946,8/363960
2025-08-27,2025-08-28,code 903f6d41,'Got it working with the two other sheets': COPDGene + FHS added,History of coronary angioplasty,ARIC,26/447008,9/176553
2025-08-27,2025-08-28,code 903f6d41,'Got it working with the two other sheets': COPDGene + FHS added,History of coronary angioplasty,CARDIA,14/9748,-
2025-08-27,2025-08-28,code 903f6d41,'Got it working with the two other sheets': COPDGene + FHS added,History of coronary angioplasty,CHS,2/10800,5/36495
2025-08-27,2025-08-28,code 903f6d41,'Got it working with the two other sheets': COPDGene + FHS added,History of coronary angioplasty,COPDGene,-,1/544
2025-08-27,2025-08-28,code 903f6d41,'Got it working with the two other sheets': COPDGene + FHS added,History of coronary angioplasty,FHS,-,12/63198
2025-08-27,2025-08-28,code 903f6d41,'Got it working with the two other sheets': COPDGene + FHS added,History of coronary angioplasty,JHS,-,11/24803
2025-08-27,2025-08-28,code 903f6d41,'Got it working with the two other sheets': COPDGene + FHS added,History of coronary angioplasty,MESA,6/264105,-
2025-08-27,2025-08-28,code 903f6d41,'Got it working with the two other sheets': COPDGene + FHS added,History of coronary angioplasty,WHI,1/13602,3/850918
2025-08-27,2025-08-28,code 903f6d41,'Got it working with the two other sheets': COPDGene + FHS added,History of coronary artery bypass graft,ARIC,21/400625,13/192105
2025-08-27,2025-08-28,code 903f6d41,'Got it working with the two other sheets': COPDGene + FHS added,History of coronary artery bypass graft,CARDIA,2/1306,2/0
2025-08-27,2025-08-28,code 903f6d41,'Got it working with the two other sheets': COPDGene + FHS added,History of coronary artery bypass graft,CHS,11/89443,4/32958
2025-08-27,2025-08-28,code 903f6d41,'Got it working with the two other sheets': COPDGene + FHS added,History of coronary artery bypass graft,COPDGene,-,1/544
2025-08-27,2025-08-28,code 903f6d41,'Got it working with the two other sheets': COPDGene + FHS added,History of coronary artery bypass graft,FHS,-,11/50156
2025-08-27,2025-08-28,code 903f6d41,'Got it working with the two other sheets': COPDGene + FHS added,History of coronary artery bypass graft,HCHS/SOL,1/24998,-
2025-08-27,2025-08-28,code 903f6d41,'Got it working with the two other sheets': COPDGene + FHS added,History of coronary artery bypass graft,JHS,7/118653,9/21436
2025-08-27,2025-08-28,code 903f6d41,'Got it working with the two other sheets': COPDGene + FHS added,History of coronary artery bypass graft,MESA,1/4725,5/28158
2025-08-27,2025-08-28,code 903f6d41,'Got it working with the two other sheets': COPDGene + FHS added,History of coronary artery bypass graft,WHI,13/1771615,3/570946
2025-08-27,2025-08-28,code 903f6d41,'Got it working with the two other sheets': COPDGene + FHS added,History of heart disease,ARIC,65/2968463,26/447008
2025-08-27,2025-08-28,code 903f6d41,'Got it working with the two other sheets': COPDGene + FHS added,History of heart disease,CARDIA,11/4836,14/9748
2025-08-27,2025-08-28,code 903f6d41,'Got it working with the two other sheets': COPDGene + FHS added,History of heart disease,CHS,12/102144,2/10800
2025-08-27,2025-08-28,code 903f6d41,'Got it working with the two other sheets': COPDGene + FHS added,History of heart disease,FHS,-,77/798690
2025-08-27,2025-08-28,code 903f6d41,'Got it working with the two other sheets': COPDGene + FHS added,History of heart disease,HCHS/SOL,2/49844,-
2025-08-27,2025-08-28,code 903f6d41,'Got it working with the two other sheets': COPDGene + FHS added,History of heart disease,JHS,12/275032,-
2025-08-27,2025-08-28,code 903f6d41,'Got it working with the two other sheets': COPDGene + FHS added,History of heart disease,MESA,7/218026,6/264105
2025-08-27,2025-08-28,code 903f6d41,'Got it working with the two other sheets': COPDGene + FHS added,History of heart disease,WHI,3/586304,1/13602
2025-08-27,2025-08-28,code 903f6d41,'Got it working with the two other sheets': COPDGene + FHS added,History of heart failure,ARIC,24/638759,21/400625
2025-08-27,2025-08-28,code 903f6d41,'Got it working with the two other sheets': COPDGene + FHS added,History of heart failure,CARDIA,23/93630,2/1306
2025-08-27,2025-08-28,code 903f6d41,'Got it working with the two other sheets': COPDGene + FHS added,History of heart failure,CHS,26/220607,11/89443
2025-08-27,2025-08-28,code 903f6d41,'Got it working with the two other sheets': COPDGene + FHS added,History of heart failure,COPDGene,-,1/544
2025-08-27,2025-08-28,code 903f6d41,'Got it working with the two other sheets': COPDGene + FHS added,History of heart failure,FHS,-,31/142887
2025-08-27,2025-08-28,code 903f6d41,'Got it working with the two other sheets': COPDGene + FHS added,History of heart failure,HCHS/SOL,-,1/24998
2025-08-27,2025-08-28,code 903f6d41,'Got it working with the two other sheets': COPDGene + FHS added,History of heart failure,JHS,11/154995,7/118653
2025-08-27,2025-08-28,code 903f6d41,'Got it working with the two other sheets': COPDGene + FHS added,History of heart failure,MESA,13/289242,1/4725
2025-08-27,2025-08-28,code 903f6d41,'Got it working with the two other sheets': COPDGene + FHS added,History of heart failure,WHI,4/717346,13/1771615
2025-08-27,2025-08-28,code 903f6d41,'Got it working with the two other sheets': COPDGene + FHS added,History of myocardial infarction,ARIC,42/1306554,65/2968463
2025-08-27,2025-08-28,code 903f6d41,'Got it working with the two other sheets': COPDGene + FHS added,History of myocardial infarction,CARDIA,29/149032,11/4836
2025-08-27,2025-08-28,code 903f6d41,'Got it working with the two other sheets': COPDGene + FHS added,History of myocardial infarction,CHS,22/165194,12/102144
2025-08-27,2025-08-28,code 903f6d41,'Got it working with the two other sheets': COPDGene + FHS added,History of myocardial infarction,COPDGene,-,1/544
2025-08-27,2025-08-28,code 903f6d41,'Got it working with the two other sheets': COPDGene + FHS added,History of myocardial infarction,FHS,-,94/793096
2025-08-27,2025-08-28,code 903f6d41,'Got it working with the two other sheets': COPDGene + FHS added,History of myocardial infarction,HCHS/SOL,2/40160,2/49844
2025-08-27,2025-08-28,code 903f6d41,'Got it working with the two other sheets': COPDGene + FHS added,History of myocardial infarction,JHS,19/249062,12/275032
2025-08-27,2025-08-28,code 903f6d41,'Got it working with the two other sheets': COPDGene + FHS added,History of myocardial infarction,MESA,26/417318,7/218026
2025-08-27,2025-08-28,code 903f6d41,'Got it working with the two other sheets': COPDGene + FHS added,History of myocardial infarction,WHI,10/1989530,3/586304
2025-08-27,2025-08-28,code 903f6d41,'Got it working with the two other sheets': COPDGene + FHS added,Hypertension,ARIC,-,24/638759
2025-08-27,2025-08-28,code 903f6d41,'Got it working with the two other sheets': COPDGene + FHS added,Hypertension,CARDIA,2/6039,23/93630
2025-08-27,2025-08-28,code 903f6d41,'Got it working with the two other sheets': COPDGene + FHS added,Hypertension,CHS,1/2132,26/220607
2025-08-27,2025-08-28,code 903f6d41,'Got it working with the two other sheets': COPDGene + FHS added,Hypertension,COPDGene,-,1/544
2025-08-27,2025-08-28,code 903f6d41,'Got it working with the two other sheets': COPDGene + FHS added,Hypertension,FHS,-,13/156528
2025-08-27,2025-08-28,code 903f6d41,'Got it working with the two other sheets': COPDGene + FHS added,Hypertension,JHS,-,11/154995
2025-08-27,2025-08-28,code 903f6d41,'Got it working with the two other sheets': COPDGene + FHS added,Hypertension,MESA,3/3194,13/289242
2025-08-27,2025-08-28,code 903f6d41,'Got it working with the two other sheets': COPDGene + FHS added,Hypertension,WHI,-,4/717346
2025-08-27,2025-08-28,code 903f6d41,'Got it working with the two other sheets': COPDGene + FHS added,Hypertension treatment,ARIC,7/63445,42/1306554
2025-08-27,2025-08-28,code 903f6d41,'Got it working with the two other sheets': COPDGene + FHS added,Hypertension treatment,CARDIA,3/9647,29/149032
2025-08-27,2025-08-28,code 903f6d41,'Got it working with the two other sheets': COPDGene + FHS added,Hypertension treatment,CHS,4/14624,22/165194
2025-08-27,2025-08-28,code 903f6d41,'Got it working with the two other sheets': COPDGene + FHS added,Hypertension treatment,FHS,-,53/477857
2025-08-27,2025-08-28,code 903f6d41,'Got it working with the two other sheets': COPDGene + FHS added,Hypertension treatment,HCHS/SOL,-,2/40160
2025-08-27,2025-08-28,code 903f6d41,'Got it working with the two other sheets': COPDGene + FHS added,Hypertension treatment,JHS,5/9364,19/249062
2025-08-27,2025-08-28,code 903f6d41,'Got it working with the two other sheets': COPDGene + FHS added,Hypertension treatment,MESA,4/12393,26/417318
2025-08-27,2025-08-28,code 903f6d41,'Got it working with the two other sheets': COPDGene + FHS added,Hypertension treatment,WHI,2/15307,10/1989530
2025-08-27,2025-08-28,code 903f6d41,'Got it working with the two other sheets': COPDGene + FHS added,ICAM1 in blood,CARDIA,-,2/6039
2025-08-27,2025-08-28,code 903f6d41,'Got it working with the two other sheets': COPDGene + FHS added,ICAM1 in blood,CHS,-,1/2132
2025-08-27,2025-08-28,code 903f6d41,'Got it working with the two other sheets': COPDGene + FHS added,ICAM1 in blood,FHS,-,1/20471
2025-08-27,2025-08-28,code 903f6d41,'Got it working with the two other sheets': COPDGene + FHS added,ICAM1 in blood,MESA,2/947,3/3194
2025-08-27,2025-08-28,code 903f6d41,'Got it working with the two other sheets': COPDGene + FHS added,Insulin in blood,ARIC,12/100566,7/63445
2025-08-27,2025-08-28,code 903f6d41,'Got it working with the two other sheets': COPDGene + FHS added,Insulin in blood,CARDIA,6/19828,3/9647
2025-08-27,2025-08-28,code 903f6d41,'Got it working with the two other sheets': COPDGene + FHS added,Insulin in blood,CHS,7/23735,4/14624
2025-08-27,2025-08-28,code 903f6d41,'Got it working with the two other sheets': COPDGene + FHS added,Insulin in blood,FHS,-,6/169609
2025-08-27,2025-08-28,code 903f6d41,'Got it working with the two other sheets': COPDGene + FHS added,Insulin in blood,HCHS/SOL,1/12252,-
2025-08-27,2025-08-28,code 903f6d41,'Got it working with the two other sheets': COPDGene + FHS added,Insulin in blood,JHS,12/33401,5/9364
2025-08-27,2025-08-28,code 903f6d41,'Got it working with the two other sheets': COPDGene + FHS added,Insulin in blood,MESA,11/29610,4/12393
2025-08-27,2025-08-28,code 903f6d41,'Got it working with the two other sheets': COPDGene + FHS added,Insulin in blood,WHI,1/15492,2/15307
2025-08-27,2025-08-28,code 903f6d41,'Got it working with the two other sheets': COPDGene + FHS added,Interleukin 1 beta in blood,ARIC,55/1073643,-
2025-08-27,2025-08-28,code 903f6d41,'Got it working with the two other sheets': COPDGene + FHS added,Interleukin 1 beta in blood,CHS,13/89962,-
2025-08-27,2025-08-28,code 903f6d41,'Got it working with the two other sheets': COPDGene + FHS added,Interleukin 1 beta in blood,FHS,-,1/20471
2025-08-27,2025-08-28,code 903f6d41,'Got it working with the two other sheets': COPDGene + FHS added,Interleukin 1 beta in blood,JHS,6/28636,-
2025-08-27,2025-08-28,code 903f6d41,'Got it working with the two other sheets': COPDGene + FHS added,Interleukin 1 beta in blood,MESA,8/22492,-
2025-08-27,2025-08-28,code 903f6d41,'Got it working with the two other sheets': COPDGene + FHS added,Interleukin 1 beta in blood,WHI,2/348408,-
2025-08-27,2025-08-28,code 903f6d41,'Got it working with the two other sheets': COPDGene + FHS added,Interleukin 10 in blood,ARIC,7/72929,-
2025-08-27,2025-08-28,code 903f6d41,'Got it working with the two other sheets': COPDGene + FHS added,Interleukin 10 in blood,CARDIA,3/10787,-
2025-08-27,2025-08-28,code 903f6d41,'Got it working with the two other sheets': COPDGene + FHS added,Interleukin 10 in blood,FHS,-,3/20471
2025-08-27,2025-08-28,code 903f6d41,'Got it working with the two other sheets': COPDGene + FHS added,Interleukin 10 in blood,HCHS/SOL,2/23441,-
2025-08-27,2025-08-28,code 903f6d41,'Got it working with the two other sheets': COPDGene + FHS added,Interleukin 10 in blood,JHS,2/6739,-
2025-08-27,2025-08-28,code 903f6d41,'Got it working with the two other sheets': COPDGene + FHS added,Interleukin 10 in blood,MESA,1/4676,2/947
2025-08-27,2025-08-28,code 903f6d41,'Got it working with the two other sheets': COPDGene + FHS added,Interleukin 18 in blood,ARIC,2/18663,-
2025-08-27,2025-08-28,code 903f6d41,'Got it working with the two other sheets': COPDGene + FHS added,Interleukin 18 in blood,FHS,-,1/0
2025-08-27,2025-08-28,code 903f6d41,'Got it working with the two other sheets': COPDGene + FHS added,Interleukin 18 in blood,HCHS/SOL,1/11719,-
2025-08-27,2025-08-28,code 903f6d41,'Got it working with the two other sheets': COPDGene + FHS added,LDL,ARIC,3/57134,12/100566
2025-08-27,2025-08-28,code 903f6d41,'Got it working with the two other sheets': COPDGene + FHS added,LDL,CARDIA,10/20166,6/19828
2025-08-27,2025-08-28,code 903f6d41,'Got it working with the two other sheets': COPDGene + FHS added,LDL,CHS,-,7/23735
2025-08-27,2025-08-28,code 903f6d41,'Got it working with the two other sheets': COPDGene + FHS added,LDL,FHS,-,25/626142
2025-08-27,2025-08-28,code 903f6d41,'Got it working with the two other sheets': COPDGene + FHS added,LDL,HCHS/SOL,-,1/12252
2025-08-27,2025-08-28,code 903f6d41,'Got it working with the two other sheets': COPDGene + FHS added,LDL,JHS,24/237944,12/33401
2025-08-27,2025-08-28,code 903f6d41,'Got it working with the two other sheets': COPDGene + FHS added,LDL,MESA,-,11/29610
2025-08-27,2025-08-28,code 903f6d41,'Got it working with the two other sheets': COPDGene + FHS added,LDL,WHI,-,1/15492
2025-08-27,2025-08-28,code 903f6d41,'Got it working with the two other sheets': COPDGene + FHS added,LVH from EKG,ARIC,13/53156,55/1073643
2025-08-27,2025-08-28,code 903f6d41,'Got it working with the two other sheets': COPDGene + FHS added,LVH from EKG,CHS,-,13/89962
2025-08-27,2025-08-28,code 903f6d41,'Got it working with the two other sheets': COPDGene + FHS added,LVH from EKG,FHS,-,112/1146968
2025-08-27,2025-08-28,code 903f6d41,'Got it working with the two other sheets': COPDGene + FHS added,LVH from EKG,JHS,-,6/28636
2025-08-27,2025-08-28,code 903f6d41,'Got it working with the two other sheets': COPDGene + FHS added,LVH from EKG,MESA,2/10090,8/22492
2025-08-27,2025-08-28,code 903f6d41,'Got it working with the two other sheets': COPDGene + FHS added,LVH from EKG,WHI,3/1802,2/348408
2025-08-27,2025-08-28,code 903f6d41,'Got it working with the two other sheets': COPDGene + FHS added,Lactate Dehydrogenase LDH,CHS,1/5392,-
2025-08-27,2025-08-28,code 903f6d41,'Got it working with the two other sheets': COPDGene + FHS added,Lactate Dehydrogenase LDH,FHS,-,2/31680
2025-08-27,2025-08-28,code 903f6d41,'Got it working with the two other sheets': COPDGene + FHS added,Lactate Dehydrogenase LDH,MESA,2/10297,-
2025-08-27,2025-08-28,code 903f6d41,'Got it working with the two other sheets': COPDGene + FHS added,Lymphocytes count,ARIC,7/106719,7/72929
2025-08-27,2025-08-28,code 903f6d41,'Got it working with the two other sheets': COPDGene + FHS added,Lymphocytes count,CARDIA,6/20335,3/10787
2025-08-27,2025-08-28,code 903f6d41,'Got it working with the two other sheets': COPDGene + FHS added,Lymphocytes count,FHS,-,1/39941
2025-08-27,2025-08-28,code 903f6d41,'Got it working with the two other sheets': COPDGene + FHS added,Lymphocytes count,JHS,3/6812,2/6739
2025-08-27,2025-08-28,code 903f6d41,'Got it working with the two other sheets': COPDGene + FHS added,Lymphocytes percent,ARIC,2/18625,2/18663
2025-08-27,2025-08-28,code 903f6d41,'Got it working with the two other sheets': COPDGene + FHS added,Lymphocytes percent,CARDIA,1/2407,-
2025-08-27,2025-08-28,code 903f6d41,'Got it working with the two other sheets': COPDGene + FHS added,MCP1 in blood,FHS,-,1/20471
2025-08-27,2025-08-28,code 903f6d41,'Got it working with the two other sheets': COPDGene + FHS added,MCP1 in blood,JHS,2/5482,-
2025-08-27,2025-08-28,code 903f6d41,'Got it working with the two other sheets': COPDGene + FHS added,MMP9 in blood,ARIC,25/1000107,-
2025-08-27,2025-08-28,code 903f6d41,'Got it working with the two other sheets': COPDGene + FHS added,MMP9 in blood,CARDIA,12/101555,-
2025-08-27,2025-08-28,code 903f6d41,'Got it working with the two other sheets': COPDGene + FHS added,MMP9 in blood,CHS,6/165236,-
2025-08-27,2025-08-28,code 903f6d41,'Got it working with the two other sheets': COPDGene + FHS added,MMP9 in blood,FHS,-,2/40942
2025-08-27,2025-08-28,code 903f6d41,'Got it working with the two other sheets': COPDGene + FHS added,MMP9 in blood,JHS,1/29425,-
2025-08-27,2025-08-28,code 903f6d41,'Got it working with the two other sheets': COPDGene + FHS added,MMP9 in blood,MESA,13/120698,1/964
2025-08-27,2025-08-28,code 903f6d41,'Got it working with the two other sheets': COPDGene + FHS added,MMP9 in blood,WHI,16/4486020,-
2025-08-27,2025-08-28,code 903f6d41,'Got it working with the two other sheets': COPDGene + FHS added,Mass LP-PLA2 in blood,ARIC,1/10274,-
2025-08-27,2025-08-28,code 903f6d41,'Got it working with the two other sheets': COPDGene + FHS added,Mass LP-PLA2 in blood,CHS,10/72592,1/5392
2025-08-27,2025-08-28,code 903f6d41,'Got it working with the two other sheets': COPDGene + FHS added,Mass LP-PLA2 in blood,JHS,3/19268,-
2025-08-27,2025-08-28,code 903f6d41,'Got it working with the two other sheets': COPDGene + FHS added,Mass LP-PLA2 in blood,MESA,-,2/10297
2025-08-27,2025-08-28,code 903f6d41,'Got it working with the two other sheets': COPDGene + FHS added,Mean arterial pressure,ARIC,10/57130,2/36
2025-08-27,2025-08-28,code 903f6d41,'Got it working with the two other sheets': COPDGene + FHS added,Mean arterial pressure,FHS,-,5/148434
2025-08-27,2025-08-28,code 903f6d41,'Got it working with the two other sheets': COPDGene + FHS added,Mean arterial pressure,JHS,24/78673,-
2025-08-27,2025-08-28,code 903f6d41,'Got it working with the two other sheets': COPDGene + FHS added,Mean arterial pressure,MESA,-,2/11954
2025-08-27,2025-08-28,code 903f6d41,'Got it working with the two other sheets': COPDGene + FHS added,Mean arterial pressure,WHI,1/166813,-
2025-08-27,2025-08-28,code 903f6d41,'Got it working with the two other sheets': COPDGene + FHS added,Medication adherence,ARIC,6/58534,3/57134
2025-08-27,2025-08-28,code 903f6d41,'Got it working with the two other sheets': COPDGene + FHS added,Medication adherence,CARDIA,-,10/20166
2025-08-27,2025-08-28,code 903f6d41,'Got it working with the two other sheets': COPDGene + FHS added,Medication adherence,JHS,12/39678,24/237944
2025-08-27,2025-08-28,code 903f6d41,'Got it working with the two other sheets': COPDGene + FHS added,Medication adherence,WHI,2/333626,-
2025-08-27,2025-08-28,code 903f6d41,'Got it working with the two other sheets': COPDGene + FHS added,Myeloperoxidase in blood,ARIC,31/870395,-
2025-08-27,2025-08-28,code 903f6d41,'Got it working with the two other sheets': COPDGene + FHS added,Myeloperoxidase in blood,CARDIA,14/87034,-
2025-08-27,2025-08-28,code 903f6d41,'Got it working with the two other sheets': COPDGene + FHS added,Myeloperoxidase in blood,CHS,8/69818,-
2025-08-27,2025-08-28,code 903f6d41,'Got it working with the two other sheets': COPDGene + FHS added,Myeloperoxidase in blood,FHS,-,1/20471
2025-08-27,2025-08-28,code 903f6d41,'Got it working with the two other sheets': COPDGene + FHS added,Myeloperoxidase in blood,HCHS/SOL,1/25040,-
2025-08-27,2025-08-28,code 903f6d41,'Got it working with the two other sheets': COPDGene + FHS added,Myeloperoxidase in blood,JHS,9/55102,-
2025-08-27,2025-08-28,code 903f6d41,'Got it working with the two other sheets': COPDGene + FHS added,Myeloperoxidase in blood,MESA,12/58860,-
2025-08-27,2025-08-28,code 903f6d41,'Got it working with the two other sheets': COPDGene + FHS added,NT pro BNP,ARIC,5/51297,13/53156
2025-08-27,2025-08-28,code 903f6d41,'Got it working with the two other sheets': COPDGene + FHS added,NT pro BNP,FHS,-,2/56320
2025-08-27,2025-08-28,code 903f6d41,'Got it working with the two other sheets': COPDGene + FHS added,NT pro BNP,JHS,1/3839,-
2025-08-27,2025-08-28,code 903f6d41,'Got it working with the two other sheets': COPDGene + FHS added,NT pro BNP,MESA,1/6129,2/10090
2025-08-27,2025-08-28,code 903f6d41,'Got it working with the two other sheets': COPDGene + FHS added,NT pro BNP,WHI,1/5721,3/1802
2025-08-27,2025-08-28,code 903f6d41,'Got it working with the two other sheets': COPDGene + FHS added,Neutrophils count,ARIC,-,7/106719
2025-08-27,2025-08-28,code 903f6d41,'Got it working with the two other sheets': COPDGene + FHS added,Neutrophils count,CARDIA,-,6/20335
2025-08-27,2025-08-28,code 903f6d41,'Got it working with the two other sheets': COPDGene + FHS added,Neutrophils count,CHS,194/202640,-
2025-08-27,2025-08-28,code 903f6d41,'Got it working with the two other sheets': COPDGene + FHS added,Neutrophils count,HCHS/SOL,1/11114,2/23441
2025-08-27,2025-08-28,code 903f6d41,'Got it working with the two other sheets': COPDGene + FHS added,Neutrophils count,JHS,-,3/6812
2025-08-27,2025-08-28,code 903f6d41,'Got it working with the two other sheets': COPDGene + FHS added,Neutrophils count,MESA,-,1/4676
2025-08-27,2025-08-28,code 903f6d41,'Got it working with the two other sheets': COPDGene + FHS added,Neutrophils percent,ARIC,1/5450,2/18625
2025-08-27,2025-08-28,code 903f6d41,'Got it working with the two other sheets': COPDGene + FHS added,Neutrophils percent,CARDIA,3/6830,1/2407
2025-08-27,2025-08-28,code 903f6d41,'Got it working with the two other sheets': COPDGene + FHS added,Neutrophils percent,CHS,8/12652,-
2025-08-27,2025-08-28,code 903f6d41,'Got it working with the two other sheets': COPDGene + FHS added,Neutrophils percent,HCHS/SOL,1/11912,1/11719
2025-08-27,2025-08-28,code 903f6d41,'Got it working with the two other sheets': COPDGene + FHS added,Neutrophils percent,JHS,2/6955,-
2025-08-27,2025-08-28,code 903f6d41,'Got it working with the two other sheets': COPDGene + FHS added,Neutrophils percent,MESA,1/5436,-
2025-08-27,2025-08-28,code 903f6d41,'Got it working with the two other sheets': COPDGene + FHS added,Neutrophils percent,WHI,6/4200494,-
2025-08-27,2025-08-28,code 903f6d41,'Got it working with the two other sheets': COPDGene + FHS added,Obesity,ARIC,3/27505,1/10274
2025-08-27,2025-08-28,code 903f6d41,'Got it working with the two other sheets': COPDGene + FHS added,Obesity,CARDIA,5/16962,-
2025-08-27,2025-08-28,code 903f6d41,'Got it working with the two other sheets': COPDGene + FHS added,Obesity,CHS,2/7868,10/72592
2025-08-27,2025-08-28,code 903f6d41,'Got it working with the two other sheets': COPDGene + FHS added,Obesity,FHS,-,13/133884
2025-08-27,2025-08-28,code 903f6d41,'Got it working with the two other sheets': COPDGene + FHS added,Obesity,JHS,-,3/19268
2025-08-27,2025-08-28,code 903f6d41,'Got it working with the two other sheets': COPDGene + FHS added,Obesity,MESA,1/4252,-
2025-08-27,2025-08-28,code 903f6d41,'Got it working with the two other sheets': COPDGene + FHS added,Obesity,WHI,1/338044,-
2025-08-27,2025-08-28,code 903f6d41,'Got it working with the two other sheets': COPDGene + FHS added,Osteoprotegerin in blood,CHS,3/8636,-
2025-08-27,2025-08-28,code 903f6d41,'Got it working with the two other sheets': COPDGene + FHS added,Osteoprotegerin in blood,FHS,-,1/20471
2025-08-27,2025-08-28,code 903f6d41,'Got it working with the two other sheets': COPDGene + FHS added,Osteoprotegerin in blood,HCHS/SOL,1/11146,-
2025-08-27,2025-08-28,code 903f6d41,'Got it working with the two other sheets': COPDGene + FHS added,P-selectin in blood,ARIC,127/4514934,-
2025-08-27,2025-08-28,code 903f6d41,'Got it working with the two other sheets': COPDGene + FHS added,P-selectin in blood,CARDIA,50/50919,-
2025-08-27,2025-08-28,code 903f6d41,'Got it working with the two other sheets': COPDGene + FHS added,P-selectin in blood,CHS,48/273221,-
2025-08-27,2025-08-28,code 903f6d41,'Got it working with the two other sheets': COPDGene + FHS added,P-selectin in blood,JHS,19/220097,2/5482
2025-08-27,2025-08-28,code 903f6d41,'Got it working with the two other sheets': COPDGene + FHS added,P-selectin in blood,MESA,6/240854,-
2025-08-27,2025-08-28,code 903f6d41,'Got it working with the two other sheets': COPDGene + FHS added,P-selectin in blood,WHI,27/2363823,-
2025-08-27,2025-08-28,code 903f6d41,'Got it working with the two other sheets': COPDGene + FHS added,PR interval,ARIC,10/168194,10/57130
2025-08-27,2025-08-28,code 903f6d41,'Got it working with the two other sheets': COPDGene + FHS added,PR interval,CARDIA,4/26022,-
2025-08-27,2025-08-28,code 903f6d41,'Got it working with the two other sheets': COPDGene + FHS added,PR interval,CHS,41/308828,-
2025-08-27,2025-08-28,code 903f6d41,'Got it working with the two other sheets': COPDGene + FHS added,PR interval,HCHS/SOL,2/49120,-
2025-08-27,2025-08-28,code 903f6d41,'Got it working with the two other sheets': COPDGene + FHS added,PR interval,JHS,-,24/78673
2025-08-27,2025-08-28,code 903f6d41,'Got it working with the two other sheets': COPDGene + FHS added,PR interval,MESA,19/134160,-
2025-08-27,2025-08-28,code 903f6d41,'Got it working with the two other sheets': COPDGene + FHS added,PR interval,WHI,2/27014,1/166813
2025-08-27,2025-08-28,code 903f6d41,'Got it working with the two other sheets': COPDGene + FHS added,Pacemaker implant status,ARIC,1/45486,23/154143
2025-08-27,2025-08-28,code 903f6d41,'Got it working with the two other sheets': COPDGene + FHS added,Pacemaker implant status,CARDIA,1/10878,-
2025-08-27,2025-08-28,code 903f6d41,'Got it working with the two other sheets': COPDGene + FHS added,Pacemaker implant status,JHS,1/29425,-
2025-08-27,2025-08-28,code 903f6d41,'Got it working with the two other sheets': COPDGene + FHS added,Pacemaker implant status,WHI,-,3/351039
2025-08-27,2025-08-28,code 903f6d41,'Got it working with the two other sheets': COPDGene + FHS added,Platelet count,ARIC,-,11/64169
2025-08-27,2025-08-28,code 903f6d41,'Got it working with the two other sheets': COPDGene + FHS added,Platelet count,CARDIA,-,2/7203
2025-08-27,2025-08-28,code 903f6d41,'Got it working with the two other sheets': COPDGene + FHS added,Platelet count,CHS,-,4/14599
2025-08-27,2025-08-28,code 903f6d41,'Got it working with the two other sheets': COPDGene + FHS added,Platelet count,FHS,-,5/100496
2025-08-27,2025-08-28,code 903f6d41,'Got it working with the two other sheets': COPDGene + FHS added,Platelet count,HCHS/SOL,-,1/12413
2025-08-27,2025-08-28,code 903f6d41,'Got it working with the two other sheets': COPDGene + FHS added,Platelet count,JHS,-,1/3749
2025-08-27,2025-08-28,code 903f6d41,'Got it working with the two other sheets': COPDGene + FHS added,Platelet count,MESA,5/7447,2/3644
2025-08-27,2025-08-28,code 903f6d41,'Got it working with the two other sheets': COPDGene + FHS added,Platelet count,WHI,-,1/207213
2025-08-27,2025-08-28,code 903f6d41,'Got it working with the two other sheets': COPDGene + FHS added,Potassium in blood,ARIC,-,6/50430
2025-08-27,2025-08-28,code 903f6d41,'Got it working with the two other sheets': COPDGene + FHS added,Potassium in blood,CHS,-,4/14708
2025-08-27,2025-08-28,code 903f6d41,'Got it working with the two other sheets': COPDGene + FHS added,Potassium in blood,JHS,-,1/3839
2025-08-27,2025-08-28,code 903f6d41,'Got it working with the two other sheets': COPDGene + FHS added,Potassium in blood,MESA,1/2813,3/8682
2025-08-27,2025-08-28,code 903f6d41,'Got it working with the two other sheets': COPDGene + FHS added,QRS interval,ARIC,8/134234,17/211571
2025-08-27,2025-08-28,code 903f6d41,'Got it working with the two other sheets': COPDGene + FHS added,QRS interval,CARDIA,4/26022,-
2025-08-27,2025-08-28,code 903f6d41,'Got it working with the two other sheets': COPDGene + FHS added,QRS interval,CHS,1/11052,12/43430
2025-08-27,2025-08-28,code 903f6d41,'Got it working with the two other sheets': COPDGene + FHS added,QRS interval,FHS,-,44/972202
2025-08-27,2025-08-28,code 903f6d41,'Got it working with the two other sheets': COPDGene + FHS added,QRS interval,HCHS/SOL,1/24560,-
2025-08-27,2025-08-28,code 903f6d41,'Got it working with the two other sheets': COPDGene + FHS added,QRS interval,JHS,-,17/58938
2025-08-27,2025-08-28,code 903f6d41,'Got it working with the two other sheets': COPDGene + FHS added,QRS interval,MESA,3/16508,-
2025-08-27,2025-08-28,code 903f6d41,'Got it working with the two other sheets': COPDGene + FHS added,QRS interval,WHI,-,1/166813
2025-08-27,2025-08-28,code 903f6d41,'Got it working with the two other sheets': COPDGene + FHS added,QT interval,ARIC,2/57908,6/58534
2025-08-27,2025-08-28,code 903f6d41,'Got it working with the two other sheets': COPDGene + FHS added,QT interval,CARDIA,4/26022,-
2025-08-27,2025-08-28,code 903f6d41,'Got it working with the two other sheets': COPDGene + FHS added,QT interval,CHS,29/187839,-
2025-08-27,2025-08-28,code 903f6d41,'Got it working with the two other sheets': COPDGene + FHS added,QT interval,FHS,-,14/856768
2025-08-27,2025-08-28,code 903f6d41,'Got it working with the two other sheets': COPDGene + FHS added,QT interval,HCHS/SOL,1/24560,-
2025-08-27,2025-08-28,code 903f6d41,'Got it working with the two other sheets': COPDGene + FHS added,QT interval,JHS,-,12/39678
2025-08-27,2025-08-28,code 903f6d41,'Got it working with the two other sheets': COPDGene + FHS added,QT interval,MESA,19/104747,-
2025-08-27,2025-08-28,code 903f6d41,'Got it working with the two other sheets': COPDGene + FHS added,QT interval,WHI,-,2/333626
2025-08-27,2025-08-28,code 903f6d41,'Got it working with the two other sheets': COPDGene + FHS added,Race,ARIC,12/202959,25/1000107
2025-08-27,2025-08-28,code 903f6d41,'Got it working with the two other sheets': COPDGene + FHS added,Race,CARDIA,4/26022,12/101555
2025-08-27,2025-08-28,code 903f6d41,'Got it working with the two other sheets': COPDGene + FHS added,Race,CHS,27/140904,6/165236
2025-08-27,2025-08-28,code 903f6d41,'Got it working with the two other sheets': COPDGene + FHS added,Race,COPDGene,-,1/1904
2025-08-27,2025-08-28,code 903f6d41,'Got it working with the two other sheets': COPDGene + FHS added,Race,FHS,-,41/243654
2025-08-27,2025-08-28,code 903f6d41,'Got it working with the two other sheets': COPDGene + FHS added,Race,HCHS/SOL,2/49120,-
2025-08-27,2025-08-28,code 903f6d41,'Got it working with the two other sheets': COPDGene + FHS added,Race,JHS,-,1/29425
2025-08-27,2025-08-28,code 903f6d41,'Got it working with the two other sheets': COPDGene + FHS added,Race,MESA,18/121308,13/120698
2025-08-27,2025-08-28,code 903f6d41,'Got it working with the two other sheets': COPDGene + FHS added,Race,WHI,2/27026,16/4486020
2025-08-27,2025-08-28,code 903f6d41,'Got it working with the two other sheets': COPDGene + FHS added,Sex,ARIC,6/101078,31/870395
2025-08-27,2025-08-28,code 903f6d41,'Got it working with the two other sheets': COPDGene + FHS added,Sex,CARDIA,4/26022,14/87034
2025-08-27,2025-08-28,code 903f6d41,'Got it working with the two other sheets': COPDGene + FHS added,Sex,CHS,86/621052,8/69818
2025-08-27,2025-08-28,code 903f6d41,'Got it working with the two other sheets': COPDGene + FHS added,Sex,COPDGene,-,1/544
2025-08-27,2025-08-28,code 903f6d41,'Got it working with the two other sheets': COPDGene + FHS added,Sex,FHS,-,10/206415
2025-08-27,2025-08-28,code 903f6d41,'Got it working with the two other sheets': COPDGene + FHS added,Sex,HCHS/SOL,4/99164,1/25040
2025-08-27,2025-08-28,code 903f6d41,'Got it working with the two other sheets': COPDGene + FHS added,Sex,JHS,3/17298,9/55102
2025-08-27,2025-08-28,code 903f6d41,'Got it working with the two other sheets': COPDGene + FHS added,Sex,MESA,43/310242,12/58860
2025-08-27,2025-08-28,code 903f6d41,'Got it working with the two other sheets': COPDGene + FHS added,Sleep hours,ARIC,9/127716,1/5450
2025-08-27,2025-08-28,code 903f6d41,'Got it working with the two other sheets': COPDGene + FHS added,Sleep hours,CARDIA,2/6546,3/6830
2025-08-27,2025-08-28,code 903f6d41,'Got it working with the two other sheets': COPDGene + FHS added,Sleep hours,CHS,67/487840,8/12652
2025-08-27,2025-08-28,code 903f6d41,'Got it working with the two other sheets': COPDGene + FHS added,Sleep hours,FHS,-,20/497947
2025-08-27,2025-08-28,code 903f6d41,'Got it working with the two other sheets': COPDGene + FHS added,Sleep hours,HCHS/SOL,3/74142,1/11912
2025-08-27,2025-08-28,code 903f6d41,'Got it working with the two other sheets': COPDGene + FHS added,Sleep hours,JHS,3/17568,2/6955
2025-08-27,2025-08-28,code 903f6d41,'Got it working with the two other sheets': COPDGene + FHS added,Sleep hours,MESA,31/234808,1/5436
2025-08-27,2025-08-28,code 903f6d41,'Got it working with the two other sheets': COPDGene + FHS added,Sleep hours,WHI,3/40610,6/4200494
2025-08-27,2025-08-28,code 903f6d41,'Got it working with the two other sheets': COPDGene + FHS added,Sodium in blood,ARIC,2/57908,5/51297
2025-08-27,2025-08-28,code 903f6d41,'Got it working with the two other sheets': COPDGene + FHS added,Sodium in blood,CARDIA,4/26022,-
2025-08-27,2025-08-28,code 903f6d41,'Got it working with the two other sheets': COPDGene + FHS added,Sodium in blood,CHS,1/11052,-
2025-08-27,2025-08-28,code 903f6d41,'Got it working with the two other sheets': COPDGene + FHS added,Sodium in blood,FHS,-,2/51062
2025-08-27,2025-08-28,code 903f6d41,'Got it working with the two other sheets': COPDGene + FHS added,Sodium in blood,HCHS/SOL,1/24560,-
2025-08-27,2025-08-28,code 903f6d41,'Got it working with the two other sheets': COPDGene + FHS added,Sodium in blood,JHS,-,1/3839
2025-08-27,2025-08-28,code 903f6d41,'Got it working with the two other sheets': COPDGene + FHS added,Sodium in blood,MESA,3/16508,1/6129
2025-08-27,2025-08-28,code 903f6d41,'Got it working with the two other sheets': COPDGene + FHS added,Sodium in blood,WHI,-,1/5721
2025-08-27,2025-08-28,code 903f6d41,'Got it working with the two other sheets': COPDGene + FHS added,Sodium intake,ARIC,3/12355,3/27505
2025-08-27,2025-08-28,code 903f6d41,'Got it working with the two other sheets': COPDGene + FHS added,Sodium intake,CARDIA,1/162,5/16962
2025-08-27,2025-08-28,code 903f6d41,'Got it working with the two other sheets': COPDGene + FHS added,Sodium intake,CHS,16/111216,2/7868
2025-08-27,2025-08-28,code 903f6d41,'Got it working with the two other sheets': COPDGene + FHS added,Sodium intake,FHS,-,9/234553
2025-08-27,2025-08-28,code 903f6d41,'Got it working with the two other sheets': COPDGene + FHS added,Sodium intake,HCHS/SOL,3/29132,-
2025-08-27,2025-08-28,code 903f6d41,'Got it working with the two other sheets': COPDGene + FHS added,Sodium intake,JHS,4/18076,-
2025-08-27,2025-08-28,code 903f6d41,'Got it working with the two other sheets': COPDGene + FHS added,Sodium intake,MESA,14/139521,1/4252
2025-08-27,2025-08-28,code 903f6d41,'Got it working with the two other sheets': COPDGene + FHS added,Sodium intake,WHI,5/538886,1/338044
2025-08-27,2025-08-28,code 903f6d41,'Got it working with the two other sheets': COPDGene + FHS added,SpO2,ARIC,2/20476,-
2025-08-27,2025-08-28,code 903f6d41,'Got it working with the two other sheets': COPDGene + FHS added,SpO2,CHS,8/54446,3/8636
2025-08-27,2025-08-28,code 903f6d41,'Got it working with the two other sheets': COPDGene + FHS added,SpO2,COPDGene,-,1/7
2025-08-27,2025-08-28,code 903f6d41,'Got it working with the two other sheets': COPDGene + FHS added,SpO2,FHS,-,1/7865
2025-08-27,2025-08-28,code 903f6d41,'Got it working with the two other sheets': COPDGene + FHS added,SpO2,HCHS/SOL,-,1/11146
2025-08-27,2025-08-28,code 903f6d41,'Got it working with the two other sheets': COPDGene + FHS added,SpO2,JHS,1/151080,-
2025-08-27,2025-08-28,code 903f6d41,'Got it working with the two other sheets': COPDGene + FHS added,SpO2,MESA,6/14884,-
2025-08-27,2025-08-28,code 903f6d41,'Got it working with the two other sheets': COPDGene + FHS added,Systolic blood pressure,ARIC,-,67/610251
2025-08-27,2025-08-28,code 903f6d41,'Got it working with the two other sheets': COPDGene + FHS added,Systolic blood pressure,CARDIA,-,10/32760
2025-08-27,2025-08-28,code 903f6d41,'Got it working with the two other sheets': COPDGene + FHS added,Systolic blood pressure,CHS,14/100558,-
2025-08-27,2025-08-28,code 903f6d41,'Got it working with the two other sheets': COPDGene + FHS added,Systolic blood pressure,COPDGene,-,1/272
2025-08-27,2025-08-28,code 903f6d41,'Got it working with the two other sheets': COPDGene + FHS added,Systolic blood pressure,JHS,-,35/153546
2025-08-27,2025-08-28,code 903f6d41,'Got it working with the two other sheets': COPDGene + FHS added,Systolic blood pressure,MESA,15/142681,-
2025-08-27,2025-08-28,code 903f6d41,'Got it working with the two other sheets': COPDGene + FHS added,Systolic blood pressure,WHI,-,7/2474002
2025-08-27,2025-08-28,code 903f6d41,'Got it working with the two other sheets': COPDGene + FHS added,TNFa in blood,CARDIA,1/7164,-
2025-08-27,2025-08-28,code 903f6d41,'Got it working with the two other sheets': COPDGene + FHS added,TNFa in blood,FHS,-,2/32164
2025-08-27,2025-08-28,code 903f6d41,'Got it working with the two other sheets': COPDGene + FHS added,TNFa in blood,MESA,1/8268,5/7447
2025-08-27,2025-08-28,code 903f6d41,'Got it working with the two other sheets': COPDGene + FHS added,TNFa-R1 in blood,CARDIA,4/5552,-
2025-08-27,2025-08-28,code 903f6d41,'Got it working with the two other sheets': COPDGene + FHS added,TNFa-R1 in blood,CHS,1/5063,-
2025-08-27,2025-08-28,code 903f6d41,'Got it working with the two other sheets': COPDGene + FHS added,TNFa-R1 in blood,MESA,4/9898,1/2813
2025-08-27,2025-08-28,code 903f6d41,'Got it working with the two other sheets': COPDGene + FHS added,Taking ACE inhibitors,ARIC,12/235604,10/168194
2025-08-27,2025-08-28,code 903f6d41,'Got it working with the two other sheets': COPDGene + FHS added,Taking ACE inhibitors,CARDIA,-,4/26022
2025-08-27,2025-08-28,code 903f6d41,'Got it working with the two other sheets': COPDGene + FHS added,Taking ACE inhibitors,CHS,1/11052,41/308828
2025-08-27,2025-08-28,code 903f6d41,'Got it working with the two other sheets': COPDGene + FHS added,Taking ACE inhibitors,FHS,-,19/104771
2025-08-27,2025-08-28,code 903f6d41,'Got it working with the two other sheets': COPDGene + FHS added,Taking ACE inhibitors,HCHS/SOL,1/24560,2/49120
2025-08-27,2025-08-28,code 903f6d41,'Got it working with the two other sheets': COPDGene + FHS added,Taking ACE inhibitors,JHS,6/37350,-
2025-08-27,2025-08-28,code 903f6d41,'Got it working with the two other sheets': COPDGene + FHS added,Taking ACE inhibitors,MESA,3/16508,19/134160
2025-08-27,2025-08-28,code 903f6d41,'Got it working with the two other sheets': COPDGene + FHS added,Taking ACE inhibitors,WHI,-,2/27014
2025-08-27,2025-08-28,code 903f6d41,'Got it working with the two other sheets': COPDGene + FHS added,Taking aldosterone receptor blockers,ARIC,-,8/134234
2025-08-27,2025-08-28,code 903f6d41,'Got it working with the two other sheets': COPDGene + FHS added,Taking aldosterone receptor blockers,CARDIA,-,4/26022
2025-08-27,2025-08-28,code 903f6d41,'Got it working with the two other sheets': COPDGene + FHS added,Taking aldosterone receptor blockers,CHS,-,1/11052
2025-08-27,2025-08-28,code 903f6d41,'Got it working with the two other sheets': COPDGene + FHS added,Taking aldosterone receptor blockers,FHS,-,18/134051
2025-08-27,2025-08-28,code 903f6d41,'Got it working with the two other sheets': COPDGene + FHS added,Taking aldosterone receptor blockers,HCHS/SOL,-,1/24560
2025-08-27,2025-08-28,code 903f6d41,'Got it working with the two other sheets': COPDGene + FHS added,Taking aldosterone receptor blockers,MESA,-,3/16508
2025-08-27,2025-08-28,code 903f6d41,'Got it working with the two other sheets': COPDGene + FHS added,Taking aldosterone receptor blockers,WHI,1/7552,-
2025-08-27,2025-08-28,code 903f6d41,'Got it working with the two other sheets': COPDGene + FHS added,Taking alpha blockers,ARIC,3/35158,2/57908
2025-08-27,2025-08-28,code 903f6d41,'Got it working with the two other sheets': COPDGene + FHS added,Taking alpha blockers,CARDIA,-,4/26022
2025-08-27,2025-08-28,code 903f6d41,'Got it working with the two other sheets': COPDGene + FHS added,Taking alpha blockers,CHS,42/300292,29/187839
2025-08-27,2025-08-28,code 903f6d41,'Got it working with the two other sheets': COPDGene + FHS added,Taking alpha blockers,FHS,-,14/62181
2025-08-27,2025-08-28,code 903f6d41,'Got it working with the two other sheets': COPDGene + FHS added,Taking alpha blockers,HCHS/SOL,-,1/24560
2025-08-27,2025-08-28,code 903f6d41,'Got it working with the two other sheets': COPDGene + FHS added,Taking alpha blockers,MESA,24/175982,19/104747
2025-08-27,2025-08-28,code 903f6d41,'Got it working with the two other sheets': COPDGene + FHS added,Taking alpha blockers,WHI,2/27006,-
2025-08-27,2025-08-28,code 903f6d41,'Got it working with the two other sheets': COPDGene + FHS added,Taking angiotensin receptor blockers,ARIC,-,12/202959
2025-08-27,2025-08-28,code 903f6d41,'Got it working with the two other sheets': COPDGene + FHS added,Taking angiotensin receptor blockers,CARDIA,4/13138,4/26022
2025-08-27,2025-08-28,code 903f6d41,'Got it working with the two other sheets': COPDGene + FHS added,Taking angiotensin receptor blockers,CHS,-,27/140904
2025-08-27,2025-08-28,code 903f6d41,'Got it working with the two other sheets': COPDGene + FHS added,Taking angiotensin receptor blockers,FHS,-,7/30205
2025-08-27,2025-08-28,code 903f6d41,'Got it working with the two other sheets': COPDGene + FHS added,Taking angiotensin receptor blockers,HCHS/SOL,-,2/49120
2025-08-27,2025-08-28,code 903f6d41,'Got it working with the two other sheets': COPDGene + FHS added,Taking angiotensin receptor blockers,MESA,1/3789,18/121308
2025-08-27,2025-08-28,code 903f6d41,'Got it working with the two other sheets': COPDGene + FHS added,Taking angiotensin receptor blockers,WHI,-,2/27026
2025-08-27,2025-08-28,code 903f6d41,'Got it working with the two other sheets': COPDGene + FHS added,Taking beta blockers,ARIC,16/146723,4/91906
2025-08-27,2025-08-28,code 903f6d41,'Got it working with the two other sheets': COPDGene + FHS added,Taking beta blockers,CARDIA,3/10519,4/26022
2025-08-27,2025-08-28,code 903f6d41,'Got it working with the two other sheets': COPDGene + FHS added,Taking beta blockers,CHS,1/5479,17/171140
2025-08-27,2025-08-28,code 903f6d41,'Got it working with the two other sheets': COPDGene + FHS added,Taking beta blockers,COPDGene,-,3/1454
2025-08-27,2025-08-28,code 903f6d41,'Got it working with the two other sheets': COPDGene + FHS added,Taking beta blockers,FHS,-,40/335956
2025-08-27,2025-08-28,code 903f6d41,'Got it working with the two other sheets': COPDGene + FHS added,Taking beta blockers,HCHS/SOL,1/12511,1/24560
2025-08-27,2025-08-28,code 903f6d41,'Got it working with the two other sheets': COPDGene + FHS added,Taking beta blockers,JHS,11/44564,-
2025-08-27,2025-08-28,code 903f6d41,'Got it working with the two other sheets': COPDGene + FHS added,Taking beta blockers,MESA,9/29732,3/16508
2025-08-27,2025-08-28,code 903f6d41,'Got it working with the two other sheets': COPDGene + FHS added,Taking beta blockers,WHI,1/15771,-
2025-08-27,2025-08-28,code 903f6d41,'Got it working with the two other sheets': COPDGene + FHS added,Taking calcium channel blockers,ARIC,25/282890,6/101078
2025-08-27,2025-08-28,code 903f6d41,'Got it working with the two other sheets': COPDGene + FHS added,Taking calcium channel blockers,CARDIA,7/52069,4/26022
2025-08-27,2025-08-28,code 903f6d41,'Got it working with the two other sheets': COPDGene + FHS added,Taking calcium channel blockers,CHS,4/14806,86/621052
2025-08-27,2025-08-28,code 903f6d41,'Got it working with the two other sheets': COPDGene + FHS added,Taking calcium channel blockers,FHS,-,32/214180
2025-08-27,2025-08-28,code 903f6d41,'Got it working with the two other sheets': COPDGene + FHS added,Taking calcium channel blockers,HCHS/SOL,1/12511,4/99164
2025-08-27,2025-08-28,code 903f6d41,'Got it working with the two other sheets': COPDGene + FHS added,Taking calcium channel blockers,JHS,12/54448,3/17298
2025-08-27,2025-08-28,code 903f6d41,'Got it working with the two other sheets': COPDGene + FHS added,Taking calcium channel blockers,MESA,8/29560,43/310242
2025-08-27,2025-08-28,code 903f6d41,'Got it working with the two other sheets': COPDGene + FHS added,Taking calcium channel blockers,WHI,1/15771,-
2025-08-27,2025-08-28,code 903f6d41,'Got it working with the two other sheets': COPDGene + FHS added,Taking centrally acting agents,ARIC,60/177584,2/57908
2025-08-27,2025-08-28,code 903f6d41,'Got it working with the two other sheets': COPDGene + FHS added,Taking centrally acting agents,CARDIA,4/719,4/26022
2025-08-27,2025-08-28,code 903f6d41,'Got it working with the two other sheets': COPDGene + FHS added,Taking centrally acting agents,CHS,-,1/11052
2025-08-27,2025-08-28,code 903f6d41,'Got it working with the two other sheets': COPDGene + FHS added,Taking centrally acting agents,FHS,-,32/203192
2025-08-27,2025-08-28,code 903f6d41,'Got it working with the two other sheets': COPDGene + FHS added,Taking centrally acting agents,HCHS/SOL,-,1/24560
2025-08-27,2025-08-28,code 903f6d41,'Got it working with the two other sheets': COPDGene + FHS added,Taking centrally acting agents,MESA,-,3/16508
2025-08-27,2025-08-28,code 903f6d41,'Got it working with the two other sheets': COPDGene + FHS added,Taking diuretics,ARIC,-,2/57908
2025-08-27,2025-08-28,code 903f6d41,'Got it working with the two other sheets': COPDGene + FHS added,Taking diuretics,CARDIA,2/1788,4/26022
2025-08-27,2025-08-28,code 903f6d41,'Got it working with the two other sheets': COPDGene + FHS added,Taking diuretics,CHS,-,1/11052
2025-08-27,2025-08-28,code 903f6d41,'Got it working with the two other sheets': COPDGene + FHS added,Taking diuretics,HCHS/SOL,-,1/24560
2025-08-27,2025-08-28,code 903f6d41,'Got it working with the two other sheets': COPDGene + FHS added,Taking diuretics,MESA,-,3/16508
2025-08-27,2025-08-28,code 903f6d41,'Got it working with the two other sheets': COPDGene + FHS added,Taking diuretics,WHI,1/13602,-
2025-08-27,2025-08-28,code 903f6d41,'Got it working with the two other sheets': COPDGene + FHS added,Taking insulin,ARIC,33/2692780,3/12355
2025-08-27,2025-08-28,code 903f6d41,'Got it working with the two other sheets': COPDGene + FHS added,Taking insulin,CARDIA,22/74514,1/162
2025-08-27,2025-08-28,code 903f6d41,'Got it working with the two other sheets': COPDGene + FHS added,Taking insulin,CHS,-,16/111216
2025-08-27,2025-08-28,code 903f6d41,'Got it working with the two other sheets': COPDGene + FHS added,Taking insulin,FHS,-,25/181423
2025-08-27,2025-08-28,code 903f6d41,'Got it working with the two other sheets': COPDGene + FHS added,Taking insulin,HCHS/SOL,-,3/29132
2025-08-27,2025-08-28,code 903f6d41,'Got it working with the two other sheets': COPDGene + FHS added,Taking insulin,JHS,1/3711,4/18076
2025-08-27,2025-08-28,code 903f6d41,'Got it working with the two other sheets': COPDGene + FHS added,Taking insulin,MESA,7/29869,14/139521
2025-08-27,2025-08-28,code 903f6d41,'Got it working with the two other sheets': COPDGene + FHS added,Taking insulin,WHI,2/680137,5/538886
2025-08-27,2025-08-28,code 903f6d41,'Got it working with the two other sheets': COPDGene + FHS added,Taking medication for diabetes,ARIC,7/296070,2/20476
2025-08-27,2025-08-28,code 903f6d41,'Got it working with the two other sheets': COPDGene + FHS added,Taking medication for diabetes,CARDIA,26/1254,-
2025-08-27,2025-08-28,code 903f6d41,'Got it working with the two other sheets': COPDGene + FHS added,Taking medication for diabetes,CHS,27/281164,8/54446
2025-08-27,2025-08-28,code 903f6d41,'Got it working with the two other sheets': COPDGene + FHS added,Taking medication for diabetes,FHS,-,5/36024
2025-08-27,2025-08-28,code 903f6d41,'Got it working with the two other sheets': COPDGene + FHS added,Taking medication for diabetes,JHS,6/494988,1/151080
2025-08-27,2025-08-28,code 903f6d41,'Got it working with the two other sheets': COPDGene + FHS added,Taking medication for diabetes,MESA,-,6/14884
2025-08-27,2025-08-28,code 903f6d41,'Got it working with the two other sheets': COPDGene + FHS added,Taking medication for diabetes,WHI,30/2395576,-
2025-08-27,2025-08-28,code 903f6d41,'Got it working with the two other sheets': COPDGene + FHS added,Taking non statin medication,ARIC,5/54809,-
2025-08-27,2025-08-28,code 903f6d41,'Got it working with the two other sheets': COPDGene + FHS added,Taking non statin medication,CARDIA,9/30185,-
2025-08-27,2025-08-28,code 903f6d41,'Got it working with the two other sheets': COPDGene + FHS added,Taking non statin medication,CHS,6/20915,41/299276
2025-08-27,2025-08-28,code 903f6d41,'Got it working with the two other sheets': COPDGene + FHS added,Taking non statin medication,FHS,-,60/420878
2025-08-27,2025-08-28,code 903f6d41,'Got it working with the two other sheets': COPDGene + FHS added,Taking non statin medication,HCHS/SOL,1/12491,3/74600
2025-08-27,2025-08-28,code 903f6d41,'Got it working with the two other sheets': COPDGene + FHS added,Taking non statin medication,JHS,5/15603,-
2025-08-27,2025-08-28,code 903f6d41,'Got it working with the two other sheets': COPDGene + FHS added,Taking non statin medication,MESA,7/28178,24/176478
2025-08-27,2025-08-28,code 903f6d41,'Got it working with the two other sheets': COPDGene + FHS added,Taking non statin medication,WHI,2/387909,-
2025-08-27,2025-08-28,code 903f6d41,'Got it working with the two other sheets': COPDGene + FHS added,Taking oral hypoglycemic agents,ARIC,6/49590,-
2025-08-27,2025-08-28,code 903f6d41,'Got it working with the two other sheets': COPDGene + FHS added,Taking oral hypoglycemic agents,CHS,-,14/100558
2025-08-27,2025-08-28,code 903f6d41,'Got it working with the two other sheets': COPDGene + FHS added,Taking oral hypoglycemic agents,FHS,-,59/366014
2025-08-27,2025-08-28,code 903f6d41,'Got it working with the two other sheets': COPDGene + FHS added,Taking oral hypoglycemic agents,HCHS/SOL,1/12484,-
2025-08-27,2025-08-28,code 903f6d41,'Got it working with the two other sheets': COPDGene + FHS added,Taking oral hypoglycemic agents,MESA,-,15/142681
2025-08-27,2025-08-28,code 903f6d41,'Got it working with the two other sheets': COPDGene + FHS added,Taking oral hypoglycemic agents,WHI,1/379475,-
2025-08-27,2025-08-28,code 903f6d41,'Got it working with the two other sheets': COPDGene + FHS added,Taking statin medication,ARIC,11/69808,12/235604
2025-08-27,2025-08-28,code 903f6d41,'Got it working with the two other sheets': COPDGene + FHS added,Taking statin medication,CARDIA,2/7205,-
2025-08-27,2025-08-28,code 903f6d41,'Got it working with the two other sheets': COPDGene + FHS added,Taking statin medication,CHS,1/5447,1/11052
2025-08-27,2025-08-28,code 903f6d41,'Got it working with the two other sheets': COPDGene + FHS added,Taking statin medication,FHS,-,10/57623
2025-08-27,2025-08-28,code 903f6d41,'Got it working with the two other sheets': COPDGene + FHS added,Taking statin medication,HCHS/SOL,1/11722,1/24560
2025-08-27,2025-08-28,code 903f6d41,'Got it working with the two other sheets': COPDGene + FHS added,Taking statin medication,JHS,1/3377,6/37350
2025-08-27,2025-08-28,code 903f6d41,'Got it working with the two other sheets': COPDGene + FHS added,Taking statin medication,MESA,2/3656,3/16508
2025-08-27,2025-08-28,code 903f6d41,'Got it working with the two other sheets': COPDGene + FHS added,Taking statin medication,WHI,1/207828,-
2025-08-27,2025-08-28,code 903f6d41,'Got it working with the two other sheets': COPDGene + FHS added,Taking systemic steroids,ARIC,5/201783,-
2025-08-27,2025-08-28,code 903f6d41,'Got it working with the two other sheets': COPDGene + FHS added,Taking systemic steroids,CARDIA,3/28581,-
2025-08-27,2025-08-28,code 903f6d41,'Got it working with the two other sheets': COPDGene + FHS added,Taking systemic steroids,COPDGene,-,1/518
2025-08-27,2025-08-28,code 903f6d41,'Got it working with the two other sheets': COPDGene + FHS added,Taking systemic steroids,HCHS/SOL,2/23425,-
2025-08-27,2025-08-28,code 903f6d41,'Got it working with the two other sheets': COPDGene + FHS added,Taking systemic steroids,JHS,2/6501,-
2025-08-27,2025-08-28,code 903f6d41,'Got it working with the two other sheets': COPDGene + FHS added,Taking systemic steroids,MESA,2/3126,-
2025-08-27,2025-08-28,code 903f6d41,'Got it working with the two other sheets': COPDGene + FHS added,Taking systemic steroids,WHI,-,1/7552
2025-08-27,2025-08-28,code 903f6d41,'Got it working with the two other sheets': COPDGene + FHS added,Taking vasodilators,ARIC,6/19832,3/35158
2025-08-27,2025-08-28,code 903f6d41,'Got it working with the two other sheets': COPDGene + FHS added,Taking vasodilators,CARDIA,4/12886,-
2025-08-27,2025-08-28,code 903f6d41,'Got it working with the two other sheets': COPDGene + FHS added,Taking vasodilators,CHS,4/15296,42/300292
2025-08-27,2025-08-28,code 903f6d41,'Got it working with the two other sheets': COPDGene + FHS added,Taking vasodilators,FHS,-,23/125514
2025-08-27,2025-08-28,code 903f6d41,'Got it working with the two other sheets': COPDGene + FHS added,Taking vasodilators,HCHS/SOL,1/12509,-
2025-08-27,2025-08-28,code 903f6d41,'Got it working with the two other sheets': COPDGene + FHS added,Taking vasodilators,JHS,8/17665,-
2025-08-27,2025-08-28,code 903f6d41,'Got it working with the two other sheets': COPDGene + FHS added,Taking vasodilators,MESA,5/9489,24/175982
2025-08-27,2025-08-28,code 903f6d41,'Got it working with the two other sheets': COPDGene + FHS added,Taking vasodilators,WHI,-,2/27006
2025-08-27,2025-08-28,code 903f6d41,'Got it working with the two other sheets': COPDGene + FHS added,Temperature,ARIC,5/60921,-
2025-08-27,2025-08-28,code 903f6d41,'Got it working with the two other sheets': COPDGene + FHS added,Temperature,CARDIA,3/10492,4/13138
2025-08-27,2025-08-28,code 903f6d41,'Got it working with the two other sheets': COPDGene + FHS added,Temperature,HCHS/SOL,3/35163,-
2025-08-27,2025-08-28,code 903f6d41,'Got it working with the two other sheets': COPDGene + FHS added,Temperature,JHS,2/6686,-
2025-08-27,2025-08-28,code 903f6d41,'Got it working with the two other sheets': COPDGene + FHS added,Temperature,MESA,2/3196,1/3789
2025-08-27,2025-08-28,code 903f6d41,'Got it working with the two other sheets': COPDGene + FHS added,Total cholesterol in blood,ARIC,8/24302,16/146723
2025-08-27,2025-08-28,code 903f6d41,'Got it working with the two other sheets': COPDGene + FHS added,Total cholesterol in blood,CARDIA,3/10787,3/10519
2025-08-27,2025-08-28,code 903f6d41,'Got it working with the two other sheets': COPDGene + FHS added,Total cholesterol in blood,CHS,-,1/5479
2025-08-27,2025-08-28,code 903f6d41,'Got it working with the two other sheets': COPDGene + FHS added,Total cholesterol in blood,FHS,-,60/1453584
2025-08-27,2025-08-28,code 903f6d41,'Got it working with the two other sheets': COPDGene + FHS added,Total cholesterol in blood,HCHS/SOL,1/12420,1/12511
2025-08-27,2025-08-28,code 903f6d41,'Got it working with the two other sheets': COPDGene + FHS added,Total cholesterol in blood,JHS,1/3376,11/44564
2025-08-27,2025-08-28,code 903f6d41,'Got it working with the two other sheets': COPDGene + FHS added,Total cholesterol in blood,MESA,3/8268,9/29732
2025-08-27,2025-08-28,code 903f6d41,'Got it working with the two other sheets': COPDGene + FHS added,Total cholesterol in blood,WHI,-,1/15771
2025-08-27,2025-08-28,code 903f6d41,'Got it working with the two other sheets': COPDGene + FHS added,Triglycerides in blood,ARIC,14/78224,25/282890
2025-08-27,2025-08-28,code 903f6d41,'Got it working with the two other sheets': COPDGene + FHS added,Triglycerides in blood,CARDIA,2/7204,7/52069
2025-08-27,2025-08-28,code 903f6d41,'Got it working with the two other sheets': COPDGene + FHS added,Triglycerides in blood,CHS,1/5447,4/14806
2025-08-27,2025-08-28,code 903f6d41,'Got it working with the two other sheets': COPDGene + FHS added,Triglycerides in blood,FHS,-,39/686928
2025-08-27,2025-08-28,code 903f6d41,'Got it working with the two other sheets': COPDGene + FHS added,Triglycerides in blood,HCHS/SOL,1/12420,1/12511
2025-08-27,2025-08-28,code 903f6d41,'Got it working with the two other sheets': COPDGene + FHS added,Triglycerides in blood,JHS,1/3377,12/54448
2025-08-27,2025-08-28,code 903f6d41,'Got it working with the two other sheets': COPDGene + FHS added,Triglycerides in blood,MESA,2/5512,8/29560
2025-08-27,2025-08-28,code 903f6d41,'Got it working with the two other sheets': COPDGene + FHS added,Triglycerides in blood,WHI,-,1/15771
2025-08-27,2025-08-28,code 903f6d41,'Got it working with the two other sheets': COPDGene + FHS added,Troponin all types,ARIC,9/40483,60/177584
2025-08-27,2025-08-28,code 903f6d41,'Got it working with the two other sheets': COPDGene + FHS added,Troponin all types,CARDIA,2/7205,4/719
2025-08-27,2025-08-28,code 903f6d41,'Got it working with the two other sheets': COPDGene + FHS added,Troponin all types,FHS,-,2/38951
2025-08-27,2025-08-28,code 903f6d41,'Got it working with the two other sheets': COPDGene + FHS added,Troponin all types,HCHS/SOL,1/12420,-
2025-08-27,2025-08-28,code 903f6d41,'Got it working with the two other sheets': COPDGene + FHS added,Troponin all types,JHS,1/3377,-
2025-08-27,2025-08-28,code 903f6d41,'Got it working with the two other sheets': COPDGene + FHS added,Troponin all types,MESA,2/5512,-
2025-08-27,2025-08-28,code 903f6d41,'Got it working with the two other sheets': COPDGene + FHS added,Valvular heart disease,ARIC,5/5713,-
2025-08-27,2025-08-28,code 903f6d41,'Got it working with the two other sheets': COPDGene + FHS added,Valvular heart disease,CARDIA,2/0,2/1788
2025-08-27,2025-08-28,code 903f6d41,'Got it working with the two other sheets': COPDGene + FHS added,Valvular heart disease,FHS,-,10/47778
2025-08-27,2025-08-28,code 903f6d41,'Got it working with the two other sheets': COPDGene + FHS added,Valvular heart disease,JHS,1/3376,-
2025-08-27,2025-08-28,code 903f6d41,'Got it working with the two other sheets': COPDGene + FHS added,Valvular heart disease,WHI,-,1/13602
2025-08-27,2025-08-28,code 903f6d41,'Got it working with the two other sheets': COPDGene + FHS added,Vegetables,ARIC,8/78591,33/2692780
2025-08-27,2025-08-28,code 903f6d41,'Got it working with the two other sheets': COPDGene + FHS added,Vegetables,CARDIA,3/10760,22/74514
2025-08-27,2025-08-28,code 903f6d41,'Got it working with the two other sheets': COPDGene + FHS added,Vegetables,FHS,-,224/4664391
2025-08-27,2025-08-28,code 903f6d41,'Got it working with the two other sheets': COPDGene + FHS added,Vegetables,HCHS/SOL,2/23446,-
2025-08-27,2025-08-28,code 903f6d41,'Got it working with the two other sheets': COPDGene + FHS added,Vegetables,JHS,2/6735,1/3711
2025-08-27,2025-08-28,code 903f6d41,'Got it working with the two other sheets': COPDGene + FHS added,Vegetables,MESA,2/3231,7/29869
2025-08-27,2025-08-28,code 903f6d41,'Got it working with the two other sheets': COPDGene + FHS added,Vegetables,WHI,-,2/680137
2025-08-27,2025-08-28,code 903f6d41,'Got it working with the two other sheets': COPDGene + FHS added,Venous thromboembolism,ARIC,19/272006,7/296070
2025-08-27,2025-08-28,code 903f6d41,'Got it working with the two other sheets': COPDGene + FHS added,Venous thromboembolism,CARDIA,27/1926,26/1254
2025-08-27,2025-08-28,code 903f6d41,'Got it working with the two other sheets': COPDGene + FHS added,Venous thromboembolism,CHS,3/32928,27/281164
2025-08-27,2025-08-28,code 903f6d41,'Got it working with the two other sheets': COPDGene + FHS added,Venous thromboembolism,FHS,-,28/76098
2025-08-27,2025-08-28,code 903f6d41,'Got it working with the two other sheets': COPDGene + FHS added,Venous thromboembolism,JHS,7/80948,6/494988
2025-08-27,2025-08-28,code 903f6d41,'Got it working with the two other sheets': COPDGene + FHS added,Venous thromboembolism,WHI,10/938207,30/2395576
2025-08-27,2025-08-28,code 903f6d41,'Got it working with the two other sheets': COPDGene + FHS added,Waist circumference,ARIC,1/14811,5/54809
2025-08-27,2025-08-28,code 903f6d41,'Got it working with the two other sheets': COPDGene + FHS added,Waist circumference,CARDIA,5/6928,9/30185
2025-08-27,2025-08-28,code 903f6d41,'Got it working with the two other sheets': COPDGene + FHS added,Waist circumference,CHS,-,6/20915
2025-08-27,2025-08-28,code 903f6d41,'Got it working with the two other sheets': COPDGene + FHS added,Waist circumference,FHS,-,39/910349
2025-08-27,2025-08-28,code 903f6d41,'Got it working with the two other sheets': COPDGene + FHS added,Waist circumference,HCHS/SOL,-,1/12491
2025-08-27,2025-08-28,code 903f6d41,'Got it working with the two other sheets': COPDGene + FHS added,Waist circumference,JHS,-,5/15603
2025-08-27,2025-08-28,code 903f6d41,'Got it working with the two other sheets': COPDGene + FHS added,Waist circumference,MESA,1/962,7/28178
2025-08-27,2025-08-28,code 903f6d41,'Got it working with the two other sheets': COPDGene + FHS added,Waist circumference,WHI,-,2/387909
2025-08-27,2025-08-28,code 903f6d41,'Got it working with the two other sheets': COPDGene + FHS added,Waist-hip ratio,ARIC,-,6/49590
2025-08-27,2025-08-28,code 903f6d41,'Got it working with the two other sheets': COPDGene + FHS added,Waist-hip ratio,HCHS/SOL,-,1/12484
2025-08-27,2025-08-28,code 903f6d41,'Got it working with the two other sheets': COPDGene + FHS added,Waist-hip ratio,WHI,-,1/379475
2025-08-27,2025-08-28,code 903f6d41,'Got it working with the two other sheets': COPDGene + FHS added,White blood cell count,ARIC,-,11/69808
2025-08-27,2025-08-28,code 903f6d41,'Got it working with the two other sheets': COPDGene + FHS added,White blood cell count,CARDIA,-,2/7205
2025-08-27,2025-08-28,code 903f6d41,'Got it working with the two other sheets': COPDGene + FHS added,White blood cell count,CHS,-,1/5447
2025-08-27,2025-08-28,code 903f6d41,'Got it working with the two other sheets': COPDGene + FHS added,White blood cell count,FHS,-,5/120219
2025-08-27,2025-08-28,code 903f6d41,'Got it working with the two other sheets': COPDGene + FHS added,White blood cell count,HCHS/SOL,-,1/11722
2025-08-27,2025-08-28,code 903f6d41,'Got it working with the two other sheets': COPDGene + FHS added,White blood cell count,JHS,-,1/3377
2025-08-27,2025-08-28,code 903f6d41,'Got it working with the two other sheets': COPDGene + FHS added,White blood cell count,MESA,-,2/3656
2025-08-27,2025-08-28,code 903f6d41,'Got it working with the two other sheets': COPDGene + FHS added,White blood cell count,WHI,-,1/207828
2025-08-27,2025-08-28,code 903f6d41,'Got it working with the two other sheets': COPDGene + FHS added,basophils count,ARIC,2/6715,5/201783
2025-08-27,2025-08-28,code 903f6d41,'Got it working with the two other sheets': COPDGene + FHS added,basophils count,CARDIA,-,3/28581
2025-08-27,2025-08-28,code 903f6d41,'Got it working with the two other sheets': COPDGene + FHS added,basophils count,FHS,-,3/52691
2025-08-27,2025-08-28,code 903f6d41,'Got it working with the two other sheets': COPDGene + FHS added,basophils count,HCHS/SOL,1/12486,2/23425
2025-08-27,2025-08-28,code 903f6d41,'Got it working with the two other sheets': COPDGene + FHS added,basophils count,JHS,-,2/6501
2025-08-27,2025-08-28,code 903f6d41,'Got it working with the two other sheets': COPDGene + FHS added,basophils count,MESA,3/4270,2/3126
2025-08-27,2025-08-28,code 903f6d41,'Got it working with the two other sheets': COPDGene + FHS added,basophils count,WHI,3/664794,-
2025-08-27,2025-08-28,code 903f6d41,'Got it working with the two other sheets': COPDGene + FHS added,c-reactive protein CRP,ARIC,-,6/19832
2025-08-27,2025-08-28,code 903f6d41,'Got it working with the two other sheets': COPDGene + FHS added,c-reactive protein CRP,CARDIA,-,4/12886
2025-08-27,2025-08-28,code 903f6d41,'Got it working with the two other sheets': COPDGene + FHS added,c-reactive protein CRP,CHS,-,4/15296
2025-08-27,2025-08-28,code 903f6d41,'Got it working with the two other sheets': COPDGene + FHS added,c-reactive protein CRP,FHS,-,5/163207
2025-08-27,2025-08-28,code 903f6d41,'Got it working with the two other sheets': COPDGene + FHS added,c-reactive protein CRP,HCHS/SOL,-,1/12509
2025-08-27,2025-08-28,code 903f6d41,'Got it working with the two other sheets': COPDGene + FHS added,c-reactive protein CRP,JHS,-,8/17665
2025-08-27,2025-08-28,code 903f6d41,'Got it working with the two other sheets': COPDGene + FHS added,c-reactive protein CRP,MESA,1/964,5/9489
2025-08-27,2025-08-28,code 903f6d41,'Got it working with the two other sheets': COPDGene + FHS added,interleukin 6 in blood,CARDIA,-,4/5552
2025-08-27,2025-08-28,code 903f6d41,'Got it working with the two other sheets': COPDGene + FHS added,interleukin 6 in blood,CHS,-,1/5063
2025-08-27,2025-08-28,code 903f6d41,'Got it working with the two other sheets': COPDGene + FHS added,interleukin 6 in blood,FHS,-,4/20471
2025-08-27,2025-08-28,code 903f6d41,'Got it working with the two other sheets': COPDGene + FHS added,interleukin 6 in blood,MESA,1/964,4/9898
2025-08-27,2025-08-28,code 903f6d41,'Got it working with the two other sheets': COPDGene + FHS added,mean corpuscular hemoglobin,ARIC,23/154143,8/24302
2025-08-27,2025-08-28,code 903f6d41,'Got it working with the two other sheets': COPDGene + FHS added,mean corpuscular hemoglobin,CARDIA,-,3/10787
2025-08-27,2025-08-28,code 903f6d41,'Got it working with the two other sheets': COPDGene + FHS added,mean corpuscular hemoglobin,FHS,-,3/78122
2025-08-27,2025-08-28,code 903f6d41,'Got it working with the two other sheets': COPDGene + FHS added,mean corpuscular hemoglobin,HCHS/SOL,-,1/12420
2025-08-27,2025-08-28,code 903f6d41,'Got it working with the two other sheets': COPDGene + FHS added,mean corpuscular hemoglobin,JHS,-,1/3376
2025-08-27,2025-08-28,code 903f6d41,'Got it working with the two other sheets': COPDGene + FHS added,mean corpuscular hemoglobin,MESA,-,3/8268
2025-08-27,2025-08-28,code 903f6d41,'Got it working with the two other sheets': COPDGene + FHS added,mean corpuscular hemoglobin,WHI,3/351039,-
2025-08-27,2025-08-28,code 903f6d41,'Got it working with the two other sheets': COPDGene + FHS added,mean corpuscular hemoglobin concentration,ARIC,11/64169,14/78224
2025-08-27,2025-08-28,code 903f6d41,'Got it working with the two other sheets': COPDGene + FHS added,mean corpuscular hemoglobin concentration,CARDIA,2/7203,2/7204
2025-08-27,2025-08-28,code 903f6d41,'Got it working with the two other sheets': COPDGene + FHS added,mean corpuscular hemoglobin concentration,CHS,4/14599,1/5447
2025-08-27,2025-08-28,code 903f6d41,'Got it working with the two other sheets': COPDGene + FHS added,mean corpuscular hemoglobin concentration,FHS,-,4/109098
2025-08-27,2025-08-28,code 903f6d41,'Got it working with the two other sheets': COPDGene + FHS added,mean corpuscular hemoglobin concentration,HCHS/SOL,1/12413,1/12420
2025-08-27,2025-08-28,code 903f6d41,'Got it working with the two other sheets': COPDGene + FHS added,mean corpuscular hemoglobin concentration,JHS,1/3749,1/3377
2025-08-27,2025-08-28,code 903f6d41,'Got it working with the two other sheets': COPDGene + FHS added,mean corpuscular hemoglobin concentration,MESA,2/3644,2/5512
2025-08-27,2025-08-28,code 903f6d41,'Got it working with the two other sheets': COPDGene + FHS added,mean corpuscular hemoglobin concentration,WHI,1/207213,-
2025-08-27,2025-08-28,code 903f6d41,'Got it working with the two other sheets': COPDGene + FHS added,mean corpuscular volume,ARIC,6/50430,9/40483
2025-08-27,2025-08-28,code 903f6d41,'Got it working with the two other sheets': COPDGene + FHS added,mean corpuscular volume,CARDIA,-,2/7205
2025-08-27,2025-08-28,code 903f6d41,'Got it working with the two other sheets': COPDGene + FHS added,mean corpuscular volume,CHS,4/14708,-
2025-08-27,2025-08-28,code 903f6d41,'Got it working with the two other sheets': COPDGene + FHS added,mean corpuscular volume,FHS,-,4/109098
2025-08-27,2025-08-28,code 903f6d41,'Got it working with the two other sheets': COPDGene + FHS added,mean corpuscular volume,HCHS/SOL,-,1/12420
2025-08-27,2025-08-28,code 903f6d41,'Got it working with the two other sheets': COPDGene + FHS added,mean corpuscular volume,JHS,1/3839,1/3377
2025-08-27,2025-08-28,code 903f6d41,'Got it working with the two other sheets': COPDGene + FHS added,mean corpuscular volume,MESA,3/8682,2/5512
2025-08-27,2025-08-28,code 903f6d41,'Got it working with the two other sheets': COPDGene + FHS added,mean platelet volume,ARIC,17/211571,5/5713
2025-08-27,2025-08-28,code 903f6d41,'Got it working with the two other sheets': COPDGene + FHS added,mean platelet volume,CARDIA,-,2/0
2025-08-27,2025-08-28,code 903f6d41,'Got it working with the two other sheets': COPDGene + FHS added,mean platelet volume,CHS,12/43430,-
2025-08-27,2025-08-28,code 903f6d41,'Got it working with the two other sheets': COPDGene + FHS added,mean platelet volume,FHS,-,2/58696
2025-08-27,2025-08-28,code 903f6d41,'Got it working with the two other sheets': COPDGene + FHS added,mean platelet volume,JHS,17/58938,1/3376
2025-08-27,2025-08-28,code 903f6d41,'Got it working with the two other sheets': COPDGene + FHS added,mean platelet volume,WHI,1/166813,-
2025-08-27,2025-08-28,code 903f6d41,'Got it working with the two other sheets': COPDGene + FHS added,monocytes count,ARIC,5/26964,8/78591
2025-08-27,2025-08-28,code 903f6d41,'Got it working with the two other sheets': COPDGene + FHS added,monocytes count,CARDIA,2/7205,3/10760
2025-08-27,2025-08-28,code 903f6d41,'Got it working with the two other sheets': COPDGene + FHS added,monocytes count,FHS,-,3/98637
2025-08-27,2025-08-28,code 903f6d41,'Got it working with the two other sheets': COPDGene + FHS added,monocytes count,HCHS/SOL,1/12420,2/23446
2025-08-27,2025-08-28,code 903f6d41,'Got it working with the two other sheets': COPDGene + FHS added,monocytes count,JHS,1/3377,2/6735
2025-08-27,2025-08-28,code 903f6d41,'Got it working with the two other sheets': COPDGene + FHS added,monocytes count,MESA,2/3656,2/3231
2025-08-27,2025-08-28,code 903f6d41,'Got it working with the two other sheets': COPDGene + FHS added,peripheral arterial disease,ARIC,67/610251,19/272006
2025-08-27,2025-08-28,code 903f6d41,'Got it working with the two other sheets': COPDGene + FHS added,peripheral arterial disease,CARDIA,10/32760,27/1926
2025-08-27,2025-08-28,code 903f6d41,'Got it working with the two other sheets': COPDGene + FHS added,peripheral arterial disease,CHS,-,3/32928
2025-08-27,2025-08-28,code 903f6d41,'Got it working with the two other sheets': COPDGene + FHS added,peripheral arterial disease,COPDGene,-,1/544
2025-08-27,2025-08-28,code 903f6d41,'Got it working with the two other sheets': COPDGene + FHS added,peripheral arterial disease,FHS,-,1/8883
2025-08-27,2025-08-28,code 903f6d41,'Got it working with the two other sheets': COPDGene + FHS added,peripheral arterial disease,JHS,35/153546,7/80948
2025-08-27,2025-08-28,code 903f6d41,'Got it working with the two other sheets': COPDGene + FHS added,peripheral arterial disease,WHI,7/2474002,10/938207
2025-08-27,2025-08-28,code 903f6d41,'Got it working with the two other sheets': COPDGene + FHS added,von Willebrand factor,ARIC,5/24251,1/14811
2025-08-27,2025-08-28,code 903f6d41,'Got it working with the two other sheets': COPDGene + FHS added,von Willebrand factor,CARDIA,-,5/6928
2025-08-27,2025-08-28,code 903f6d41,'Got it working with the two other sheets': COPDGene + FHS added,von Willebrand factor,FHS,-,3/63679
2025-08-27,2025-08-28,code 903f6d41,'Got it working with the two other sheets': COPDGene + FHS added,von Willebrand factor,HCHS/SOL,1/12419,-
2025-08-27,2025-08-28,code 903f6d41,'Got it working with the two other sheets': COPDGene + FHS added,von Willebrand factor,JHS,1/0,-
2025-08-27,2025-08-28,code 903f6d41,'Got it working with the two other sheets': COPDGene + FHS added,von Willebrand factor,MESA,-,1/962
2025-08-27,2025-08-28,code 903f6d41,'Got it working with the two other sheets': COPDGene + FHS added,COPD,(row),present,removed/renamed
2025-08-27,2025-08-28,code 903f6d41,'Got it working with the two other sheets': COPDGene + FHS added,Carotid stenosis left,(row),present,removed/renamed
2025-08-27,2025-08-28,code 903f6d41,'Got it working with the two other sheets': COPDGene + FHS added,Carotid stenosis right,(row),present,removed/renamed
2025-08-27,2025-08-28,code 903f6d41,'Got it working with the two other sheets': COPDGene + FHS added,Eosinophils count,(row),present,removed/renamed
2025-08-27,2025-08-28,code 903f6d41,'Got it working with the two other sheets': COPDGene + FHS added,Lactate in blood,(row),present,removed/renamed
2025-08-27,2025-08-28,code 903f6d41,'Got it working with the two other sheets': COPDGene + FHS added,Red blood cell count,(row),present,removed/renamed
2025-08-27,2025-08-28,code 903f6d41,'Got it working with the two other sheets': COPDGene + FHS added,Red cell distribution width,(row),present,removed/renamed
2025-08-27,2025-08-28,code 903f6d41,'Got it working with the two other sheets': COPDGene + FHS added,Sleep apnea,(row),present,removed/renamed
2025-08-27,2025-08-28,code 903f6d41,'Got it working with the two other sheets': COPDGene + FHS added,Stroke,(row),present,removed/renamed
2025-08-27,2025-08-28,code 903f6d41,'Got it working with the two other sheets': COPDGene + FHS added,Age at Follow-up,(row),absent,added/renamed
2025-08-27,2025-08-28,code 903f6d41,'Got it working with the two other sheets': COPDGene + FHS added,COPD status,(row),absent,added/renamed
2025-08-27,2025-08-28,code 903f6d41,'Got it working with the two other sheets': COPDGene + FHS added,Carotid stenosis,(row),absent,added/renamed
2025-08-27,2025-08-28,code 903f6d41,'Got it working with the two other sheets': COPDGene + FHS added,Cause of Death,(row),absent,added/renamed
2025-08-27,2025-08-28,code 903f6d41,'Got it working with the two other sheets': COPDGene + FHS added,Geographic Site,(row),absent,added/renamed
2025-08-27,2025-08-28,code 903f6d41,'Got it working with the two other sheets': COPDGene + FHS added,Heart failure,(row),absent,added/renamed
2025-08-27,2025-08-28,code 903f6d41,'Got it working with the two other sheets': COPDGene + FHS added,Lactate,(row),absent,added/renamed
2025-08-27,2025-08-28,code 903f6d41,'Got it working with the two other sheets': COPDGene + FHS added,Medication Use,(row),absent,added/renamed
2025-08-27,2025-08-28,code 903f6d41,'Got it working with the two other sheets': COPDGene + FHS added,Red blood cell count volume,(row),absent,added/renamed
2025-08-27,2025-08-28,code 903f6d41,'Got it working with the two other sheets': COPDGene + FHS added,Sleep apnea status,(row),absent,added/renamed
2025-08-27,2025-08-28,code 903f6d41,'Got it working with the two other sheets': COPDGene + FHS added,Stroke status,(row),absent,added/renamed
2025-08-27,2025-08-28,code 903f6d41,'Got it working with the two other sheets': COPDGene + FHS added,Study cohort designation,(row),absent,added/renamed
2025-08-27,2025-08-28,code 903f6d41,'Got it working with the two other sheets': COPDGene + FHS added,Taking ACE inhibitor,(row),absent,added/renamed
2025-08-27,2025-08-28,code 903f6d41,'Got it working with the two other sheets': COPDGene + FHS added,Taking beta blocker,(row),absent,added/renamed
2025-08-27,2025-08-28,code 903f6d41,'Got it working with the two other sheets': COPDGene + FHS added,Taking diuretic,(row),absent,added/renamed
2025-08-27,2025-08-28,code 903f6d41,'Got it working with the two other sheets': COPDGene + FHS added,Taking steroids,(row),absent,added/renamed
2025-08-27,2025-08-28,code 903f6d41,'Got it working with the two other sheets': COPDGene + FHS added,eosinophils count,(row),absent,added/renamed
2025-08-27,2025-08-28,code 903f6d41,'Got it working with the two other sheets': COPDGene + FHS added,hematocrit,(row),absent,added/renamed
2025-08-27,2025-08-28,code 903f6d41,'Got it working with the two other sheets': COPDGene + FHS added,red cell distribution width,(row),absent,added/renamed
2025-11-03,2025-11-26,hand edit,sheet edited away from the pipeline output it had matched,Cause of death,CARDIA,36/21014,38/22104
2025-11-03,2025-11-26,hand edit,sheet edited away from the pipeline output it had matched,Age at Follow-up,(row),present,removed/renamed
2025-11-03,2025-11-26,hand edit,sheet edited away from the pipeline output it had matched,Cause of Death,(row),present,removed/renamed
2025-11-03,2025-11-26,hand edit,sheet edited away from the pipeline output it had matched,Geographic Site,(row),present,removed/renamed
2025-11-03,2025-11-26,hand edit,sheet edited away from the pipeline output it had matched,Study cohort designation,(row),present,removed/renamed
2025-11-26,2025-12-09,code c72e781c,filter out rows whose Transform Comment is 'out of scope',Albumin creatinine ratio in urine,ARIC,3/24024,-
2025-11-26,2025-12-09,code c72e781c,filter out rows whose Transform Comment is 'out of scope',Albumin creatinine ratio in urine,CARDIA,3/12495,3/9211
2025-11-26,2025-12-09,code c72e781c,filter out rows whose Transform Comment is 'out of scope',Albumin creatinine ratio in urine,JHS,4/6386,2/4810
2025-11-26,2025-12-09,code c72e781c,filter out rows whose Transform Comment is 'out of scope',Albumin in blood,ARIC,3/17989,2/17989
2025-11-26,2025-12-09,code c72e781c,filter out rows whose Transform Comment is 'out of scope',Angina,MESA,3/18115,2/17591
2025-11-26,2025-12-09,code c72e781c,filter out rows whose Transform Comment is 'out of scope',Aspirin,CARDIA,5/32949,3/32618
2025-11-26,2025-12-09,code c72e781c,filter out rows whose Transform Comment is 'out of scope',Aspirin,JHS,7/198048,4/168900
2025-11-26,2025-12-09,code c72e781c,filter out rows whose Transform Comment is 'out of scope',Asthma,ARIC,16/313462,15/311386
2025-11-26,2025-12-09,code c72e781c,filter out rows whose Transform Comment is 'out of scope',Atrial fibrillation,ARIC,27/506443,17/348388
2025-11-26,2025-12-09,code c72e781c,filter out rows whose Transform Comment is 'out of scope',Body weight,ARIC,7/70769,6/56292
2025-11-26,2025-12-09,code c72e781c,filter out rows whose Transform Comment is 'out of scope',Body weight,CARDIA,14/39325,13/35703
2025-11-26,2025-12-09,code c72e781c,filter out rows whose Transform Comment is 'out of scope',COPD status,ARIC,5/40321,4/39974
2025-11-26,2025-12-09,code c72e781c,filter out rows whose Transform Comment is 'out of scope',Carotid IMT,ARIC,139/854802,36/326885
2025-11-26,2025-12-09,code c72e781c,filter out rows whose Transform Comment is 'out of scope',Carotid IMT,CHS,10/48336,6/28933
2025-11-26,2025-12-09,code c72e781c,filter out rows whose Transform Comment is 'out of scope',Carotid IMT,JHS,24/75908,6/19862
2025-11-26,2025-12-09,code c72e781c,filter out rows whose Transform Comment is 'out of scope',Carotid IMT,MESA,3/6719,1/187
2025-11-26,2025-12-09,code c72e781c,filter out rows whose Transform Comment is 'out of scope',Carotid plaque,ARIC,41/2000988,40/1986511
2025-11-26,2025-12-09,code c72e781c,filter out rows whose Transform Comment is 'out of scope',Cause of death,CARDIA,38/22104,34/20978
2025-11-26,2025-12-09,code c72e781c,filter out rows whose Transform Comment is 'out of scope',Cigarette smoking,ARIC,35/783928,30/698091
2025-11-26,2025-12-09,code c72e781c,filter out rows whose Transform Comment is 'out of scope',Cigarette smoking,CARDIA,21/122295,20/115051
2025-11-26,2025-12-09,code c72e781c,filter out rows whose Transform Comment is 'out of scope',Cigarette smoking,JHS,9/58835,3/20498
2025-11-26,2025-12-09,code c72e781c,filter out rows whose Transform Comment is 'out of scope',Death,ARIC,60/1346351,27/748362
2025-11-26,2025-12-09,code c72e781c,filter out rows whose Transform Comment is 'out of scope',Death,CARDIA,8/293,4/292
2025-11-26,2025-12-09,code c72e781c,filter out rows whose Transform Comment is 'out of scope',Diabetes,ARIC,41/838605,35/778114
2025-11-26,2025-12-09,code c72e781c,filter out rows whose Transform Comment is 'out of scope',Diastolic blood pressure,ARIC,53/473408,52/458931
2025-11-26,2025-12-09,code c72e781c,filter out rows whose Transform Comment is 'out of scope',Diastolic blood pressure,CARDIA,10/32760,9/29138
2025-11-26,2025-12-09,code c72e781c,filter out rows whose Transform Comment is 'out of scope',EGFR,MESA,13/40860,12/40464
2025-11-26,2025-12-09,code c72e781c,filter out rows whose Transform Comment is 'out of scope',Education level,ARIC,2/130077,1/86718
2025-11-26,2025-12-09,code c72e781c,filter out rows whose Transform Comment is 'out of scope',HDL,ARIC,29/307974,28/293497
2025-11-26,2025-12-09,code c72e781c,filter out rows whose Transform Comment is 'out of scope',HDL,CARDIA,11/37429,10/33807
2025-11-26,2025-12-09,code c72e781c,filter out rows whose Transform Comment is 'out of scope',HDL,FHS,51/1099714,52/1164075
2025-11-26,2025-12-09,code c72e781c,filter out rows whose Transform Comment is 'out of scope',Height,ARIC,20/177109,19/162632
2025-11-26,2025-12-09,code c72e781c,filter out rows whose Transform Comment is 'out of scope',Height,CARDIA,14/36658,13/33036
2025-11-26,2025-12-09,code c72e781c,filter out rows whose Transform Comment is 'out of scope',Hematocrit,ARIC,10/146690,7/119990
2025-11-26,2025-12-09,code c72e781c,filter out rows whose Transform Comment is 'out of scope',Hematocrit,CARDIA,2/7204,1/3582
2025-11-26,2025-12-09,code c72e781c,filter out rows whose Transform Comment is 'out of scope',Hemoglobin,ARIC,10/89898,8/63198
2025-11-26,2025-12-09,code c72e781c,filter out rows whose Transform Comment is 'out of scope',Hemoglobin,CARDIA,2/7204,1/3582
2025-11-26,2025-12-09,code c72e781c,filter out rows whose Transform Comment is 'out of scope',History of cardiovascular disease,ARIC,30/631205,22/495640
2025-11-26,2025-12-09,code c72e781c,filter out rows whose Transform Comment is 'out of scope',History of coronary angioplasty,ARIC,9/176553,8/162076
2025-11-26,2025-12-09,code c72e781c,filter out rows whose Transform Comment is 'out of scope',History of coronary artery bypass graft,ARIC,13/192105,12/177628
2025-11-26,2025-12-09,code c72e781c,filter out rows whose Transform Comment is 'out of scope',History of coronary artery bypass graft,WHI,3/570946,2/288734
2025-11-26,2025-12-09,code c72e781c,filter out rows whose Transform Comment is 'out of scope',History of myocardial infarction,ARIC,65/2968463,51/2686680
2025-11-26,2025-12-09,code c72e781c,filter out rows whose Transform Comment is 'out of scope',Hypertension,ARIC,24/638759,23/632945
2025-11-26,2025-12-09,code c72e781c,filter out rows whose Transform Comment is 'out of scope',Hypertension treatment,ARIC,42/1306554,18/372002
2025-11-26,2025-12-09,code c72e781c,filter out rows whose Transform Comment is 'out of scope',Hypertension treatment,CARDIA,29/149032,19/25776
2025-11-26,2025-12-09,code c72e781c,filter out rows whose Transform Comment is 'out of scope',Hypertension treatment,FHS,53/477857,54/489059
2025-11-26,2025-12-09,code c72e781c,filter out rows whose Transform Comment is 'out of scope',Hypertension treatment,JHS,19/249062,9/219048
2025-11-26,2025-12-09,code c72e781c,filter out rows whose Transform Comment is 'out of scope',ICAM1 in blood,CARDIA,2/6039,1/2669
2025-11-26,2025-12-09,code c72e781c,filter out rows whose Transform Comment is 'out of scope',Interleukin 10 in blood,MESA,2/947,1/939
2025-11-26,2025-12-09,code c72e781c,filter out rows whose Transform Comment is 'out of scope',LDL,FHS,25/626142,26/695629
2025-11-26,2025-12-09,code c72e781c,filter out rows whose Transform Comment is 'out of scope',Lymphocytes count,ARIC,7/72929,6/58452
2025-11-26,2025-12-09,code c72e781c,filter out rows whose Transform Comment is 'out of scope',Lymphocytes count,CARDIA,3/10787,2/7165
2025-11-26,2025-12-09,code c72e781c,filter out rows whose Transform Comment is 'out of scope',Mass LP-PLA2 in blood,MESA,2/10297,1/5042
2025-11-26,2025-12-09,code c72e781c,filter out rows whose Transform Comment is 'out of scope',Neutrophils count,ARIC,7/106719,-
2025-11-26,2025-12-09,code c72e781c,filter out rows whose Transform Comment is 'out of scope',Neutrophils count,CARDIA,6/20335,-
2025-11-26,2025-12-09,code c72e781c,filter out rows whose Transform Comment is 'out of scope',Neutrophils count,HCHS/SOL,2/23441,-
2025-11-26,2025-12-09,code c72e781c,filter out rows whose Transform Comment is 'out of scope',Neutrophils count,JHS,3/6812,-
2025-11-26,2025-12-09,code c72e781c,filter out rows whose Transform Comment is 'out of scope',Neutrophils percent,ARIC,2/18625,2/37250
2025-11-26,2025-12-09,code c72e781c,filter out rows whose Transform Comment is 'out of scope',Neutrophils percent,CARDIA,1/2407,1/4814
2025-11-26,2025-12-09,code c72e781c,filter out rows whose Transform Comment is 'out of scope',Neutrophils percent,HCHS/SOL,1/11719,1/23438
2025-11-26,2025-12-09,code c72e781c,filter out rows whose Transform Comment is 'out of scope',Platelet count,ARIC,11/64169,9/37469
2025-11-26,2025-12-09,code c72e781c,filter out rows whose Transform Comment is 'out of scope',Platelet count,CARDIA,2/7203,1/3581
2025-11-26,2025-12-09,code c72e781c,filter out rows whose Transform Comment is 'out of scope',QT interval,WHI,2/333626,1/166813
2025-11-26,2025-12-09,code c72e781c,filter out rows whose Transform Comment is 'out of scope',Race,JHS,1/29425,-
2025-11-26,2025-12-09,code c72e781c,filter out rows whose Transform Comment is 'out of scope',Sex,JHS,9/55102,5/28298
2025-11-26,2025-12-09,code c72e781c,filter out rows whose Transform Comment is 'out of scope',Sleep hours,CARDIA,3/6830,2/3529
2025-11-26,2025-12-09,code c72e781c,filter out rows whose Transform Comment is 'out of scope',Stroke status,ARIC,127/4514934,95/4193696
2025-11-26,2025-12-09,code c72e781c,filter out rows whose Transform Comment is 'out of scope',Stroke status,WHI,27/2363823,26/2363617
2025-11-26,2025-12-09,code c72e781c,filter out rows whose Transform Comment is 'out of scope',Systolic blood pressure,ARIC,67/610251,66/595774
2025-11-26,2025-12-09,code c72e781c,filter out rows whose Transform Comment is 'out of scope',Systolic blood pressure,CARDIA,10/32760,9/29138
2025-11-26,2025-12-09,code c72e781c,filter out rows whose Transform Comment is 'out of scope',TNFa in blood,MESA,5/7447,4/3737
2025-11-26,2025-12-09,code c72e781c,filter out rows whose Transform Comment is 'out of scope',Taking ACE inhibitors,ARIC,10/168194,9/153717
2025-11-26,2025-12-09,code c72e781c,filter out rows whose Transform Comment is 'out of scope',Taking ACE inhibitors,CARDIA,4/26022,3/22400
2025-11-26,2025-12-09,code c72e781c,filter out rows whose Transform Comment is 'out of scope',Taking ACE inhibitors,FHS,19/104771,20/119783
2025-11-26,2025-12-09,code c72e781c,filter out rows whose Transform Comment is 'out of scope',Taking aldosterone receptor blockers,ARIC,8/134234,7/119757
2025-11-26,2025-12-09,code c72e781c,filter out rows whose Transform Comment is 'out of scope',Taking aldosterone receptor blockers,CARDIA,4/26022,3/22400
2025-11-26,2025-12-09,code c72e781c,filter out rows whose Transform Comment is 'out of scope',Taking alpha blockers,ARIC,2/57908,1/43431
2025-11-26,2025-12-09,code c72e781c,filter out rows whose Transform Comment is 'out of scope',Taking alpha blockers,CARDIA,4/26022,3/22400
2025-11-26,2025-12-09,code c72e781c,filter out rows whose Transform Comment is 'out of scope',Taking alpha blockers,FHS,14/62181,14/69132
2025-11-26,2025-12-09,code c72e781c,filter out rows whose Transform Comment is 'out of scope',Taking angiotensin receptor blockers,ARIC,12/202959,11/188482
2025-11-26,2025-12-09,code c72e781c,filter out rows whose Transform Comment is 'out of scope',Taking angiotensin receptor blockers,CARDIA,4/26022,3/22400
2025-11-26,2025-12-09,code c72e781c,filter out rows whose Transform Comment is 'out of scope',Taking beta blockers,ARIC,4/91906,3/77429
2025-11-26,2025-12-09,code c72e781c,filter out rows whose Transform Comment is 'out of scope',Taking beta blockers,CARDIA,4/26022,3/22400
2025-11-26,2025-12-09,code c72e781c,filter out rows whose Transform Comment is 'out of scope',Taking beta blockers,FHS,40/335956,45/425501
2025-11-26,2025-12-09,code c72e781c,filter out rows whose Transform Comment is 'out of scope',Taking beta blockers,HCHS/SOL,1/24560,2/49120
2025-11-26,2025-12-09,code c72e781c,filter out rows whose Transform Comment is 'out of scope',Taking beta blockers,JHS,-,3/17208
2025-11-26,2025-12-09,code c72e781c,filter out rows whose Transform Comment is 'out of scope',Taking beta blockers,WHI,-,2/27026
2025-11-26,2025-12-09,code c72e781c,filter out rows whose Transform Comment is 'out of scope',Taking calcium channel blockers,ARIC,6/101078,5/35848
2025-11-26,2025-12-09,code c72e781c,filter out rows whose Transform Comment is 'out of scope',Taking calcium channel blockers,CARDIA,4/26022,3/22400
2025-11-26,2025-12-09,code c72e781c,filter out rows whose Transform Comment is 'out of scope',Taking calcium channel blockers,FHS,32/214180,32/227652
2025-11-26,2025-12-09,code c72e781c,filter out rows whose Transform Comment is 'out of scope',Taking centrally acting agents,ARIC,2/57908,1/43431
2025-11-26,2025-12-09,code c72e781c,filter out rows whose Transform Comment is 'out of scope',Taking centrally acting agents,CARDIA,4/26022,3/22400
2025-11-26,2025-12-09,code c72e781c,filter out rows whose Transform Comment is 'out of scope',Taking centrally acting agents,FHS,32/203192,33/218295
2025-11-26,2025-12-09,code c72e781c,filter out rows whose Transform Comment is 'out of scope',Taking diuretics,ARIC,2/57908,10/65614
2025-11-26,2025-12-09,code c72e781c,filter out rows whose Transform Comment is 'out of scope',Taking diuretics,CARDIA,4/26022,4/28846
2025-11-26,2025-12-09,code c72e781c,filter out rows whose Transform Comment is 'out of scope',Taking diuretics,CHS,1/11052,68/498892
2025-11-26,2025-12-09,code c72e781c,filter out rows whose Transform Comment is 'out of scope',Taking diuretics,FHS,-,71/645582
2025-11-26,2025-12-09,code c72e781c,filter out rows whose Transform Comment is 'out of scope',Taking diuretics,HCHS/SOL,1/24560,4/98702
2025-11-26,2025-12-09,code c72e781c,filter out rows whose Transform Comment is 'out of scope',Taking diuretics,JHS,-,3/17568
2025-11-26,2025-12-09,code c72e781c,filter out rows whose Transform Comment is 'out of scope',Taking diuretics,MESA,3/16508,34/251316
2025-11-26,2025-12-09,code c72e781c,filter out rows whose Transform Comment is 'out of scope',Taking diuretics,WHI,-,3/40610
2025-11-26,2025-12-09,code c72e781c,filter out rows whose Transform Comment is 'out of scope',Taking insulin,FHS,25/181423,25/189469
2025-11-26,2025-12-09,code c72e781c,filter out rows whose Transform Comment is 'out of scope',Taking medication for diabetes,ARIC,2/20476,2/10238
2025-11-26,2025-12-09,code c72e781c,filter out rows whose Transform Comment is 'out of scope',Taking non statin medication,FHS,60/420878,60/454305
2025-11-26,2025-12-09,code c72e781c,filter out rows whose Transform Comment is 'out of scope',Taking oral hypoglycemic agents,FHS,59/366014,59/376742
2025-11-26,2025-12-09,code c72e781c,filter out rows whose Transform Comment is 'out of scope',Taking statin medication,ARIC,12/235604,11/90604
2025-11-26,2025-12-09,code c72e781c,filter out rows whose Transform Comment is 'out of scope',Taking statin medication,FHS,10/57623,12/70322
2025-11-26,2025-12-09,code c72e781c,filter out rows whose Transform Comment is 'out of scope',Taking systemic steroids,COPDGene,1/518,2/1040
2025-11-26,2025-12-09,code c72e781c,filter out rows whose Transform Comment is 'out of scope',Taking systemic steroids,FHS,-,1/4236
2025-11-26,2025-12-09,code c72e781c,filter out rows whose Transform Comment is 'out of scope',Taking vasodilators,ARIC,3/35158,3/17579
2025-11-26,2025-12-09,code c72e781c,filter out rows whose Transform Comment is 'out of scope',Taking vasodilators,FHS,23/125514,29/158374
2025-11-26,2025-12-09,code c72e781c,filter out rows whose Transform Comment is 'out of scope',Total cholesterol in blood,ARIC,16/146723,15/132246
2025-11-26,2025-12-09,code c72e781c,filter out rows whose Transform Comment is 'out of scope',Total cholesterol in blood,CARDIA,3/10519,2/6897
2025-11-26,2025-12-09,code c72e781c,filter out rows whose Transform Comment is 'out of scope',Total cholesterol in blood,FHS,60/1453584,61/1538130
2025-11-26,2025-12-09,code c72e781c,filter out rows whose Transform Comment is 'out of scope',Triglycerides in blood,ARIC,25/282890,24/268413
2025-11-26,2025-12-09,code c72e781c,filter out rows whose Transform Comment is 'out of scope',Triglycerides in blood,CARDIA,7/52069,6/48447
2025-11-26,2025-12-09,code c72e781c,filter out rows whose Transform Comment is 'out of scope',Triglycerides in blood,FHS,39/686928,39/750483
2025-11-26,2025-12-09,code c72e781c,filter out rows whose Transform Comment is 'out of scope',Venous thromboembolism,ARIC,7/296070,6/267116
2025-11-26,2025-12-09,code c72e781c,filter out rows whose Transform Comment is 'out of scope',Venous thromboembolism,FHS,28/76098,27/76065
2025-11-26,2025-12-09,code c72e781c,filter out rows whose Transform Comment is 'out of scope',Venous thromboembolism,JHS,6/494988,4/492144
2025-11-26,2025-12-09,code c72e781c,filter out rows whose Transform Comment is 'out of scope',White blood cell count,ARIC,11/69808,9/133915
2025-11-26,2025-12-09,code c72e781c,filter out rows whose Transform Comment is 'out of scope',White blood cell count,CARDIA,2/7205,1/14332
2025-11-26,2025-12-09,code c72e781c,filter out rows whose Transform Comment is 'out of scope',White blood cell count,HCHS/SOL,1/11722,1/46888
2025-11-26,2025-12-09,code c72e781c,filter out rows whose Transform Comment is 'out of scope',White blood cell count,JHS,1/3377,1/13508
2025-11-26,2025-12-09,code c72e781c,filter out rows whose Transform Comment is 'out of scope',c-reactive protein CRP,CARDIA,4/12886,3/9585
2025-11-26,2025-12-09,code c72e781c,filter out rows whose Transform Comment is 'out of scope',interleukin 6 in blood,CARDIA,4/5552,3/2251
2025-11-26,2025-12-09,code c72e781c,filter out rows whose Transform Comment is 'out of scope',interleukin 6 in blood,FHS,4/20471,1/20471
2025-11-26,2025-12-09,code c72e781c,filter out rows whose Transform Comment is 'out of scope',Alcohol,(row),present,removed/renamed
2025-11-26,2025-12-09,code c72e781c,filter out rows whose Transform Comment is 'out of scope',Bilirubin total,(row),present,removed/renamed
2025-11-26,2025-12-09,code c72e781c,filter out rows whose Transform Comment is 'out of scope',Carotid stenosis,(row),present,removed/renamed
2025-11-26,2025-12-09,code c72e781c,filter out rows whose Transform Comment is 'out of scope',Fasting lipids,(row),present,removed/renamed
2025-11-26,2025-12-09,code c72e781c,filter out rows whose Transform Comment is 'out of scope',Fruits,(row),present,removed/renamed
2025-11-26,2025-12-09,code c72e781c,filter out rows whose Transform Comment is 'out of scope',Heart failure,(row),present,removed/renamed
2025-11-26,2025-12-09,code c72e781c,filter out rows whose Transform Comment is 'out of scope',Interleukin 18 in blood,(row),present,removed/renamed
2025-11-26,2025-12-09,code c72e781c,filter out rows whose Transform Comment is 'out of scope',Lactate,(row),present,removed/renamed
2025-11-26,2025-12-09,code c72e781c,filter out rows whose Transform Comment is 'out of scope',Medication Use,(row),present,removed/renamed
2025-11-26,2025-12-09,code c72e781c,filter out rows whose Transform Comment is 'out of scope',Medication adherence,(row),present,removed/renamed
2025-11-26,2025-12-09,code c72e781c,filter out rows whose Transform Comment is 'out of scope',Red blood cell count volume,(row),present,removed/renamed
2025-11-26,2025-12-09,code c72e781c,filter out rows whose Transform Comment is 'out of scope',Taking ACE inhibitor,(row),present,removed/renamed
2025-11-26,2025-12-09,code c72e781c,filter out rows whose Transform Comment is 'out of scope',Taking beta blocker,(row),present,removed/renamed
2025-11-26,2025-12-09,code c72e781c,filter out rows whose Transform Comment is 'out of scope',Taking diuretic,(row),present,removed/renamed
2025-11-26,2025-12-09,code c72e781c,filter out rows whose Transform Comment is 'out of scope',Taking steroids,(row),present,removed/renamed
2025-11-26,2025-12-09,code c72e781c,filter out rows whose Transform Comment is 'out of scope',Vegetables,(row),present,removed/renamed
2025-11-26,2025-12-09,code c72e781c,filter out rows whose Transform Comment is 'out of scope',basophils count,(row),present,removed/renamed
2025-11-26,2025-12-09,code c72e781c,filter out rows whose Transform Comment is 'out of scope',eosinophils count,(row),present,removed/renamed
2025-11-26,2025-12-09,code c72e781c,filter out rows whose Transform Comment is 'out of scope',mean corpuscular hemoglobin,(row),present,removed/renamed
2025-11-26,2025-12-09,code c72e781c,filter out rows whose Transform Comment is 'out of scope',mean corpuscular hemoglobin concentration,(row),present,removed/renamed
2025-11-26,2025-12-09,code c72e781c,filter out rows whose Transform Comment is 'out of scope',mean corpuscular volume,(row),present,removed/renamed
2025-11-26,2025-12-09,code c72e781c,filter out rows whose Transform Comment is 'out of scope',mean platelet volume,(row),present,removed/renamed
2025-11-26,2025-12-09,code c72e781c,filter out rows whose Transform Comment is 'out of scope',monocytes count,(row),present,removed/renamed
2025-11-26,2025-12-09,code c72e781c,filter out rows whose Transform Comment is 'out of scope',peripheral arterial disease,(row),present,removed/renamed
2025-11-26,2025-12-09,code c72e781c,filter out rows whose Transform Comment is 'out of scope',red cell distribution width,(row),present,removed/renamed
2025-11-26,2025-12-09,code c72e781c,filter out rows whose Transform Comment is 'out of scope',Alcohol Consumption,(row),absent,added/renamed
2025-11-26,2025-12-09,code c72e781c,filter out rows whose Transform Comment is 'out of scope',Basophils Count,(row),absent,added/renamed
2025-11-26,2025-12-09,code c72e781c,filter out rows whose Transform Comment is 'out of scope',Bilirubin Total,(row),absent,added/renamed
2025-11-26,2025-12-09,code c72e781c,filter out rows whose Transform Comment is 'out of scope',Carotid stenosis left,(row),absent,added/renamed
2025-11-26,2025-12-09,code c72e781c,filter out rows whose Transform Comment is 'out of scope',Carotid stenosis right,(row),absent,added/renamed
2025-11-26,2025-12-09,code c72e781c,filter out rows whose Transform Comment is 'out of scope',Cause of Death,(row),absent,added/renamed
2025-11-26,2025-12-09,code c72e781c,filter out rows whose Transform Comment is 'out of scope',Eosinophils count,(row),absent,added/renamed
2025-11-26,2025-12-09,code c72e781c,filter out rows whose Transform Comment is 'out of scope',Fruit consumption,(row),absent,added/renamed
2025-11-26,2025-12-09,code c72e781c,filter out rows whose Transform Comment is 'out of scope',Lactate in blood,(row),absent,added/renamed
2025-11-26,2025-12-09,code c72e781c,filter out rows whose Transform Comment is 'out of scope',Mean corpuscular hemoglobin,(row),absent,added/renamed
2025-11-26,2025-12-09,code c72e781c,filter out rows whose Transform Comment is 'out of scope',Mean corpuscular hemoglobin concentration,(row),absent,added/renamed
2025-11-26,2025-12-09,code c72e781c,filter out rows whose Transform Comment is 'out of scope',Mean corpuscular volume,(row),absent,added/renamed
2025-11-26,2025-12-09,code c72e781c,filter out rows whose Transform Comment is 'out of scope',Mean platelet volume,(row),absent,added/renamed
2025-11-26,2025-12-09,code c72e781c,filter out rows whose Transform Comment is 'out of scope',Monocytes count,(row),absent,added/renamed
2025-11-26,2025-12-09,code c72e781c,filter out rows whose Transform Comment is 'out of scope',Peripheral arterial disease,(row),absent,added/renamed
2025-11-26,2025-12-09,code c72e781c,filter out rows whose Transform Comment is 'out of scope',Red blood cell count,(row),absent,added/renamed
2025-11-26,2025-12-09,code c72e781c,filter out rows whose Transform Comment is 'out of scope',Red cell distribution width,(row),absent,added/renamed
2025-11-26,2025-12-09,code c72e781c,filter out rows whose Transform Comment is 'out of scope',Vegetable consumption,(row),absent,added/renamed
2025-12-09,2025-12-11,hand edit,sheet hand-corrected toward the pipeline output it was matching,Cause of death,CARDIA,34/20978,34/22068
2025-12-09,2025-12-11,hand edit,sheet hand-corrected toward the pipeline output it was matching,Hematocrit,CARDIA,1/3582,1/10746
2025-12-09,2025-12-11,hand edit,sheet hand-corrected toward the pipeline output it was matching,Hematocrit,MESA,1/900,2/9168
2025-12-09,2025-12-11,hand edit,sheet hand-corrected toward the pipeline output it was matching,Cause of Death,(row),present,removed/renamed
2025-12-09,2025-12-11,hand edit,sheet hand-corrected toward the pipeline output it was matching,c-reactive protein CRP,(row),present,removed/renamed
2025-12-09,2025-12-11,hand edit,sheet hand-corrected toward the pipeline output it was matching,hematocrit,(row),present,removed/renamed
2025-12-09,2025-12-11,hand edit,sheet hand-corrected toward the pipeline output it was matching,interleukin 6 in blood,(row),present,removed/renamed
2025-12-09,2025-12-11,hand edit,sheet hand-corrected toward the pipeline output it was matching,von Willebrand factor,(row),present,removed/renamed
2025-12-09,2025-12-11,hand edit,sheet hand-corrected toward the pipeline output it was matching,CRP c-reactive protein,(row),absent,added/renamed
2025-12-09,2025-12-11,hand edit,sheet hand-corrected toward the pipeline output it was matching,Interleukin 6 in blood,(row),absent,added/renamed
2025-12-09,2025-12-11,hand edit,sheet hand-corrected toward the pipeline output it was matching,Von Willebrand factor,(row),absent,added/renamed
2026-03-23,2026-05-26,input sheet,pasted a rerun with no code change since the previous run -- the curator-maintained source sheets moved,Cause of death,FHS,8/65700,-
2026-05-26,2026-06-18,hand edit,sheet edited away from the pipeline output it had matched,History of coronary artery bypass graft,CARDIA,2/0,2/-
2026-05-26,2026-06-18,hand edit,sheet edited away from the pipeline output it had matched,Mean platelet volume,CARDIA,2/0,2/-
2026-05-26,2026-06-18,hand edit,sheet edited away from the pipeline output it had matched,Red cell distribution width,JHS,1/0,1/-
