row_good,cohort,bdchm_entity,bdchm_label,bdchm_varname,has_onto,bdchm_unit,phv,var_desc,var_units,has_pht,pht,participantidphv,has_visit,associatedvisit,has_visit_expr,associatedvisit_expr,xassociatedvisit,var_desc_exam,has_age,ageinyearsphv,contextvars_notes,unit_match,unit_convert,conversion_rule,unit_expr,unit_expr_custom,unit_casestmt,unit_casestmt_custom,bad_map,add_map,add_var_units,fix_key_note
0,aric,MeasurementObservation,bun,bun_creatinine,1,{ratio},phv00203866,urea nitrogen (mg/dl). q8 [clinical chemistry lab. chma. visit 1],mg/dL,1,pht004051,phv00203875,,ARIC EXAM 1,,,,,,,,,0,,0,,,,,1,,changed mapped HV
0,aric,MeasurementObservation,crp c-reactive protein,crp,1,mg/L,phv00510823,"high sensitive c-reactive protein, string [central lab data]",,1,pht006444,phv00296690,,ARIC EXAM 5,,,,,,,,,0,,0,,,,1,,,
0,aric,MeasurementObservation,crp c-reactive protein,crp,1,mg/L,phv00510824,"high sensitive c-reactive protein, freestyle [central lab data]",,1,pht006444,phv00296690,,ARIC EXAM 5,,,,,,,,,0,,0,,,,1,,,
0,aric,MeasurementObservation,crp c-reactive protein,crp,1,mg/L,phv00515950,frailty deficit index item 56 - c-reactive protein,,1,pht012825,phv00515894,,ARIC COHORT,,,,,,,,,0,,0,,,,1,,,
0,aric,MeasurementObservation,fruit servings,fruit_serving,1,{#}/wk,phv00205068,"[fruits]. in the past year, how often on average did you consume... fresh apples or pears; 1. q9 [dietary intake form. dtia. visit 1]",,1,pht004068,phv00205178,,ARIC EXAM 1,,,,,,,,,0,,0,,,,,,,manually fixed
0,aric,MeasurementObservation,fruit servings,fruit_serving,1,{#}/wk,phv00205069,"[fruits]. in the past year, how often on average did you consume... oranges; 1. q10 [dietary intake form. dtia. visit 1]",,1,pht004068,phv00205178,,ARIC EXAM 1,,,,,,,,,0,,0,,,,,,,manually fixed
0,aric,MeasurementObservation,fruit servings,fruit_serving,1,{#}/wk,phv00205070,"[fruits]. in the past year, how often on average did you consume... orange or grapefruit juice; small glass. q11 [dietary intake form. dtia. visit 1]",,1,pht004068,phv00205178,,ARIC EXAM 1,,,,,,,,,0,,0,,,,,,,manually fixed
0,aric,MeasurementObservation,fruit servings,fruit_serving,1,{#}/wk,phv00205071,"[fruits]. in the past year, how often on average did you consume... peaches, apricots, plums; 1 fresh or 1/2 c. canned or dried. q12 [dietary intake form. dtia. visit 1]",,1,pht004068,phv00205178,,ARIC EXAM 1,,,,,,,,,0,,0,,,,,,,manually fixed
0,aric,MeasurementObservation,fruit servings,fruit_serving,1,{#}/wk,phv00205072,"[fruits]. in the past year, how often on average did you consume... bananas; 1. q13 [dietary intake form. dtia. visit 1]",,1,pht004068,phv00205178,,ARIC EXAM 1,,,,,,,,,0,,0,,,,,,,manually fixed
0,aric,MeasurementObservation,fruit servings,fruit_serving,1,{#}/wk,phv00205073,"[fruits]. in the past year, how often on average did you consume... other fruits; 1 fresh or 1/2 c. canned, including fruit cocktail. q14 [dietary intake form. dtia. visit 1]",,1,pht004068,phv00205178,,ARIC EXAM 1,,,,,,,,,0,,0,,,,,,,manually fixed
0,aric,MeasurementObservation,fruit servings,fruit_serving,1,{#}/wk,phv00205189,"[fruits]. in the past year, how often on average did you consume... fresh apples or pears; 1. q9 [dietary intake form. dtib. visit 2]",,1,pht004069,phv00205279,,ARIC EXAM 2,,,,,,,,,0,,0,,,,,,,manually fixed
0,aric,MeasurementObservation,fruit servings,fruit_serving,1,{#}/wk,phv00205190,"[fruits]. in the past year, how often on average did you consume... oranges; 1. q10 [dietary intake form. dtib. visit 2]",,1,pht004069,phv00205279,,ARIC EXAM 2,,,,,,,,,0,,0,,,,,,,manually fixed
0,aric,MeasurementObservation,fruit servings,fruit_serving,1,{#}/wk,phv00205191,"[fruits]. in the past year, how often on average did you consume... orange or grapefruit juice; small glass. q11 [dietary intake form. dtib. visit 2]",,1,pht004069,phv00205279,,ARIC EXAM 2,,,,,,,,,0,,0,,,,,,,manually fixed
0,aric,MeasurementObservation,fruit servings,fruit_serving,1,{#}/wk,phv00205192,"[fruits]. in the past year, how often on average did you consume... peaches, apricots, plums; 1 fresh or 1/2 c. canned or dried. q12 [dietary intake form. dtib. visit 2]",,1,pht004069,phv00205279,,ARIC EXAM 2,,,,,,,,,0,,0,,,,,,,manually fixed
0,aric,MeasurementObservation,fruit servings,fruit_serving,1,{#}/wk,phv00205193,"[fruits]. in the past year, how often on average did you consume... bananas; 1. q13 [dietary intake form. dtib. visit 2]",,1,pht004069,phv00205279,,ARIC EXAM 2,,,,,,,,,0,,0,,,,,,,manually fixed
0,aric,MeasurementObservation,fruit servings,fruit_serving,1,{#}/wk,phv00205194,"[fruits]. in the past year, how often on average did you consume... other fruits; 1 fresh or 1/2 c. canned, including fruit cocktail. q14 [dietary intake form. dtib. visit 2]",,1,pht004069,phv00205279,,ARIC EXAM 2,,,,,,,,,0,,0,,,,,,,manually fixed
0,aric,MeasurementObservation,fruit servings,fruit_serving,1,{#}/wk,phv00205288,"[fruits]. in the past year, how often on average did you consume... fresh apples or pears; 1. q9 [dietary intake form. dtic04. visit 3]",,1,pht004070,phv00205385,,ARIC EXAM 3,,,,,,,,,0,,0,,,,,,,manually fixed
0,aric,MeasurementObservation,fruit servings,fruit_serving,1,{#}/wk,phv00205289,"[fruits]. in the past year, how often on average did you consume... oranges; 1. q10 [dietary intake form. dtic04. visit 3]",,1,pht004070,phv00205385,,ARIC EXAM 3,,,,,,,,,0,,0,,,,,,,manually fixed
0,aric,MeasurementObservation,fruit servings,fruit_serving,1,{#}/wk,phv00205290,"[fruits]. in the past year, how often on average did you consume... orange or grapefruit juice; small glass. q11 [dietary intake form. dtic04. visit 3]",,1,pht004070,phv00205385,,ARIC EXAM 3,,,,,,,,,0,,0,,,,,,,manually fixed
0,aric,MeasurementObservation,fruit servings,fruit_serving,1,{#}/wk,phv00205291,"[fruits]. in the past year, how often on average did you consume... peaches, apricots or plums; 1 fresh or 1/2 c. canned or dried. q12 [dietary intake form. dtic04. visit 3]",,1,pht004070,phv00205385,,ARIC EXAM 3,,,,,,,,,0,,0,,,,,,,manually fixed
0,aric,MeasurementObservation,fruit servings,fruit_serving,1,{#}/wk,phv00205292,"[fruits]. in the past year, how often on average did you consume... bananas; 1. q13 [dietary intake form. dtic04. visit 3]",,1,pht004070,phv00205385,,ARIC EXAM 3,,,,,,,,,0,,0,,,,,,,manually fixed
0,aric,MeasurementObservation,fruit servings,fruit_serving,1,{#}/wk,phv00205293,"[fruits]. in the past year, how often on average did you consume... other fruits; 1 fresh or 1/2 c. canned, including fruit cocktail. q14 [dietary intake form. dtic04. visit 3]",,1,pht004070,phv00205385,,ARIC EXAM 3,,,,,,,,,0,,0,,,,,,,manually fixed
0,aric,MeasurementObservation,glucose in blood,glucose_bld,1,mg/dL,phv00204734,recalibrated glucose in si units [cohort. visit 1],mmol/L,1,pht004063,phv00204812,,ARIC EXAM 1,,,,,,phv00204712,,,1,,0,,,,,,1,
0,aric,MeasurementObservation,hdl,hdl,1,mg/dL,phv00204765,recalibrated hdl cholesterol in si units [cohort. visit 1],mmol/L,1,pht004063,phv00204812,,ARIC EXAM 1,,,,,,phv00204712,,,1,,0,,,,,,1,
0,aric,MeasurementObservation,hdl,hdl,1,mg/dL,phv00204766,re-calibrated hdl(3) cholesterol in si units [cohort. visit 1],mmol/L,1,pht004063,phv00204812,,ARIC EXAM 1,,,,,,phv00204712,,,1,,0,,,,,,1,
0,aric,MeasurementObservation,hdl,hdl,1,mg/dL,phv00204767,re-calibrated hdl(2) cholesterol in si units [cohort. visit 1],mmol/L,1,pht004063,phv00204812,,ARIC EXAM 1,,,,,,phv00204712,,,1,,0,,,,,,1,
0,aric,MeasurementObservation,height,bdy_hgt,1,cm,phv00206817,"section 4: physical exam - vital signs. admission height units of measure [heart failure hospital record abstraction form, hfa]",cm/in,1,pht004102,phv00207055,,ARIC HOSPITAL FORM,,,,,,,,,0,,0,,,,1,,,
0,aric,MeasurementObservation,insulin in blood,insulin_blood,1,pmol/L,phv00204739,insulin in si units [cohort. visit 1],pmol/L,1,pht004063,phv00204812,,ARIC EXAM 1,,,,,,phv00204712,,1,0,,0,,,,,,1,
0,aric,MeasurementObservation,mean corpuscular hemoglobin,mch,1,pg/{cell},phv00294960,"mean corpuscular hemoglobin, mch [complete blood count, cbc, visit 5]",pg/{cell},1,pht006422,phv00294953,,ARIC EXAM 5,,,,,,,,1,0,,0,,,,,,1,
0,aric,MeasurementObservation,sodium intake,sodium_intak,1,mg/d,phv00203258,"sodium [mg] [nutrients, anut. visit 1]",mg/d,1,pht004036,phv00203302,,ARIC EXAM 1,,,,,,,,1,0,,0,,,,,,1,
0,aric,MeasurementObservation,sodium intake,sodium_intak,1,mg/d,phv00208361,sodium [mg] [nutrients. visit 2],mg/d,1,pht004137,phv00208436,,ARIC EXAM 2,,,,,,,,1,0,,0,,,,,,1,
0,aric,MeasurementObservation,sodium intake,sodium_intak,1,mg/d,phv00208588,sodium [mg] [nutrients. visit 3],mg/d,1,pht004139,phv00208660,,ARIC EXAM 3,,,,,,,,1,0,,0,,,,,,1,
0,aric,MeasurementObservation,total cholesterol in blood,tot_chol_bld,1,mg/dL,phv00204735,total cholesterol in si units [cohort. visit 1],mmol/L,1,pht004063,phv00204812,,ARIC EXAM 1,,,,,,phv00204712,,,1,,0,,,,,,,
0,aric,MeasurementObservation,triglycerides in blood,triglyc_bld,1,mg/dL,phv00204738,total triglycerides in si units [cohort. visit 1],mmol/L,1,pht004063,phv00204812,,ARIC EXAM 1,,,,,,phv00204712,,,1,,0,,,,,,,
0,aric,MeasurementObservation,vegetable servings,vege_serving,1,{#}/wk,phv00205074,"[vegetables]. in the past year, how often on average did you consume... string or green beans; 1/2 c. q15 [dietary intake form. dtia. visit 1]",,1,pht004068,phv00205178,,ARIC EXAM 1,,,,,,,,,0,,0,,,,,,,manually fixed
0,aric,MeasurementObservation,vegetable servings,vege_serving,1,{#}/wk,phv00205075,"[vegetables]. in the past year, how often on average did you consume... broccoli; 1/2 c. q16 [dietary intake form. dtia. visit 1]",,1,pht004068,phv00205178,,ARIC EXAM 1,,,,,,,,,0,,0,,,,,,,manually fixed
0,aric,MeasurementObservation,vegetable servings,vege_serving,1,{#}/wk,phv00205076,"[vegetables]. in the past year, how often on average did you consume... cabbage, cauliflower, brussels sprouts; 1/2 c. q17 [dietary intake form. dtia. visit 1]",,1,pht004068,phv00205178,,ARIC EXAM 1,,,,,,,,,0,,0,,,,,,,manually fixed
0,aric,MeasurementObservation,vegetable servings,vege_serving,1,{#}/wk,phv00205077,"[vegetables]. in the past year, how often on average did you consume... carrots; 1 whole or 1/2 c. cooked. q18 [dietary intake form. dtia. visit 1]",,1,pht004068,phv00205178,,ARIC EXAM 1,,,,,,,,,0,,0,,,,,,,manually fixed
0,aric,MeasurementObservation,vegetable servings,vege_serving,1,{#}/wk,phv00205078,"[vegetables]. in the past year, how often on average did you consume... corn; 1 ear or 1/2 c. q19 [dietary intake form. dtia. visit 1]",,1,pht004068,phv00205178,,ARIC EXAM 1,,,,,,,,,0,,0,,,,,,,manually fixed
0,aric,MeasurementObservation,vegetable servings,vege_serving,1,{#}/wk,phv00205079,"[vegetables]. in the past year, how often on average did you consume... spinach, collards, or other greens, but do not include lettuce; 1/2 c. q20 [dietary intake form. dtia. visit 1]",,1,pht004068,phv00205178,,ARIC EXAM 1,,,,,,,,,0,,0,,,,,,,manually fixed
0,aric,MeasurementObservation,vegetable servings,vege_serving,1,{#}/wk,phv00205080,"[vegetables]. in the past year, how often on average did you consume... peas or lima beans; 1/2 c. fresh, frozen or canned. q21 [dietary intake form. dtia. visit 1]",,1,pht004068,phv00205178,,ARIC EXAM 1,,,,,,,,,0,,0,,,,,,,manually fixed
0,aric,MeasurementObservation,vegetable servings,vege_serving,1,{#}/wk,phv00205081,"[vegetables]. in the past year, how often on average did you consume... dark yellow, winter squash such as acorn, butternut; 1/2 c. q22 [dietary intake form. dtia. visit 1]",,1,pht004068,phv00205178,,ARIC EXAM 1,,,,,,,,,0,,0,,,,,,,manually fixed
0,aric,MeasurementObservation,vegetable servings,vege_serving,1,{#}/wk,phv00205082,"[vegetables]. in the past year, how often on average did you consume... sweet potatoes; 1/2 c. q23 [dietary intake form. dtia. visit 1]",,1,pht004068,phv00205178,,ARIC EXAM 1,,,,,,,,,0,,0,,,,,,,manually fixed
0,aric,MeasurementObservation,vegetable servings,vege_serving,1,{#}/wk,phv00205083,"[vegetables]. in the past year, how often on average did you consume... baked beans or lentils, dried cooked or canned, such as pinto, black eye, baked beans; 1/2 c. q24 [dietary intake form. dtia. visit 1]",,1,pht004068,phv00205178,,ARIC EXAM 1,,,,,,,,,0,,0,,,,,,,manually fixed
0,aric,MeasurementObservation,vegetable servings,vege_serving,1,{#}/wk,phv00205084,"[vegetables]. in the past year, how often on average did you consume... tomatoes; 1, or tomato juice; 4 oz. q25 [dietary intake form. dtia. visit 1]",,1,pht004068,phv00205178,,ARIC EXAM 1,,,,,,,,,0,,0,,,,,,,manually fixed
0,aric,MeasurementObservation,vegetable servings,vege_serving,1,{#}/wk,phv00205195,"[vegetables]. in the past year, how often on average did you consume... string or green beans; 1/2 c. q15 [dietary intake form. dtib. visit 2]",,1,pht004069,phv00205279,,ARIC EXAM 2,,,,,,,,,0,,0,,,,,,,manually fixed
0,aric,MeasurementObservation,vegetable servings,vege_serving,1,{#}/wk,phv00205196,"[vegetables]. in the past year, how often on average did you consume... broccoli; 1/2 c. q16 [dietary intake form. dtib. visit 2]",,1,pht004069,phv00205279,,ARIC EXAM 2,,,,,,,,,0,,0,,,,,,,manually fixed
0,aric,MeasurementObservation,vegetable servings,vege_serving,1,{#}/wk,phv00205197,"[vegetables]. in the past year, how often on average did you consume... cabbage, cauliflower, brussels sprouts; 1/2 c. q17 [dietary intake form. dtib. visit 2]",,1,pht004069,phv00205279,,ARIC EXAM 2,,,,,,,,,0,,0,,,,,,,manually fixed
0,aric,MeasurementObservation,vegetable servings,vege_serving,1,{#}/wk,phv00205198,"[vegetables]. in the past year, how often on average did you consume... carrots; 1 whole or 1/2 c. cooked. q18 [dietary intake form. dtib. visit 2]",,1,pht004069,phv00205279,,ARIC EXAM 2,,,,,,,,,0,,0,,,,,,,manually fixed
0,aric,MeasurementObservation,vegetable servings,vege_serving,1,{#}/wk,phv00205199,"[vegetables]. in the past year, how often on average did you consume... corn; 1 ear or 1/2 c. q19 [dietary intake form. dtib. visit 2]",,1,pht004069,phv00205279,,ARIC EXAM 2,,,,,,,,,0,,0,,,,,,,manually fixed
0,aric,MeasurementObservation,vegetable servings,vege_serving,1,{#}/wk,phv00205200,"[vegetables]. in the past year, how often on average did you consume... spinach, collards, or other greens, but do not include lettuce; 1/2 c. q20 [dietary intake form. dtib. visit 2]",,1,pht004069,phv00205279,,ARIC EXAM 2,,,,,,,,,0,,0,,,,,,,manually fixed
0,aric,MeasurementObservation,vegetable servings,vege_serving,1,{#}/wk,phv00205201,"[vegetables]. in the past year, how often on average did you consume... peas or lima beans; 1/2 c. fresh, frozen or canned. q21 [dietary intake form. dtib. visit 2]",,1,pht004069,phv00205279,,ARIC EXAM 2,,,,,,,,,0,,0,,,,,,,manually fixed
0,aric,MeasurementObservation,vegetable servings,vege_serving,1,{#}/wk,phv00205202,"[vegetables]. in the past year, how often on average did you consume... dark yellow, winter squash such as acorn, butternut; 1/2 c. q22 [dietary intake form. dtib. visit 2]",,1,pht004069,phv00205279,,ARIC EXAM 2,,,,,,,,,0,,0,,,,,,,manually fixed
0,aric,MeasurementObservation,vegetable servings,vege_serving,1,{#}/wk,phv00205203,"[vegetables]. in the past year, how often on average did you consume... sweet potatoes; 1/2 c. q23 [dietary intake form. dtib. visit 2]",,1,pht004069,phv00205279,,ARIC EXAM 2,,,,,,,,,0,,0,,,,,,,manually fixed
0,aric,MeasurementObservation,vegetable servings,vege_serving,1,{#}/wk,phv00205204,"[vegetables]. in the past year, how often on average did you consume... baked beans or lentils, dried cooked or canned, such as pinto, black eye, baked beans; 1/2 c. q24 [dietary intake form. dtib. visit 2]",,1,pht004069,phv00205279,,ARIC EXAM 2,,,,,,,,,0,,0,,,,,,,manually fixed
0,aric,MeasurementObservation,vegetable servings,vege_serving,1,{#}/wk,phv00205205,"[vegetables]. in the past year, how often on average did you consume... tomatoes; 1, or tomato juice; 4 oz. q25 [dietary intake form. dtib. visit 2]",,1,pht004069,phv00205279,,ARIC EXAM 2,,,,,,,,,0,,0,,,,,,,manually fixed
0,aric,MeasurementObservation,vegetable servings,vege_serving,1,{#}/wk,phv00205294,"[fruits]. in the past year, how often on average did you consume... string beans or green beans; 1/2 c. q15 [dietary intake form. dtic04. visit 3]",,1,pht004070,phv00205385,,ARIC EXAM 3,,,,,,,,,0,,0,,,,,,,manually fixed
0,aric,MeasurementObservation,vegetable servings,vege_serving,1,{#}/wk,phv00205295,"[fruits]. in the past year, how often on average did you consume... broccoli; 1/2 c. q16 [dietary intake form. dtic04. visit 3]",,1,pht004070,phv00205385,,ARIC EXAM 3,,,,,,,,,0,,0,,,,,,,manually fixed
0,aric,MeasurementObservation,vegetable servings,vege_serving,1,{#}/wk,phv00205296,"[fruits]. in the past year, how often on average did you consume... cabbage, cauliflower, brussels sprouts; 1/2 c. q17 [dietary intake form. dtic04. visit 3]",,1,pht004070,phv00205385,,ARIC EXAM 3,,,,,,,,,0,,0,,,,,,,manually fixed
0,aric,MeasurementObservation,vegetable servings,vege_serving,1,{#}/wk,phv00205297,"[fruits]. in the past year, how often on average did you consume... carrots; 1 whole or 1/2 c. cooked. q18 [dietary intake form. dtic04. visit 3]",,1,pht004070,phv00205385,,ARIC EXAM 3,,,,,,,,,0,,0,,,,,,,manually fixed
0,aric,MeasurementObservation,vegetable servings,vege_serving,1,{#}/wk,phv00205298,"[fruits]. in the past year, how often on average did you consume... corn; 1 ear or 1/2 c. q19 [dietary intake form. dtic04. visit 3]",,1,pht004070,phv00205385,,ARIC EXAM 3,,,,,,,,,0,,0,,,,,,,manually fixed
0,aric,MeasurementObservation,vegetable servings,vege_serving,1,{#}/wk,phv00205299,"[fruits]. in the past year, how often on average did you consume... spinach, collards or other greens, but do not include lettuce; 1/2 c. q20 [dietary intake form. dtic04. visit 3]",,1,pht004070,phv00205385,,ARIC EXAM 3,,,,,,,,,0,,0,,,,,,,manually fixed
0,aric,MeasurementObservation,vegetable servings,vege_serving,1,{#}/wk,phv00205300,"[fruits]. in the past year, how often on average did you consume... peas or lima beans; 1/2 c. fresh, frozen or canned. q21 [dietary intake form. dtic04. visit 3]",,1,pht004070,phv00205385,,ARIC EXAM 3,,,,,,,,,0,,0,,,,,,,manually fixed
0,aric,MeasurementObservation,vegetable servings,vege_serving,1,{#}/wk,phv00205301,"[fruits]. in the past year, how often on average did you consume... dark yellow, winter squash such as acorn, butternut; 1/2 c. q22 [dietary intake form. dtic04. visit 3]",,1,pht004070,phv00205385,,ARIC EXAM 3,,,,,,,,,0,,0,,,,,,,manually fixed
0,aric,MeasurementObservation,vegetable servings,vege_serving,1,{#}/wk,phv00205302,"[fruits]. in the past year, how often on average did you consume... sweet potatoes; 1/2 c. q23 [dietary intake form. dtic04. visit 3]",,1,pht004070,phv00205385,,ARIC EXAM 3,,,,,,,,,0,,0,,,,,,,manually fixed
0,aric,MeasurementObservation,vegetable servings,vege_serving,1,{#}/wk,phv00205303,"[fruits]. in the past year, how often on average did you consume... beans or lentils, dried cooked, or canned, such as pinto, black eye, baked beans; 1/2 c. q24 [dietary intake form. dtic04. visit 3]",,1,pht004070,phv00205385,,ARIC EXAM 3,,,,,,,,,0,,0,,,,,,,manually fixed
0,aric,MeasurementObservation,vegetable servings,vege_serving,1,{#}/wk,phv00205304,"[fruits]. in the past year, how often on average did you consume... tomatoes; 1, or tomato juice; 4 oz. q25 [dietary intake form. dtic04. visit 3]",,1,pht004070,phv00205385,,ARIC EXAM 3,,,,,,,,,0,,0,,,,,,,manually fixed
0,aric,MeasurementObservation,albumin in urine,albumin_urine,1,mg/L,phv00506960,"urine albumin result string - ualb [chemistry lab, chem2]",,1,pht012503,phv00506928,,ARIC CHEM2,,,,,,,,,0,,0,,,,1,,,
0,aric,MeasurementObservation,basophils count,basophil_ncnc_bld,1,10*3/uL,phv00207264,basophils % q10 [hematology form. hmta. visit 1],%,1,pht004107,phv00207267,,ARIC EXAM 1,,,,,,,,,0,,0,/ 100 * {phv00207257},,,1,,,out of scope per Git issue #206
0,aric,MeasurementObservation,basophils count,basophil_ncnc_bld,1,10*3/uL,phv00207279,basophils %. q10 [hematology form. hmtb. visit 2],%,1,pht004108,phv00207283,,ARIC EXAM 2,,,,,,,,,0,,0,/ 100 * {phv00207272},,,1,,,out of scope per Git issue #206
0,aric,MeasurementObservation,bmi,bmi,1,kg/m2,phv00506861,body mass index [bmi],kg/m2,1,pht012502,phv00506823,,ARIC COHORT,,,,,,,,,0,,0,,,,,,1,
0,aric,MeasurementObservation,bmi,bmi,1,kg/m2,phv00511714,body mass index [bmi],kg/m2,1,pht012811,phv00511637,,ARIC COHORT,,,,,,,,,0,,0,,,,,,1,
0,aric,MeasurementObservation,bnp,bnp,1,pg/mL,phv00419810,worst lab bnp,pg/mL,1,pht009477,phv00419825,,ARIC COHORT,,,,,,phv00419796,,,0,,0,,,,,,1,
0,aric,MeasurementObservation,bnp,bnp,1,pg/mL,phv00419811,last lab bnp,pg/mL,1,pht009477,phv00419825,,ARIC COHORT,,,,,,phv00419796,,,0,,0,,,,,,1,
,aric,MeasurementObservation,body weight,bdy_wgt,,,phv00510616,"Weight at the age 25 [Dietary Intake Form, DTIA. Visit 1]",[lb_av],,pht004068,phv00205178,,ARIC EXAM 1,,,,,,25,,,,,,,,,,1,1,"manually fixed. added per GH issue 309. Questions is ""how much did you weigh at age 25?"" so not sure how to handle the ageinyears phv"
0,aric,MeasurementObservation,carotid imt,carotid_imt,1,mm,phv00211053,"maximum near wall width, left common carotid: optimal angle [ultrasound derived data. ubmd4. visit 1]",mm,1,pht004207,phv00211150,,ARIC EXAM 1,,,,,,,,,0,,0,,,,,,1,manually fixed
0,aric,MeasurementObservation,carotid imt,carotid_imt,1,mm,phv00211054,"maximum near wall width, left common carotid: anterior angle [ultrasound derived data. ubmd4. visit 1]",mm,1,pht004207,phv00211150,,ARIC EXAM 1,,,,,,,,,0,,0,,,,,,1,manually fixed
0,aric,MeasurementObservation,carotid imt,carotid_imt,1,mm,phv00211055,"maximum near wall width, left common carotid: posterior angle [ultrasound derived data. ubmd4. visit 1]",mm,1,pht004207,phv00211150,,ARIC EXAM 1,,,,,,,,,0,,0,,,,,,1,manually fixed
0,aric,MeasurementObservation,carotid imt,carotid_imt,1,mm,phv00211059,"maximum near wall width, right common carotid: optimal angle [ultrasound derived data. ubmd4. visit 1]",mm,1,pht004207,phv00211150,,ARIC EXAM 1,,,,,,,,,0,,0,,,,,,1,manually fixed
0,aric,MeasurementObservation,carotid imt,carotid_imt,1,mm,phv00211060,"maximum near wall width, right common carotid: anterior angle [ultrasound derived data. ubmd4. visit 1]",mm,1,pht004207,phv00211150,,ARIC EXAM 1,,,,,,,,,0,,0,,,,,,1,manually fixed
0,aric,MeasurementObservation,carotid imt,carotid_imt,1,mm,phv00211061,"maximum near wall width, right common carotid: posterior angle [ultrasound derived data. ubmd4. visit 1]",mm,1,pht004207,phv00211150,,ARIC EXAM 1,,,,,,,,,0,,0,,,,,,1,manually fixed
0,aric,MeasurementObservation,carotid imt,carotid_imt,1,mm,phv00211081,"maximum far wall width, left common carotid: optimal angle [ultrasound derived data. ubmd4. visit 1]",mm,1,pht004207,phv00211150,,ARIC EXAM 1,,,,,,,,,0,,0,,,,,,1,manually fixed
0,aric,MeasurementObservation,carotid imt,carotid_imt,1,mm,phv00211082,"maximum far wall width, left common carotid: anterior angle [ultrasound derived data. ubmd4. visit 1]",mm,1,pht004207,phv00211150,,ARIC EXAM 1,,,,,,,,,0,,0,,,,,,1,manually fixed
0,aric,MeasurementObservation,carotid imt,carotid_imt,1,mm,phv00211083,"maximum far wall width, left common carotid: posterior angle [ultrasound derived data. ubmd4. visit 1]",mm,1,pht004207,phv00211150,,ARIC EXAM 1,,,,,,,,,0,,0,,,,,,1,manually fixed
0,aric,MeasurementObservation,carotid imt,carotid_imt,1,mm,phv00211087,"maximum far wall width, right common carotid: optimal angle [ultrasound derived data. ubmd4. visit 1]",mm,1,pht004207,phv00211150,,ARIC EXAM 1,,,,,,,,,0,,0,,,,,,1,manually fixed
0,aric,MeasurementObservation,carotid imt,carotid_imt,1,mm,phv00211088,"maximum far wall width, right common carotid: anterior angle [ultrasound derived data. ubmd4. visit 1]",mm,1,pht004207,phv00211150,,ARIC EXAM 1,,,,,,,,,0,,0,,,,,,1,manually fixed
0,aric,MeasurementObservation,carotid imt,carotid_imt,1,mm,phv00211089,"maximum far wall width, right common carotid: posterior angle [ultrasound derived data. ubmd4. visit 1]",mm,1,pht004207,phv00211150,,ARIC EXAM 1,,,,,,,,,0,,0,,,,,,1,manually fixed
0,aric,MeasurementObservation,carotid imt,carotid_imt,1,mm,phv00211095,"average far wall width, left common carotid: optimal angle [ultrasound derived data. ubmd4. visit 1]",mm,1,pht004207,phv00211150,,ARIC EXAM 1,,,,,,,,,0,,0,,,,,,1,manually fixed
0,aric,MeasurementObservation,carotid imt,carotid_imt,1,mm,phv00211096,"average far wall width, left common carotid: anterior angle [ultrasound derived data. ubmd4. visit 1]",mm,1,pht004207,phv00211150,,ARIC EXAM 1,,,,,,,,,0,,0,,,,,,1,manually fixed
0,aric,MeasurementObservation,carotid imt,carotid_imt,1,mm,phv00211097,"average far wall width, left common carotid: posterior angle [ultrasound derived data. ubmd4. visit 1]",mm,1,pht004207,phv00211150,,ARIC EXAM 1,,,,,,,,,0,,0,,,,,,1,manually fixed
0,aric,MeasurementObservation,carotid imt,carotid_imt,1,mm,phv00211101,"average far wall width, right common carotid: optimal angle [ultrasound derived data. ubmd4. visit 1]",mm,1,pht004207,phv00211150,,ARIC EXAM 1,,,,,,,,,0,,0,,,,,,1,manually fixed
0,aric,MeasurementObservation,carotid imt,carotid_imt,1,mm,phv00211102,"average far wall width, right common carotid: anterior angle [ultrasound derived data. ubmd4. visit 1]",mm,1,pht004207,phv00211150,,ARIC EXAM 1,,,,,,,,,0,,0,,,,,,1,manually fixed
0,aric,MeasurementObservation,carotid imt,carotid_imt,1,mm,phv00211103,"average far wall width, right common carotid: posterior angle [ultrasound derived data. ubmd4. visit 1]",mm,1,pht004207,phv00211150,,ARIC EXAM 1,,,,,,,,,0,,0,,,,,,1,manually fixed
0,aric,MeasurementObservation,carotid imt,carotid_imt,1,mm,phv00212559,maximum near wall width (left common carotid: optimal angle) [ultrasound derived data. ubme. visit 2],mm,1,pht004213,phv00212653,,ARIC EXAM 2,,,,,,,,,0,,0,,,,,,1,manually fixed
0,aric,MeasurementObservation,carotid imt,carotid_imt,1,mm,phv00212560,maximum near wall width (left common carotid: anterior angle),mm,1,pht004213,phv00212653,,ARIC EXAM 2,,,,,,,,,0,,0,,,,,,1,manually fixed
0,aric,MeasurementObservation,carotid imt,carotid_imt,1,mm,phv00212561,maximum near wall width (left common carotid: posterior angle) [ultrasound derived data. ubme. visit 2],mm,1,pht004213,phv00212653,,ARIC EXAM 2,,,,,,,,,0,,0,,,,,,1,manually fixed
0,aric,MeasurementObservation,carotid imt,carotid_imt,1,mm,phv00212565,maximum near wall width (right common carotid: anterior angle) [ultrasound derived data. ubme. visit 2],mm,1,pht004213,phv00212653,,ARIC EXAM 2,,,,,,,,,0,,0,,,,,,1,manually fixed
0,aric,MeasurementObservation,carotid imt,carotid_imt,1,mm,phv00212566,maximum near wall width (right common carotid: anterior angle) [ultrasound derived data. ubme. visit 2],mm,1,pht004213,phv00212653,,ARIC EXAM 2,,,,,,,,,0,,0,,,,,,1,manually fixed
0,aric,MeasurementObservation,carotid imt,carotid_imt,1,mm,phv00212567,maximum near wall width (right common carotid: posterior angle) [ultrasound derived data. ubme. visit 2],mm,1,pht004213,phv00212653,,ARIC EXAM 2,,,,,,,,,0,,0,,,,,,1,manually fixed
0,aric,MeasurementObservation,carotid imt,carotid_imt,1,mm,phv00212601,average far wall width (left common carotid: optimal angle) [ultrasound derived data. ubme. visit 2] [ultrasound derived data. ubme. visit 2],mm,1,pht004213,phv00212653,,ARIC EXAM 2,,,,,,,,,0,,0,,,,,,1,manually fixed
0,aric,MeasurementObservation,carotid imt,carotid_imt,1,mm,phv00212602,average far wall width (left common carotid: anterior angle) [ultrasound derived data. ubme. visit 2],mm,1,pht004213,phv00212653,,ARIC EXAM 2,,,,,,,,,0,,0,,,,,,1,manually fixed
0,aric,MeasurementObservation,carotid imt,carotid_imt,1,mm,phv00212603,average far wall width (left common carotid: posterior angle) [ultrasound derived data. ubme. visit 2],mm,1,pht004213,phv00212653,,ARIC EXAM 2,,,,,,,,,0,,0,,,,,,1,manually fixed
0,aric,MeasurementObservation,carotid imt,carotid_imt,1,mm,phv00212607,average far wall width (right common carotid: anterior angle) [ultrasound derived data. ubme. visit 2],mm,1,pht004213,phv00212653,,ARIC EXAM 2,,,,,,,,,0,,0,,,,,,1,manually fixed
0,aric,MeasurementObservation,carotid imt,carotid_imt,1,mm,phv00212608,average far wall width (right common carotid: anterior angle) [ultrasound derived data. ubme. visit 2],mm,1,pht004213,phv00212653,,ARIC EXAM 2,,,,,,,,,0,,0,,,,,,1,manually fixed
0,aric,MeasurementObservation,carotid imt,carotid_imt,1,mm,phv00212609,average far wall width (right common carotid: posterior angle) [ultrasound derived data. ubme. visit 2],mm,1,pht004213,phv00212653,,ARIC EXAM 2,,,,,,,,,0,,0,,,,,,1,manually fixed
0,aric,MeasurementObservation,carotid imt,carotid_imt,1,mm,phv00213911,maximum near wall width (left common carotid: optimal angle) [ultrasound derived data. ubmg42. visit 4],mm,1,pht004223,phv00213977,,ARIC EXAM 4,,,,,,,,,0,,0,,,,,,1,manually fixed
0,aric,MeasurementObservation,carotid imt,carotid_imt,1,mm,phv00213912,maximum near wall width (right common carotid: anterior angle) [ultrasound derived data. ubmg42. visit 4],mm,1,pht004223,phv00213977,,ARIC EXAM 4,,,,,,,,,0,,0,,,,,,1,manually fixed
0,aric,MeasurementObservation,carotid imt,carotid_imt,1,mm,phv00213941,average far wall width (left common carotid: optimal angle) [ultrasound derived data. ubmg42. visit 4],mm,1,pht004223,phv00213977,,ARIC EXAM 4,,,,,,,,,0,,0,,,,,,1,manually fixed
0,aric,MeasurementObservation,carotid imt,carotid_imt,1,mm,phv00213942,average far wall width (right common carotid: anterior angle) [ultrasound derived data. ubmg42. visit 4],mm,1,pht004223,phv00213977,,ARIC EXAM 4,,,,,,,,,0,,0,,,,,,1,manually fixed
0,aric,MeasurementObservation,carotid imt,carotid_imt,1,mm,phv00519705,max near wall width (lt com car: opt ang),mm,1,pht012850,phv00519695,,ARIC LAB FORM,,,,,,,,,0,,0,,,,,,1,manually fixed
0,aric,MeasurementObservation,carotid imt,carotid_imt,1,mm,phv00519706,max near wall width (rt com car: opt ang),mm,1,pht012850,phv00519695,,ARIC LAB FORM,,,,,,,,,0,,0,,,,,,1,manually fixed
0,aric,MeasurementObservation,carotid stenosis left,carotid_sten_left,1,%,phv00204529,"c. laboratory tests performed this admission: stenosis left internal carotid q48e [cohort stroke abstraction form, str]",%,1,pht004061,phv00204606,,ARIC HOSPITAL FORM,,,,,,,,,0,,0,,,,1,,,manually fixed
,aric,,carotid stenosis left,,,,phv00204551,,,,,,,,,,,,,,,,,,,,,,,1,1,manually fixed
0,aric,MeasurementObservation,carotid stenosis right,carotid_sten_right,1,%,phv00204528,"c. laboratory tests performed this admission: stenosis right internal carotid q48d [cohort stroke abstraction form, str]",%,1,pht004061,phv00204606,,ARIC HOSPITAL FORM,,,,,,,,,0,,0,,,,1,,,"this var has percentile ranges, but exact percentage is specified in phv phv00204550"
,aric,,carotid stenosis right,,,,phv00204550,,,,,,,,,,,,,,,,,,,,,,,1,1,manually fixed
0,aric,MeasurementObservation,cesd score,cesd_score,1,{score},phv00506877,"depression results status (a=alert, n=normal)",,1,pht012502,phv00506823,,ARIC COHORT,,,,,,,,,0,,0,,,,1,,,
0,aric,MeasurementObservation,cesd score,cesd_score,1,{score},phv00511710,"depression results status (a=alert, n=normal)",,1,pht012811,phv00511637,,ARIC COHORT,,,,,,,,,0,,0,,,,1,,,
0,aric,MeasurementObservation,cesd score,cesd_score,1,{score},phv00512128,ces-depression scale [cohort visit derived variables. visit 5],{score},1,pht012814,phv00512039,,ARIC EXAM 5,,,,,,phv00512050,,,0,,0,,,,,,1,
0,aric,MeasurementObservation,cesd score,cesd_score,1,{score},phv00512381,ces-depression scale [0 - 19 ( median=2 mean=2.7 std=2.8 )] [cohort visit derived variables. derive61. visit 6],{score},1,pht012815,phv00512222,,ARIC EXAM 6,,,,,,phv00512229,,,0,,0,,,,,,1,
0,aric,MeasurementObservation,cesd score,cesd_score,1,{score},phv00519890,cesd51 - cesd depression score v5,{score},1,pht012855,phv00519876,,ARIC EXAM 5,,,,,,,,,0,,0,,,,,,,
0,aric,MeasurementObservation,creatinine in blood,creat_bld,1,mg/dL,phv00206961,"section 6: biochemical analyses. q44b - serum creatinine last [heart failure hospital record abstraction form, hfa]",mg/dL,1,pht004102,phv00207055,,ARIC HOSPITAL FORM,,,,,,,,,0,,0,,,,,,1,
0,aric,MeasurementObservation,creatinine in blood,creat_bld,1,mg/dL,phv00207682,creatinine (value). q6a [lipid lab. lipd04. visit 4],mg/dL,1,pht004124,phv00207685,,ARIC EXAM 4,,,,,,,,,0,,0,,,,,,1,
0,aric,MeasurementObservation,creatinine in blood,creat_bld,1,mg/dL,phv00295065,"e. serum creatinine. 15h1. first (if more than one) [cohort event eligibility form, cel]",mg/dL,1,pht004046,phv00203746,,ARIC COHORT,,,,,,,,,0,,0,,,,,,1,
0,aric,MeasurementObservation,creatinine in blood,creat_bld,1,mg/dL,phv00295066,"e. serum creatinine. 15i1. last (if more than one) [cohort event eligibility form, cel]",mg/dL,1,pht004046,phv00203746,,ARIC COHORT,,,,,,,,,0,,0,,,,,,1,
0,aric,MeasurementObservation,creatinine in blood,creat_bld,1,mg/dL,phv00295067,"e. serum creatinine. highest of remaining values (if more than two) [cohort event eligibility form, cel]",mg/dL,1,pht004046,phv00203746,,ARIC COHORT,,,,,,,,,0,,0,,,,,,1,
0,aric,MeasurementObservation,creatinine in blood,creat_bld,1,mg/dL,phv00295525,"e. additional forms to be filled out: first measurement of serum creatinine q63a1 [cohort stroke abstraction form, str]",mg/dL,1,pht004061,phv00204606,,ARIC HOSPITAL FORM,,,,,,,,,0,,0,,,,,,1,
0,aric,MeasurementObservation,creatinine in blood,creat_bld,1,mg/dL,phv00295526,"e. additional forms to be filled out: last measurement of serum creatinine q63a3 [cohort stroke abstraction form, str]",mg/dL,1,pht004061,phv00204606,,ARIC HOSPITAL FORM,,,,,,,,,0,,0,,,,,,1,
0,aric,MeasurementObservation,creatinine in blood,creat_bld,1,mg/dL,phv00296341,"e. serum creatinine. 15h1. first (if more than one) [cohort event eligibility form, cel]",mg/dL,1,pht004100,phv00206746,,ARIC COHORT,,,,,,,,,0,,0,,,,,,1,
0,aric,MeasurementObservation,creatinine in blood,creat_bld,1,mg/dL,phv00296342,"e. serum creatinine. 15i1. last (if more than one) [cohort event eligibility form, cel]",mg/dL,1,pht004100,phv00206746,,ARIC COHORT,,,,,,,,,0,,0,,,,,,1,
0,aric,MeasurementObservation,creatinine in blood,creat_bld,1,mg/dL,phv00296343,"e. serum creatinine. 15j1. highest of remaining values (if more than two) [cohort event eligibility form, cel]",mg/dL,1,pht004100,phv00206746,,ARIC COHORT,,,,,,,,,0,,0,,,,,,1,
0,aric,MeasurementObservation,creatinine in urine,creat_urin,1,mg/dL,phv00506973,"urine creatinine result string - ucr [chemistry lab, chem2]",,1,pht012503,phv00506928,,ARIC CHEM2,,,,,,,,,0,,0,,,,1,,,only one non-null observation
0,aric,MeasurementObservation,creatinine in urine,creat_urin,1,mg/dL,phv00510537,urine creatinine [clinical chemistry lab. chm. visit 5],,1,pht006427,phv00295244,,ARIC EXAM 5,,,,,,,,,0,,0,,,,1,,,no data was collected for this variable
0,aric,MeasurementObservation,creatinine in urine,creat_urin,1,mg/dL,phv00510539,urine creatinine - result status [clinical chemistry lab. chm. visit 5],,1,pht006427,phv00295244,,ARIC EXAM 5,,,,,,,,,0,,0,,,,1,,,no data was collected for this variable
0,aric,MeasurementObservation,cystatin c in blood,cysc_bld,1,mg/L,phv00507077,"cystatin c result string - cysc [chemistry lab, chem2]",,1,pht012503,phv00506928,,ARIC CHEM2,,,,,,,,,0,,0,,,,1,,,no data was collected for this variable
0,aric,MeasurementObservation,cystatin c in blood,cysc_bld,1,mg/L,phv00510588,cystatin c [cystatin c. central lab data files. visit 5],,1,pht006428,phv00295531,,ARIC EXAM 5,,,,,,,,,0,,0,,,,1,,,
0,aric,MeasurementObservation,diastolic blood pressure,bp_diastolic,1,mm[Hg],phv00203335,ankle diastolic blood pressure [ankle brachial bp (blood pressure - ultrasound work station). visit 3],mm[Hg],1,pht004042,phv00203348,,ARIC EXAM 3,,,,,,,,,0,,0,,,,,,1,
0,aric,MeasurementObservation,diastolic blood pressure,bp_diastolic,1,mm[Hg],phv00203337,first arm diastolic blood pressure [ankle brachial bp (blood pressure - ultrasound work station). visit 3],mm[Hg],1,pht004042,phv00203348,,ARIC EXAM 3,,,,,,,,,0,,0,,,,,,1,
0,aric,MeasurementObservation,diastolic blood pressure,bp_diastolic,1,mm[Hg],phv00203339,second arm diastolic blood pressure [ankle brachial bp (blood pressure - ultrasound work station). visit 3],mm[Hg],1,pht004042,phv00203348,,ARIC EXAM 3,,,,,,,,,0,,0,,,,,,1,
0,aric,MeasurementObservation,diastolic blood pressure,bp_diastolic,1,mm[Hg],phv00203341,third arm diastolic blood pressure [ankle brachial bp (blood pressure - ultrasound work station). visit 3],mm[Hg],1,pht004042,phv00203348,,ARIC EXAM 3,,,,,,,,,0,,0,,,,,,1,
0,aric,MeasurementObservation,diastolic blood pressure,bp_diastolic,1,mm[Hg],phv00203343,sitting diastolic blood pressure [ankle brachial bp (blood pressure - ultrasound work station). visit 3],mm[Hg],1,pht004042,phv00203348,,ARIC EXAM 3,,,,,,,,,0,,0,,,,,,1,
0,aric,MeasurementObservation,diastolic blood pressure,bp_diastolic,1,mm[Hg],phv00203345,first standing diastolic blood pressure [ankle brachial bp (blood pressure - ultrasound work station). visit 3],mm[Hg],1,pht004042,phv00203348,,ARIC EXAM 3,,,,,,,,,0,,0,,,,,,1,
0,aric,MeasurementObservation,diastolic blood pressure,bp_diastolic,1,mm[Hg],phv00203347,second standing diastolic blood pressure [ankle brachial bp (blood pressure - ultrasound work station). visit 3],mm[Hg],1,pht004042,phv00203348,,ARIC EXAM 3,,,,,,,,,0,,0,,,,,,1,
0,aric,MeasurementObservation,diastolic blood pressure,bp_diastolic,1,mm[Hg],phv00203359,ankle diastolic blood pressure [ankle brachial bp (blood pressure - ultrasound work station). visit 4],mm[Hg],1,pht004043,phv00203372,,ARIC EXAM 4,,,,,,,,,0,,0,,,,,,1,
0,aric,MeasurementObservation,diastolic blood pressure,bp_diastolic,1,mm[Hg],phv00203361,first arm diastolic blood pressure [ankle brachial bp (blood pressure - ultrasound work station). visit 4],mm[Hg],1,pht004043,phv00203372,,ARIC EXAM 4,,,,,,,,,0,,0,,,,,,1,
0,aric,MeasurementObservation,diastolic blood pressure,bp_diastolic,1,mm[Hg],phv00203363,second arm diastolic blood pressure [ankle brachial bp (blood pressure - ultrasound work station). visit 4],mm[Hg],1,pht004043,phv00203372,,ARIC EXAM 4,,,,,,,,,0,,0,,,,,,1,
0,aric,MeasurementObservation,diastolic blood pressure,bp_diastolic,1,mm[Hg],phv00203365,third arm diastolic blood pressure [ankle brachial bp (blood pressure - ultrasound work station). visit 4],mm[Hg],1,pht004043,phv00203372,,ARIC EXAM 4,,,,,,,,,0,,0,,,,,,1,
0,aric,MeasurementObservation,diastolic blood pressure,bp_diastolic,1,mm[Hg],phv00203367,sitting diastolic blood pressure [ankle brachial bp (blood pressure - ultrasound work station). visit 4],mm[Hg],1,pht004043,phv00203372,,ARIC EXAM 4,,,,,,,,,0,,0,,,,,,1,
0,aric,MeasurementObservation,diastolic blood pressure,bp_diastolic,1,mm[Hg],phv00203369,first standing diastolic blood pressure [ankle brachial bp (blood pressure - ultrasound work station). visit 4],mm[Hg],1,pht004043,phv00203372,,ARIC EXAM 4,,,,,,,,,0,,0,,,,,,1,
0,aric,MeasurementObservation,diastolic blood pressure,bp_diastolic,1,mm[Hg],phv00203371,second standing diastolic blood pressure [ankle brachial bp (blood pressure - ultrasound work station). visit 4],mm[Hg],1,pht004043,phv00203372,,ARIC EXAM 4,,,,,,,,,0,,0,,,,,,1,
0,aric,MeasurementObservation,diastolic blood pressure,bp_diastolic,1,mm[Hg],phv00205848,"diastolic blood pressure 8 [cohort (jackson only), exam 3]",mm[Hg],1,pht004079,phv00205920,,ARIC EXAM 3,,,,,,phv00510683,,,0,,0,,,,,,1,
0,aric,MeasurementObservation,diastolic blood pressure,bp_diastolic,1,mm[Hg],phv00210282,[first blood pressure measurement]. 1st diastolic. q13 [siting blood pressure. sbpa. visit 1],mm[Hg],1,pht004192,phv00210296,,ARIC EXAM 1,,,,,,,,,0,,0,,,,,,1,
0,aric,MeasurementObservation,diastolic blood pressure,bp_diastolic,1,mm[Hg],phv00210285,[second blood pressure measurement]. 2nd diastolic. q16 [siting blood pressure. sbpa. visit 1],mm[Hg],1,pht004192,phv00210296,,ARIC EXAM 1,,,,,,,,,0,,0,,,,,,1,
0,aric,MeasurementObservation,diastolic blood pressure,bp_diastolic,1,mm[Hg],phv00210286,[second blood pressure measurement]. 2nd zero reading. q17 [siting blood pressure. sbpa. visit 1],mm[Hg],1,pht004192,phv00210296,,ARIC EXAM 1,,,,,,,,,0,,0,,,,,,1,
0,aric,MeasurementObservation,diastolic blood pressure,bp_diastolic,1,mm[Hg],phv00210288,[third blood pressure measurement]. 3rd diastolic. q19 [siting blood pressure. sbpa. visit 1],mm[Hg],1,pht004192,phv00210296,,ARIC EXAM 1,,,,,,,,,0,,0,,,,,,1,
0,aric,MeasurementObservation,diastolic blood pressure,bp_diastolic,1,mm[Hg],phv00210289,[third blood pressure measurement]. 3rd zero reading. q20 [siting blood pressure. sbpa. visit 1],mm[Hg],1,pht004192,phv00210296,,ARIC EXAM 1,,,,,,,,,0,,0,,,,,,1,
0,aric,MeasurementObservation,diastolic blood pressure,bp_diastolic,1,mm[Hg],phv00210291,[third blood pressure measurement]. 2nd and 3rd diastolic. q22 [siting blood pressure. sbpa. visit 1],mm[Hg],1,pht004192,phv00210296,,ARIC EXAM 1,,,,,,,,,0,,0,,,,,,1,
0,aric,MeasurementObservation,diastolic blood pressure,bp_diastolic,1,mm[Hg],phv00210308,"first blood pressure measurement, diastolic q13 [sitting blood pressure. sbpb02. visit 2]",mm[Hg],1,pht004193,phv00210321,,ARIC EXAM 2,,,,,,,,,0,,0,,,,,,1,
0,aric,MeasurementObservation,diastolic blood pressure,bp_diastolic,1,mm[Hg],phv00210311,"second blood pressure measurement, diastolic. q16 [sitting blood pressure. sbpb02. visit 2]",mm[Hg],1,pht004193,phv00210321,,ARIC EXAM 2,,,,,,,,,0,,0,,,,,,1,
0,aric,MeasurementObservation,diastolic blood pressure,bp_diastolic,1,mm[Hg],phv00210314,"third blood pressure measurement, diastolic. q19 [sitting blood pressure. sbpb02. visit 2]",mm[Hg],1,pht004193,phv00210321,,ARIC EXAM 2,,,,,,,,,0,,0,,,,,,1,
0,aric,MeasurementObservation,diastolic blood pressure,bp_diastolic,1,mm[Hg],phv00210317,"computed net average of second and third blood pressure measurements, diastolic. q22 [sitting blood pressure. sbpb02. visit 2]",mm[Hg],1,pht004193,phv00210321,,ARIC EXAM 2,,,,,,,,,0,,0,,,,,,1,
0,aric,MeasurementObservation,diastolic blood pressure,bp_diastolic,1,mm[Hg],phv00210332,"1st diastolic blood pressure measurement, diastolic. q14 [sitting blood pressure. sbpc04_02. visit 3]",mm[Hg],1,pht004194,phv00210347,,ARIC EXAM 3,,,,,,,,,0,,0,,,,,,1,
0,aric,MeasurementObservation,diastolic blood pressure,bp_diastolic,1,mm[Hg],phv00210335,"2nd diastolic blood pressure measurement, diastolic. q17 [sitting blood pressure. sbpc04_02. visit 3]",mm[Hg],1,pht004194,phv00210347,,ARIC EXAM 3,,,,,,,,,0,,0,,,,,,1,
0,aric,MeasurementObservation,diastolic blood pressure,bp_diastolic,1,mm[Hg],phv00210338,"3rd diastolic blood pressure measurement, diastolic. q20 [sitting blood pressure. sbpc04_02. visit 3]",mm[Hg],1,pht004194,phv00210347,,ARIC EXAM 3,,,,,,,,,0,,0,,,,,,1,
0,aric,MeasurementObservation,diastolic blood pressure,bp_diastolic,1,mm[Hg],phv00210341,[computed net average of second and third blood pressure measurements]. 2nd and 3rd diastolic blood pressure average. q23 [sitting blood pressure. sbpc04_02. visit 3],mm[Hg],1,pht004194,phv00210347,,ARIC EXAM 3,,,,,,,,,0,,0,,,,,,1,
0,aric,MeasurementObservation,diastolic blood pressure,bp_diastolic,1,mm[Hg],phv00210358,1st diastolic blood pressure measurement. q14 [sitting blood pressure. sbpd04_02. visit 4],mm[Hg],1,pht004195,phv00210370,,ARIC EXAM 4,,,,,,,,,0,,0,,,,,,1,
0,aric,MeasurementObservation,diastolic blood pressure,bp_diastolic,1,mm[Hg],phv00210361,2nd diastolic blood pressure measurement. q17 [sitting blood pressure. sbpd04_02. visit 4],mm[Hg],1,pht004195,phv00210370,,ARIC EXAM 4,,,,,,,,,0,,0,,,,,,1,
0,aric,MeasurementObservation,diastolic blood pressure,bp_diastolic,1,mm[Hg],phv00210364,1st and 2nd diastolic blood pressure average. q20 [sitting blood pressure. sbpd04_02. visit 4],mm[Hg],1,pht004195,phv00210370,,ARIC EXAM 4,,,,,,,,,0,,0,,,,,,1,
0,aric,MeasurementObservation,diastolic blood pressure,bp_diastolic,1,mm[Hg],phv00215413,diastolic blood pressure [bp] 1 [carotid distensibility. udta. visit 1],mm[Hg],1,pht004229,phv00215518,,ARIC EXAM 1,,,,,,,,,0,,0,,,,,,1,
0,aric,MeasurementObservation,diastolic blood pressure,bp_diastolic,1,mm[Hg],phv00215415,diastolic blood pressure [bp] 2 [carotid distensibility. udta. visit 1],mm[Hg],1,pht004229,phv00215518,,ARIC EXAM 1,,,,,,,,,0,,0,,,,,,1,
0,aric,MeasurementObservation,diastolic blood pressure,bp_diastolic,1,mm[Hg],phv00215417,mean diastolic blood pressure [bp] [carotid distensibility. udta. visit 1],mm[Hg],1,pht004229,phv00215518,,ARIC EXAM 1,,,,,,,,,0,,0,,,,,,1,
0,aric,MeasurementObservation,diastolic blood pressure,bp_diastolic,1,mm[Hg],phv00215521,diastolic blood pressure [bp] 1 [carotid distensibility. udtb. visit 2],mm[Hg],1,pht004230,phv00215626,,ARIC EXAM 2,,,,,,,,,0,,0,,,,,,1,
0,aric,MeasurementObservation,diastolic blood pressure,bp_diastolic,1,mm[Hg],phv00215523,diastolic blood pressure [bp] 2 [carotid distensibility. udtb. visit 2],mm[Hg],1,pht004230,phv00215626,,ARIC EXAM 2,,,,,,,,,0,,0,,,,,,1,
0,aric,MeasurementObservation,diastolic blood pressure,bp_diastolic,1,mm[Hg],phv00215525,mean diastolic blood pressure [bp] [carotid distensibility. udtb. visit 2],mm[Hg],1,pht004230,phv00215626,,ARIC EXAM 2,,,,,,,,,0,,0,,,,,,1,
0,aric,MeasurementObservation,diastolic blood pressure,bp_diastolic,1,mm[Hg],phv00294508,"right brachial diastolic blood pressure, rbdia [ankle brachial bp index. abi. visit 5]",mm[Hg],1,pht006414,phv00294489,,ARIC EXAM 5,,,,,,phv00294491,,,0,,0,,,,,,1,
0,aric,MeasurementObservation,diastolic blood pressure,bp_diastolic,1,mm[Hg],phv00294511,"left brachial diastolic blood pressure, lbdia [ankle brachial bp index. abi. visit 5]",mm[Hg],1,pht006414,phv00294489,,ARIC EXAM 5,,,,,,phv00294491,,,0,,0,,,,,,1,
0,aric,MeasurementObservation,diastolic blood pressure,bp_diastolic,1,mm[Hg],phv00294514,"right ankle diastolic blood pressure, radia [ankle brachial bp index. abi. visit 5]",mm[Hg],1,pht006414,phv00294489,,ARIC EXAM 5,,,,,,phv00294491,,,0,,0,,,,,,1,
0,aric,MeasurementObservation,diastolic blood pressure,bp_diastolic,1,mm[Hg],phv00294517,"left ankle diastolic blood pressure, ladia [ankle brachial bp index. abi. visit 5]",mm[Hg],1,pht006414,phv00294489,,ARIC EXAM 5,,,,,,phv00294491,,,0,,0,,,,,,1,
0,aric,MeasurementObservation,diastolic blood pressure,bp_diastolic,1,mm[Hg],phv00294570,"right brachial diastolic blood pressure, rbdia [ankle brachial index - derived. abi_derv. visit 5]",mm[Hg],1,pht006415,phv00294559,,ARIC EXAM 5,,,,,,phv00294561,,,0,,0,,,,,,1,
0,aric,MeasurementObservation,diastolic blood pressure,bp_diastolic,1,mm[Hg],phv00294573,"left brachial diastolic blood pressure, lbdia [ankle brachial index - derived. abi_derv. visit 5]",mm[Hg],1,pht006415,phv00294559,,ARIC EXAM 5,,,,,,phv00294561,,,0,,0,,,,,,1,
0,aric,MeasurementObservation,diastolic blood pressure,bp_diastolic,1,mm[Hg],phv00294576,"right ankle diastolic blood pressure, radia [ankle brachial index - derived. abi_derv. visit 5]",mm[Hg],1,pht006415,phv00294559,,ARIC EXAM 5,,,,,,phv00294561,,,0,,0,,,,,,1,
0,aric,MeasurementObservation,diastolic blood pressure,bp_diastolic,1,mm[Hg],phv00294579,"left ankle diastolic blood pressure, ladia [ankle brachial index - derived. abi_derv. visit 5]",mm[Hg],1,pht006415,phv00294559,,ARIC EXAM 5,,,,,,phv00294561,,,0,,0,,,,,,1,
0,aric,MeasurementObservation,egfr,egfr,1,mL/min/{1.73_m2},phv00506876,"egfr results status (a=alert, r=referral, n=normal)",,1,pht012502,phv00506823,,ARIC COHORT,,,,,,,,,0,,0,,,,1,,,
0,aric,MeasurementObservation,egfr,egfr,1,mL/min/{1.73_m2},phv00507454,egfr estimated glomerular filtration rate,mL/min/{1.73_m2},1,pht012505,phv00507453,,ARIC LAB FORM,,,,,,,,,0,,0,,,,,,1,
0,aric,MeasurementObservation,egfr,egfr,1,mL/min/{1.73_m2},phv00511709,"egfr results status (a=alert, r=referral, n=normal)",,1,pht012811,phv00511637,,ARIC COHORT,,,,,,,,,0,,0,,,,1,,,
0,aric,MeasurementObservation,egfr,egfr,1,mL/min/{1.73_m2},phv00519846,v1 egfr-creatinine (ml/min/1.73 m2)(calibrated serum creatinine),mL/min/{1.73_m2},1,pht012853,phv00519789,,ARIC COHORT,,,,,,,,,0,,0,,,,,,1,
0,aric,MeasurementObservation,egfr,egfr,1,mL/min/{1.73_m2},phv00519847,v2 egfr-creatinine (ml/min/1.73 m2)(calibrated serum creatinine),mL/min/{1.73_m2},1,pht012853,phv00519789,,ARIC COHORT,,,,,,,,,0,,0,,,,,,1,
0,aric,MeasurementObservation,egfr,egfr,1,mL/min/{1.73_m2},phv00519848,v4 egfr-creatinine (ml/min/1.73 m2)(calibrated serum creatinine),mL/min/{1.73_m2},1,pht012853,phv00519789,,ARIC COHORT,,,,,,,,,0,,0,,,,,,1,
0,aric,MeasurementObservation,egfr,egfr,1,mL/min/{1.73_m2},phv00519849,v5 egfr-creatinine (ml/min/1.73 m2)(reference serum creatinine),mL/min/{1.73_m2},1,pht012853,phv00519789,,ARIC COHORT,,,,,,,,,0,,0,,,,,,1,
0,aric,MeasurementObservation,egfr,egfr,1,mL/min/{1.73_m2},phv00519850,v2 egfr-cystatin-c (ml/min/1.73 m2)(uncalibrated cystatin c),mL/min/{1.73_m2},1,pht012853,phv00519789,,ARIC COHORT,,,,,,,,,0,,0,,,,,,1,
0,aric,MeasurementObservation,egfr,egfr,1,mL/min/{1.73_m2},phv00519851,v4 egfr-cystatin- c (ml/min/1.73 m2)(calibrated cystatin c),mL/min/{1.73_m2},1,pht012853,phv00519789,,ARIC COHORT,,,,,,,,,0,,0,,,,,,1,
0,aric,MeasurementObservation,egfr,egfr,1,mL/min/{1.73_m2},phv00519852,v5 egfr-cystatin-c (ml/min/1.73 m2)(reference cystatin c),mL/min/{1.73_m2},1,pht012853,phv00519789,,ARIC COHORT,,,,,,,,,0,,0,,,,,,1,
0,aric,MeasurementObservation,egfr,egfr,1,mL/min/{1.73_m2},phv00519853,v2 egfr-creatinine and cystatin-c (ml/min/1.73 m2)(calibrated serum creatinine and uncalibrated cystatin c),mL/min/{1.73_m2},1,pht012853,phv00519789,,ARIC COHORT,,,,,,,,,0,,0,,,,,,1,
0,aric,MeasurementObservation,egfr,egfr,1,mL/min/{1.73_m2},phv00519854,v4 egfr-creatinine and cystatin-c (ml/min/1.73 m2)(calibrated serum creatinine and calibrated cystatin c),mL/min/{1.73_m2},1,pht012853,phv00519789,,ARIC COHORT,,,,,,,,,0,,0,,,,,,1,
0,aric,MeasurementObservation,egfr,egfr,1,mL/min/{1.73_m2},phv00519855,v5 v5 egfr- creatinine and cystatin-c (ml/min/1.73 m2)(reference serum creatinine and reference cystatin c),mL/min/{1.73_m2},1,pht012853,phv00519789,,ARIC COHORT,,,,,,,,,0,,0,,,,,,1,
0,aric,MeasurementObservation,factor vii,factor_7,1,%{normal},phv00206651,factor vii value [hemostasis lab. hema. visit 1],%{normal},1,pht004098,phv00206655,,ARIC EXAM 1,,,,,,,,,0,,0,,,,,,1,
0,aric,MeasurementObservation,factor vii,factor_7,1,%{normal},phv00206657,factor vii value [hemostasis lab. hemc31. visit 3],%{normal},1,pht004099,phv00206665,,ARIC EXAM 3,,,,,,,,,0,,0,,,,,,1,
0,aric,MeasurementObservation,factor viii,factor_8,1,[IU]/mL,phv00206649,factor viii c value [hemostasis lab. hema. visit 1],%,1,pht004098,phv00206655,,ARIC EXAM 1,,,,,,,,,0,,0,,,,,,1,
0,aric,MeasurementObservation,fasting blood glucose,fast_gluc_bld,1,mg/dL,phv00207671,fasting glucose (run). q4b [lipid lab. lipd04. visit 4],,1,pht004124,phv00207685,,ARIC EXAM 4,,,,,,,,,0,,0,,,,1,,,
0,aric,MeasurementObservation,fasting blood glucose,fast_gluc_bld,1,mg/dL,phv00207678,fasting glucose (value). q4a [lipid lab. lipd04. visit 4],mg/dL,1,pht004124,phv00207685,,ARIC EXAM 4,,,,,,,,,0,,0,,,,,,1,
0,aric,MeasurementObservation,fasting blood glucose,fast_gluc_bld,1,mg/dL,phv00507387,"fasting glucose in si units, fasting at least 8 hours (bio7a=yes) [visit 7/ncs derived variable dataset. derive71]",mmol/L,1,pht012504,phv00507300,,ARIC EXAM 7,,,,,,phv00507307,,,0,,0,,,,,,1,
0,aric,MeasurementObservation,fasting blood glucose,fast_gluc_bld,1,mg/dL,phv00510821,fasting glucose [central lab data],,1,pht006444,phv00296690,,ARIC EXAM 5,,,,,,,,,0,,0,,,,1,,,
0,aric,MeasurementObservation,fasting blood glucose,fast_gluc_bld,1,mg/dL,phv00510822,"fasting glucose, freestyle [central lab data]",,1,pht006444,phv00296690,,ARIC EXAM 5,,,,,,,,,0,,0,,,,1,,,
0,aric,MeasurementObservation,fasting blood glucose,fast_gluc_bld,1,mg/dL,phv00511990,"v4 fasting glucose in si units [derived variable dataset, visit 4]",mmol/L,1,pht012813,phv00511942,,ARIC EXAM 4,,,,,,phv00511996,,,0,,0,,,,,,1,
0,aric,MeasurementObservation,fasting blood glucose,fast_gluc_bld,1,mg/dL,phv00512077,fasting glucose in si units [cohort visit derived variables. visit 5],mmol/L,1,pht012814,phv00512039,,ARIC EXAM 5,,,,,,phv00512050,,,0,,0,,,,,,1,
0,aric,MeasurementObservation,fasting blood glucose,fast_gluc_bld,1,mg/dL,phv00512301,"fasting glucose in si units, fasting at least 8 hours (bio7a=yes) [2.33142 - 29.64234 ( median=5.43998 mean=5.862499 std=1.428736 )] [cohort visit derived variables. derive61. visit 6]",mmol/L,1,pht012815,phv00512222,,ARIC EXAM 6,,,,,,phv00512229,,,0,,0,,,,,,1,
0,aric,MeasurementObservation,fev1 - forced expiratory volume in 1 sec,fev1,1,L,phv00297551,"fev1 quality attribute, qfev1 [pulmonary function test. pulp and pulb (pre and post bronchodilator). visit 5]",,1,pht006467,phv00297546,,ARIC EXAM 5,,,,,,phv00297561,,,0,,0,,,,1,,,
0,aric,MeasurementObservation,fev1 - forced expiratory volume in 1 sec,fev1,1,L,phv00297572,"fev 1 (ml), fev1 [pulmonary function test. pulp and pulb (pre and post bronchodilator). visit 5]",mL,1,pht006467,phv00297546,,ARIC EXAM 5,,,,,,phv00297561,,,0,,0,,,,,,1,
0,aric,MeasurementObservation,fev1 - forced expiratory volume in 1 sec,fev1,1,L,phv00297618,"fev 1 (ml), fev1 [pulmonary function test. pulp & pulb (pre & post bronchodilator). visit 5]",mL,1,pht006468,phv00297599,,ARIC EXAM 5,,,,,,phv00511022,,,0,,0,,,,,,1,
0,aric,MeasurementObservation,fev1 - forced expiratory volume in 1 sec,fev1,1,L,phv00512108,% predicted forced expiratory volume in 1 second [cohort visit derived variables. visit 5],%,1,pht012814,phv00512039,,ARIC EXAM 5,,,,,,phv00512050,,,0,,0,/100 * {phv00512105},,,1,,,out of scope per GitHub issue 209
0,aric,MeasurementObservation,fibrinogen,fibrin,1,mg/dL,phv00206650,fibrinogen value [hemostasis lab. hema. visit 1],mg/dL,1,pht004098,phv00206655,,ARIC EXAM 1,,,,,,,,,0,,0,,,,,,1,
0,aric,MeasurementObservation,fibrinogen,fibrin,1,mg/dL,phv00206658,fibrinogen value [hemostasis lab. hemc31. visit 3],mg/dL,1,pht004099,phv00206665,,ARIC EXAM 3,,,,,,,,,0,,0,,,,,,1,
0,aric,MeasurementObservation,fvc - forced vital capacity,fvc,1,L,phv00295693,fvc or svc trial 1 [dlco management form. visit 5],L,1,pht006432,phv00295692,,ARIC EXAM 5,,,,,,,,,0,,0,,,,,,1,
0,aric,MeasurementObservation,fvc - forced vital capacity,fvc,1,L,phv00297568,"fvc (ml), fvc [pulmonary function test. pulp and pulb (pre and post bronchodilator). visit 5]",mL,1,pht006467,phv00297546,,ARIC EXAM 5,,,,,,phv00297561,,,0,,0,,,,,,1,
0,aric,MeasurementObservation,fvc - forced vital capacity,fvc,1,L,phv00297579,"predicted fvc (ml), pfvc [pulmonary function test. pulp and pulb (pre and post bronchodilator). visit 5]",mL,1,pht006467,phv00297546,,ARIC EXAM 5,,,,,,phv00297561,,,0,,0,,,,,,1,
0,aric,MeasurementObservation,fvc - forced vital capacity,fvc,1,L,phv00297614,"fvc (ml), fvc [pulmonary function test. pulp & pulb (pre & post bronchodilator). visit 5]",mL,1,pht006468,phv00297599,,ARIC EXAM 5,,,,,,phv00511022,,,0,,0,,,,,,1,
0,aric,MeasurementObservation,fvc - forced vital capacity,fvc,1,L,phv00297625,"predicted fvc (ml), pfvc [pulmonary function test. pulp & pulb (pre & post bronchodilator). visit 5]",mL,1,pht006468,phv00297599,,ARIC EXAM 5,,,,,,phv00511022,,,0,,0,,,,,,1,
0,aric,MeasurementObservation,fvc - forced vital capacity,fvc,1,L,phv00512107,% predicted forced vital capacity [cohort visit derived variables. visit 5],%,1,pht012814,phv00512039,,ARIC EXAM 5,,,,,,phv00512050,,,0,,0,/100 * {phv00512104},,,1,,,out of scope per GitHub issue 210
0,aric,MeasurementObservation,glucose in blood,glucose_bld,1,mg/dL,phv00207659,glucose (run). q4b [lipid lab. lipc04. visit 3],,1,pht004123,phv00207667,,ARIC EXAM 3,,,,,,,,,0,,0,,,,1,,,
0,aric,MeasurementObservation,glucose in blood,glucose_bld,1,mg/dL,phv00506986,"glucose result string - glu [chemistry lab, chem2]",,1,pht012503,phv00506928,,ARIC CHEM2,,,,,,,,,0,,0,,,,1,,,no data was collected for this variable
0,aric,MeasurementObservation,glucose in blood,glucose_bld,1,mg/dL,phv00507386,glucose in si units [visit 7/ncs derived variable dataset. derive71],mmol/L,1,pht012504,phv00507300,,ARIC EXAM 7,,,,,,phv00507307,,,0,,0,,,,,,1,
0,aric,MeasurementObservation,glucose in blood,glucose_bld,1,mg/dL,phv00519794,derived glucose value in mg/dl,mg/dL,1,pht012853,phv00519789,,ARIC COHORT,,,,,,,,,0,,0,,,,,,1,
0,aric,MeasurementObservation,hdl,hdl,1,mg/dL,phv00204761,hdl cholesterol (recalibrated lipid) [cohort. visit 1],mg/dL,1,pht004063,phv00204812,,ARIC EXAM 1,,,,,,phv00204712,,,0,,0,,,,,,1,
0,aric,MeasurementObservation,hdl,hdl,1,mg/dL,phv00204762,hdl3 cholesterol (recalibrated lipid) [cohort. visit 1],mg/dL,1,pht004063,phv00204812,,ARIC EXAM 1,,,,,,phv00204712,,,0,,0,,,,1,,1,
0,aric,MeasurementObservation,hdl,hdl,1,mg/dL,phv00204763,hdl2 cholesterol (recalibrated lipid) [cohort. visit 1],,1,pht004063,phv00204812,,ARIC EXAM 1,,,,,,phv00204712,,,0,,0,,,,1,,,
0,aric,MeasurementObservation,hdl,hdl,1,mg/dL,phv00207651,hdl cholesterol (value). q3a [lipid lab. lipb. visit 2],mg/dL,1,pht004122,phv00207655,,ARIC EXAM 2,,,,,,,,,0,,0,,,,,,1,
0,aric,MeasurementObservation,hdl,hdl,1,mg/dL,phv00207652,hdl cholesterol (run). q3b [lipid lab. lipb. visit 2],,1,pht004122,phv00207655,,ARIC EXAM 2,,,,,,,,,0,,0,,,,1,,,
0,aric,MeasurementObservation,hdl,hdl,1,mg/dL,phv00207653,hdl(3) cholesterol (value). q4a [lipid lab. lipb. visit 2],,1,pht004122,phv00207655,,ARIC EXAM 2,,,,,,,,,0,,0,,,,1,,,
0,aric,MeasurementObservation,hdl,hdl,1,mg/dL,phv00207654,hdl(3) cholesterol (run). q4b [lipid lab. lipb. visit 2],,1,pht004122,phv00207655,,ARIC EXAM 2,,,,,,,,,0,,0,,,,1,,,
0,aric,MeasurementObservation,hdl,hdl,1,mg/dL,phv00207658,hdl cholesterol (run) q3b [lipid lab. lipc04. visit 3],,1,pht004123,phv00207667,,ARIC EXAM 3,,,,,,,,,0,,0,,,,1,,,
0,aric,MeasurementObservation,hdl,hdl,1,mg/dL,phv00207670,hdl cholesterol (run). q3b [lipid lab. lipd04. visit 4],,1,pht004124,phv00207685,,ARIC EXAM 4,,,,,,,,,0,,0,,,,1,,,
0,aric,MeasurementObservation,hdl,hdl,1,mg/dL,phv00207677,hdl cholesterol (value). q3a [lipid lab. lipd04. visit 4],mg/dL,1,pht004124,phv00207685,,ARIC EXAM 4,,,,,,,,,0,,0,,,,,,1,
0,aric,MeasurementObservation,hdl,hdl,1,mg/dL,phv00507329,hdl cholesterol in si units [visit 7/ncs derived variable dataset. derive71],mmol/L,1,pht012504,phv00507300,,ARIC EXAM 7,,,,,,phv00507307,,,0,,0,,,,,,1,
0,aric,MeasurementObservation,hdl,hdl,1,mg/dL,phv00510818,hdlc string [central lab data],,1,pht006444,phv00296690,,ARIC EXAM 5,,,,,,,,,0,,0,,,,1,,,
0,aric,MeasurementObservation,hdl,hdl,1,mg/dL,phv00512074,hdl cholesterol in si units [cohort visit derived variables. visit 5],mmol/L,1,pht012814,phv00512039,,ARIC EXAM 5,,,,,,phv00512050,,,0,,0,,,,,,1,
0,aric,MeasurementObservation,hdl,hdl,1,mg/dL,phv00512244,hdl cholesterol in si units [0.43962 - 3.2325 ( median=1.293 mean=1.3502 std=0.3620 )] [cohort visit derived variables. derive61. visit 6],mmol/L,1,pht012815,phv00512222,,ARIC EXAM 6,,,,,,phv00512229,,,0,,0,,,,,,1,
0,aric,MeasurementObservation,hdl,hdl,1,mg/dL,phv00515951,frailty deficit index item 57 - low hdl,,1,pht012825,phv00515894,,ARIC COHORT,,,,,,,,,0,,0,,,,1,,,
0,aric,MeasurementObservation,heart rate,hrtrt,1,{beats}/min,phv00203507,condition codes and ed/ev patterns (serial change?). heart rate-1st ecg-beats per minute [post-v4 ecg data management system -form display],{beats}/min,1,pht004044,phv00203520,,ARIC POST EXAM 4,,,,,,,,,0,,0,,,,,,1,
0,aric,MeasurementObservation,heart rate,hrtrt,1,{beats}/min,phv00203508,condition codes and ed/ev patterns (serial change?). heart rate-fup ecg-beats per minute [post-v4 ecg data management system -form display],{beats}/min,1,pht004044,phv00203520,,ARIC POST EXAM 4,,,,,,,,,0,,0,,,,,,1,
0,aric,MeasurementObservation,heart rate,hrtrt,1,{beats}/min,phv00203655,"condition codes and ed/ev patterns (serial change?). heart rate-1st ecg-beats per minute [post-v4 ecg data management system - form display, cebd]",{beats}/min,1,pht004045,phv00203668,,ARIC POST EXAM 4,,,,,,,,,0,,0,,,,,,1,
0,aric,MeasurementObservation,heart rate,hrtrt,1,{beats}/min,phv00203656,"condition codes and ed/ev patterns (serial change?). heart rate-fup ecg-beats per minute [post-v4 ecg data management system - form display, cebd]",{beats}/min,1,pht004045,phv00203668,,ARIC POST EXAM 4,,,,,,,,,0,,0,,,,,,1,
0,aric,MeasurementObservation,heart rate,hrtrt,1,{beats}/min,phv00205414,heart rate [ecg machine coding. ecgc. visit 2],{beats}/min,1,pht004071,phv00205444,,ARIC EXAM 2,,,,,,,,,0,,0,,,,,,1,
0,aric,MeasurementObservation,heart rate,hrtrt,1,{beats}/min,phv00205505,heart rate [ecg machine coding. ecgd04. visit 3],{beats}/min,1,pht004072,phv00205509,,ARIC EXAM 3,,,,,,,,,0,,0,,,,,,1,
0,aric,MeasurementObservation,heart rate,hrtrt,1,{beats}/min,phv00205564,heart rate [ecg machine coding. ecge04. visit 4],{beats}/min,1,pht004073,phv00205568,,ARIC EXAM 4,,,,,,,,,0,,0,,,,,,1,
0,aric,MeasurementObservation,heart rate,hrtrt,1,{beats}/min,phv00205617,heart rate [ecg composite 12 lead (with adjudications as needed. ecgma03. visit 1],{beats}/min,1,pht004074,phv00205621,,ARIC EXAM 1,,,,,,,,,0,,0,,,,,,1,
0,aric,MeasurementObservation,heart rate,hrtrt,1,{beats}/min,phv00205674,heart rate [ecg composite 12 lead (with adjudications as needed. ecgmb22. visit 2],{beats}/min,1,pht004075,phv00205676,,ARIC EXAM 2,,,,,,,,,0,,0,,,,,,1,
0,aric,MeasurementObservation,heart rate,hrtrt,1,{beats}/min,phv00205722,heart rate [ecg composite 12 lead (with adjudications as needed). ecgmc35. visit 3],{beats}/min,1,pht004076,phv00205731,,ARIC EXAM 3,,,,,,,,,0,,0,,,,,,1,
0,aric,MeasurementObservation,heart rate,hrtrt,1,{beats}/min,phv00205779,heart rate [ecg composite 12 lead (with adjudications as needed. ecgmd41. visit 4],{beats}/min,1,pht004077,phv00205788,,ARIC EXAM 4,,,,,,,,,0,,0,,,,,,1,
0,aric,MeasurementObservation,heart rate,hrtrt,1,{beats}/min,phv00205820,heart rate [ecg machine coding. ecgx02. visit 1],{beats}/min,1,pht004078,phv00205844,,ARIC EXAM 1,,,,,,,,,0,,0,,,,,,1,
0,aric,MeasurementObservation,heart rate,hrtrt,1,{beats}/min,phv00205900,"heart rate during aortic doppler study 62 [cohort (jackson only), exam 3]",{beats}/min,1,pht004079,phv00205920,,ARIC EXAM 3,,,,,,phv00510683,,,0,,0,,,,,,1,
0,aric,MeasurementObservation,heart rate,hrtrt,1,{beats}/min,phv00205915,"heart rate during doppler study 77 [cohort (jackson only), exam 3]",{beats}/min,1,pht004079,phv00205920,,ARIC EXAM 3,,,,,,phv00510683,,,0,,0,,,,,,1,
0,aric,MeasurementObservation,heart rate,hrtrt,1,{beats}/min,phv00205946,heart rate per minute. q21 [ecg rhythm strip. erha. visit 1],{beats}/min,1,pht004080,phv00205949,,ARIC EXAM 1,,,,,,,,,0,,0,,,,,,1,
0,aric,MeasurementObservation,heart rate,hrtrt,1,{beats}/min,phv00206106,heart rate-1st ecg-beats per minute [ecg serial change. esma04. visit 2],{beats}/min,1,pht004083,phv00206121,,ARIC EXAM 2,,,,,,,,,0,,0,,,,,,1,
0,aric,MeasurementObservation,heart rate,hrtrt,1,{beats}/min,phv00206107,heart rate-follow up ecg-beats per minute [ecg serial change. esma04. visit 2],{beats}/min,1,pht004083,phv00206121,,ARIC EXAM 2,,,,,,,,,0,,0,,,,,,1,
0,aric,MeasurementObservation,heart rate,hrtrt,1,{beats}/min,phv00206255,heart rate-1st ecg-beats per minute [ecg serial change. esmb07. visit 3],{beats}/min,1,pht004084,phv00206272,,ARIC EXAM 3,,,,,,,,,0,,0,,,,,,1,
0,aric,MeasurementObservation,heart rate,hrtrt,1,{beats}/min,phv00206256,heart rate-fup ecg-beats per minute [ecg serial change. esmb07. visit 3],{beats}/min,1,pht004084,phv00206272,,ARIC EXAM 3,,,,,,,,,0,,0,,,,,,1,
0,aric,MeasurementObservation,heart rate,hrtrt,1,{beats}/min,phv00206405,heart rate-1st ecg-beats per minute [ecg serial change. esmc03. visit 4],{beats}/min,1,pht004085,phv00206422,,ARIC EXAM 4,,,,,,,,,0,,0,,,,,,1,
0,aric,MeasurementObservation,heart rate,hrtrt,1,{beats}/min,phv00206406,heart rate-fup ecg-beats per minute [ecg serial change. esmc03. visit 4],{beats}/min,1,pht004085,phv00206422,,ARIC EXAM 4,,,,,,,,,0,,0,,,,,,1,
0,aric,MeasurementObservation,heart rate,hrtrt,1,{beats}/min,phv00206444,heart rate per minute. q26 [ecg minnesota visual coded. etla. visit 1],{beats}/min,1,pht004086,phv00206448,,ARIC EXAM 1,,,,,,,,,0,,0,,,,,,1,
0,aric,MeasurementObservation,heart rate,hrtrt,1,{beats}/min,phv00206471,heart rate per minute. q26 [ecg minnesota visual coded etlb. visit 2],{beats}/min,1,pht004087,phv00206475,,ARIC EXAM 2,,,,,,,,,0,,0,,,,,,1,
0,aric,MeasurementObservation,heart rate,hrtrt,1,{beats}/min,phv00206495,heart rate per minute. q26 [ecg minnesota visual coded. etlc04. visit 3],{beats}/min,1,pht004088,phv00206501,,ARIC EXAM 3,,,,,,,,,0,,0,,,,,,1,
0,aric,MeasurementObservation,heart rate,hrtrt,1,{beats}/min,phv00206521,heart rate per minute. q26 [ecg minnesota visual coded. etld04. visit 4],{beats}/min,1,pht004089,phv00206527,,ARIC EXAM 4,,,,,,,,,0,,0,,,,,,1,
0,aric,MeasurementObservation,heart rate,hrtrt,1,{beats}/min,phv00210327,[preliminary measurements]. heart rate (30 seconds). q8 [sitting blood pressure. sbpc04_02. visit 3],,1,pht004194,phv00210347,,ARIC EXAM 3,,,,,,,,,0,,0,* 2,,,,,,
0,aric,MeasurementObservation,heart rate,hrtrt,1,{beats}/min,phv00210353,[preliminary measurement]. heart rate (30 seconds). q8 [sitting blood pressure. sbpd04_02. visit 4],,1,pht004195,phv00210370,,ARIC EXAM 4,,,,,,,,,0,,0,* 2,,,,,,
0,aric,MeasurementObservation,heart rate,hrtrt,1,{beats}/min,phv00215630,heart rate [ecg data. visit 1],{beats}/min,1,pht004231,phv00216043,,ARIC EXAM 1,,,,,,,,,0,,0,,,,,,1,
0,aric,MeasurementObservation,heart rate,hrtrt,1,{beats}/min,phv00216047,heart rate [ecg data. visit 2],{beats}/min,1,pht004232,phv00216460,,ARIC EXAM 2,,,,,,,,,0,,0,,,,,,1,
0,aric,MeasurementObservation,heart rate,hrtrt,1,{beats}/min,phv00216464,heart rate [ecg data. visit 3],{beats}/min,1,pht004233,phv00216877,,ARIC EXAM 3,,,,,,,,,0,,0,,,,,,1,
0,aric,MeasurementObservation,heart rate,hrtrt,1,{beats}/min,phv00216881,heart rate [ecg data. visit 4],{beats}/min,1,pht004234,phv00217294,,ARIC EXAM 4,,,,,,,,,0,,0,,,,,,1,
0,aric,MeasurementObservation,heart rate,hrtrt,1,{beats}/min,phv00294518,"heart rate (via ecg), hr [ankle brachial bp index. abi. visit 5]",{beats}/min,1,pht006414,phv00294489,,ARIC EXAM 5,,,,,,phv00294491,,,0,,0,,,,,,1,
0,aric,MeasurementObservation,heart rate,hrtrt,1,{beats}/min,phv00294580,"heart rate (via ecg), hr [ankle brachial index - derived. abi_derv. visit 5]",{beats}/min,1,pht006415,phv00294559,,ARIC EXAM 5,,,,,,phv00294561,,,0,,0,,,,,,1,
0,aric,MeasurementObservation,heart rate,hrtrt,1,{beats}/min,phv00295777,heart rate [ecg machine coding. ecg. visit 5],{beats}/min,1,pht006436,phv00295776,,ARIC EXAM 5,,,,,,,,,0,,0,,,,,,1,
0,aric,MeasurementObservation,heart rate,hrtrt,1,{beats}/min,phv00512492,heart rate per minute q26,,1,pht012817,phv00512470,,ARIC COHORT,,,,,,,,,0,,0,,,,1,,,
0,aric,MeasurementObservation,heart rate,hrtrt,1,{beats}/min,phv00512521,heart rate per minute q26,,1,pht012818,phv00512499,,ARIC COHORT,,,,,,,,,0,,0,,,,1,,,
0,aric,MeasurementObservation,heart rate,hrtrt,1,{beats}/min,phv00512549,heart rate per minute q26,{beats}/min,1,pht012819,phv00512528,,ARIC COHORT,,,,,,,,,0,,0,,,,,,1,
0,aric,MeasurementObservation,heart rate,hrtrt,1,{beats}/min,phv00512580,heart rate per minute q26,{beats}/min,1,pht012820,phv00512559,,ARIC COHORT,,,,,,,,,0,,0,,,,,,1,
0,aric,MeasurementObservation,heart rate,hrtrt,1,{beats}/min,phv00513210,heart rate [ecg raw epicare. ecgpwav12. visit 1],{beats}/min,1,pht012821,phv00512590,,ARIC EXAM 1,,,,,,phv00513388,,,0,,0,,,,,,1,
0,aric,MeasurementObservation,heart rate,hrtrt,1,{beats}/min,phv00514035,heart rate [ecg raw epicare. ecgpwav22. visit 2],{beats}/min,1,pht012822,phv00513413,,ARIC EXAM 2,,,,,,phv00514213,,,0,,0,,,,,,1,
0,aric,MeasurementObservation,heart rate,hrtrt,1,{beats}/min,phv00514861,heart rate [ecg raw epicare. ecgpwav32. visit 3],{beats}/min,1,pht012823,phv00514239,,ARIC EXAM 3,,,,,,phv00515039,,,0,,0,,,,,,1,
0,aric,MeasurementObservation,heart rate,hrtrt,1,{beats}/min,phv00515687,heart rate [ecg raw epicare. ecgpwav42. visit 4],{beats}/min,1,pht012824,phv00515065,,ARIC EXAM 4,,,,,,phv00515865,,,0,,0,,,,,,1,
0,aric,MeasurementObservation,height,bdy_hgt,1,cm,phv00206855,"section 4: physical exam - vital signs. q19a - height at admission (value) [heart failure hospital record abstraction form, hfa]",,1,pht004102,phv00207055,,ARIC HOSPITAL FORM,,,,,,,,,0,,0,,,"case(({phv00206817} == ""I"", {phv00206855} * 2.54), ({phv00206817} == ""C"", {phv00206855}))",,,,
0,aric,MeasurementObservation,height,bdy_hgt,1,cm,phv00294492,"body height, height [ankle brachial bp index. abi. visit 5]",cm,1,pht006414,phv00294489,,ARIC EXAM 5,,,,,,phv00294491,,,0,,0,,,,,,1,
0,aric,MeasurementObservation,height,bdy_hgt,1,cm,phv00294562,"body height, height [ankle brachial index - derived. abi_derv. visit 5]",cm,1,pht006415,phv00294559,,ARIC EXAM 5,,,,,,phv00294561,,,0,,0,,,,,,1,
0,aric,MeasurementObservation,height,bdy_hgt,1,cm,phv00510684,"height [cohort (jackson only), exam 3]",cm,1,pht004079,phv00205920,,ARIC EXAM 3,,,,,,phv00510683,,,0,,0,,,,,,1,
0,aric,MeasurementObservation,height,bdy_hgt,1,cm,phv00513386,height [ecg raw epicare. ecgpwav12. visit 1],cm,1,pht012821,phv00512590,,ARIC EXAM 1,,,,,,phv00513388,,,0,,0,,,,,,1,
0,aric,MeasurementObservation,height,bdy_hgt,1,cm,phv00514211,height [ecg raw epicare. ecgpwav22. visit 2],cm,1,pht012822,phv00513413,,ARIC EXAM 2,,,,,,phv00514213,,,0,,0,,,,,,1,
0,aric,MeasurementObservation,height,bdy_hgt,1,cm,phv00515037,height [ecg raw epicare. ecgpwav32. visit 3],cm,1,pht012823,phv00514239,,ARIC EXAM 3,,,,,,phv00515039,,,0,,0,,,,,,1,
0,aric,MeasurementObservation,height,bdy_hgt,1,cm,phv00515863,height [ecg raw epicare. ecgpwav42. visit 4],cm,1,pht012824,phv00515065,,ARIC EXAM 4,,,,,,phv00515865,,,0,,0,,,,,,1,
0,aric,MeasurementObservation,height,bdy_hgt,1,cm,phv00520006,tbd g - last measured height in cm,cm,1,pht012855,phv00519876,,ARIC EXAM 5,,,,,,,,,0,,0,,,,,,1,
0,aric,MeasurementObservation,hematocrit,hemat,1,%,phv00207289,hematocrit. q5 [hematology lab. hmtcv301. visit 3],%,1,pht004109,phv00207295,,ARIC EXAM 3,,,,,,,,,0,,0,,,,,,1,
0,aric,MeasurementObservation,hematocrit,hemat,1,%,phv00207301,hematocrit. q5 [hematology lab. hmtcv401. visit 4],%,1,pht004110,phv00207307,,ARIC EXAM 4,,,,,,,,,0,,0,,,,,,1,
0,aric,MeasurementObservation,hemoglobin,hemo,1,g/dL,phv00207288,hemoglobin. q4 [hematology lab. hmtcv301. visit 3],g/dL,1,pht004109,phv00207295,,ARIC EXAM 3,,,,,,,,,0,,0,,,,,,1,
0,aric,MeasurementObservation,hemoglobin,hemo,1,g/dL,phv00207300,hemoglobin. q4 [hematology lab. hmtcv401. visit 4],g/dL,1,pht004110,phv00207307,,ARIC EXAM 4,,,,,,,,,0,,0,,,,,,1,
0,aric,MeasurementObservation,hemoglobin a1c,hemo_a1c,1,%,phv00510516,hba1c [clinical chemistry lab. chm. visit 5],,1,pht006427,phv00295244,,ARIC EXAM 5,,,,,,,,,0,,0,,,,1,,,
0,aric,MeasurementObservation,hemoglobin a1c,hemo_a1c,1,%,phv00510517,hba1c [clinical chemistry lab. chm. visit 5],,1,pht006427,phv00295244,,ARIC EXAM 5,,,,,,,,,0,,0,,,,1,,,no data was collected for this variable
0,aric,MeasurementObservation,insulin in blood,insulin_blood,1,pmol/L,phv00203874,insulin amiu/ml. q16 [clinical chemistry lab. chma. visit 1],m[IU]/mL,1,pht004051,phv00203875,,ARIC EXAM 1,,,,,,,,,0,,0,* 6,,,,,,
0,aric,MeasurementObservation,insulin in blood,insulin_blood,1,pmol/L,phv00207674,insulin (run). q7b [lipid lab. lipd04. visit 4],,1,pht004124,phv00207685,,ARIC EXAM 4,,,,,,,,,0,,0,,,,1,,,
0,aric,MeasurementObservation,insulin in blood,insulin_blood,1,pmol/L,phv00207683,insulin (value). q7a [lipid lab. lipd04. visit 4],m[IU]/mL,1,pht004124,phv00207685,,ARIC EXAM 4,,,,,,,,,0,,0,* 6,,,,,1,
0,aric,MeasurementObservation,insulin in blood,insulin_blood,1,pmol/L,phv00510829,insulin [central lab data],,1,pht006444,phv00296690,,ARIC EXAM 5,,,,,,,,,0,,0,,,,1,,,
0,aric,MeasurementObservation,insulin in blood,insulin_blood,1,pmol/L,phv00510830,"insulin, freestyle [central lab data]",,1,pht006444,phv00296690,,ARIC EXAM 5,,,,,,,,,0,,0,,,,1,,,
0,aric,MeasurementObservation,ldl,ldl,1,mg/dL,phv00207680,ldl cholesterol. q8 [lipid lab. lipd04. visit 4],mg/dL,1,pht004124,phv00207685,,ARIC EXAM 4,,,,,,,,,0,,0,,,,,,1,
0,aric,MeasurementObservation,ldl,ldl,1,mg/dL,phv00507332,recalculated ldl cholesterol [visit 7/ncs derived variable dataset. derive71],mg/dL,1,pht012504,phv00507300,,ARIC EXAM 7,,,,,,phv00507307,,,0,,0,,,,,,1,
0,aric,MeasurementObservation,ldl,ldl,1,mg/dL,phv00512071,recalculated ldl cholesterol [cohort visit derived variables. visit 5],mg/dL,1,pht012814,phv00512039,,ARIC EXAM 5,,,,,,phv00512050,,,0,,0,,,,,,1,
0,aric,MeasurementObservation,ldl,ldl,1,mg/dL,phv00512247,recalculated ldl cholesterol [4.2 - 390.8 ( median=95.4 mean=99.09 std=33.47 )] [cohort visit derived variables. derive61. visit 6],mg/dL,1,pht012815,phv00512222,,ARIC EXAM 6,,,,,,phv00512229,,,0,,0,,,,,,1,
0,aric,MeasurementObservation,mean arterial pressure,mn_art_pres,1,mm[Hg],phv00206929,"q31b2 - rt.cath measures: pulmonary arterial pressure(value) [heart failure hospital record abstraction form, hfa]",mm[Hg],1,pht004102,phv00207055,,ARIC HOSPITAL FORM,,,,,,,,,0,,0,,,,,,1,weird values spread
0,aric,MeasurementObservation,mean corpuscular hemoglobin,mch,1,pg/{cell},phv00207290,mch. q7 [hematology lab. hmtcv301. visit 3],pg/{cell},1,pht004109,phv00207295,,ARIC EXAM 3,,,,,,,,,0,,0,,,,,,1,
0,aric,MeasurementObservation,mean corpuscular hemoglobin,mch,1,pg/{cell},phv00207302,mch. q7 [hematology lab. hmtcv401. visit 4],pg/{cell},1,pht004110,phv00207307,,ARIC EXAM 4,,,,,,,,,0,,0,,,,,,1,
0,aric,MeasurementObservation,mean corpuscular hemoglobin,mch,1,pg/{cell},phv00507201,"string result - mch [chemistry lab, chem2]",,1,pht012503,phv00506928,,ARIC CHEM2,,,,,,,,,0,,0,,,,1,,,no data was collected for this variable
0,aric,MeasurementObservation,mean corpuscular hemoglobin,mch,1,pg/{cell},phv00507202,"result status - mch [chemistry lab, chem2]",,1,pht012503,phv00506928,,ARIC CHEM2,,,,,,,,,0,,0,,,,1,,,no data was collected for this variable
0,aric,MeasurementObservation,mean corpuscular hemoglobin,mch,1,pg/{cell},phv00507203,"units - mch [chemistry lab, chem2]",,1,pht012503,phv00506928,,ARIC CHEM2,,,,,,,,,0,,0,,,,1,,,
0,aric,MeasurementObservation,mean corpuscular hemoglobin concentration,mchc,1,g/dL,phv00207288,hemoglobin. q4 [hematology lab. hmtcv301. visit 3],,1,pht004109,phv00207295,,ARIC EXAM 3,,,,,,,,,0,,0,,,,1,,,"hemoglobin, not mch"
0,aric,MeasurementObservation,mean corpuscular hemoglobin concentration,mchc,1,g/dL,phv00207291,mchc. q8 [hematology lab. hmtcv301. visit 3],,1,pht004109,phv00207295,,ARIC EXAM 3,,,,,,,,,0,,0,,,,1,,,no data was collected for this variable
0,aric,MeasurementObservation,mean corpuscular hemoglobin concentration,mchc,1,g/dL,phv00207300,hemoglobin. q4 [hematology lab. hmtcv401. visit 4],,1,pht004110,phv00207307,,ARIC EXAM 4,,,,,,,,,0,,0,,,,1,,,"hemoglobin, not mch"
0,aric,MeasurementObservation,mean corpuscular hemoglobin concentration,mchc,1,g/dL,phv00207303,mchc. q8 [hematology lab. hmtcv401. visit 4],g/dL,1,pht004110,phv00207307,,ARIC EXAM 4,,,,,,,,,0,,0,,,,,,1,
0,aric,MeasurementObservation,mean corpuscular hemoglobin concentration,mchc,1,g/dL,phv00507204,"mchc - mean corpuscular hemoglobin concentration - numeric value g/dl [chemistry lab, chem2]",g/dL,1,pht012503,phv00506928,,ARIC CHEM2,,,,,,,,,0,,0,,,,,,1,
0,aric,MeasurementObservation,mean corpuscular hemoglobin concentration,mchc,1,g/dL,phv00507205,"string result - mchc [chemistry lab, chem2]",,1,pht012503,phv00506928,,ARIC CHEM2,,,,,,,,,0,,0,,,,1,,,
0,aric,MeasurementObservation,mean corpuscular hemoglobin concentration,mchc,1,g/dL,phv00507206,"result status - mchc [chemistry lab, chem2]",,1,pht012503,phv00506928,,ARIC CHEM2,,,,,,,,,0,,0,,,,1,,,no data was collected for this variable
0,aric,MeasurementObservation,mean corpuscular hemoglobin concentration,mchc,1,g/dL,phv00507207,"units - mchc [chemistry lab, chem2]",,1,pht012503,phv00506928,,ARIC CHEM2,,,,,,,,,0,,0,,,,1,,,
0,aric,MeasurementObservation,mean corpuscular volume,mcv,1,fL,phv00207282,mean corpuscular volume (mcv) (to nearest whole unit). q13 [hematology form. hmtb. visit 2],fL,1,pht004108,phv00207283,,ARIC EXAM 2,,,,,,,,,0,,0,,,,,,1,
0,aric,MeasurementObservation,mean corpuscular volume,mcv,1,fL,phv00207293,mcv. q6 [hematology lab. hmtcv301. visit 3],fL,1,pht004109,phv00207295,,ARIC EXAM 3,,,,,,,,,0,,0,,,,,,1,
0,aric,MeasurementObservation,mean corpuscular volume,mcv,1,fL,phv00207305,mcv. q6 [hematology lab. hmtcv401. visit 4],fL,1,pht004110,phv00207307,,ARIC EXAM 4,,,,,,,,,0,,0,,,,,,1,
0,aric,MeasurementObservation,mean corpuscular volume,mcv,1,fL,phv00507196,"mcv - mean cell volume - numeric value fl [chemistry lab, chem2]",fL,1,pht012503,phv00506928,,ARIC CHEM2,,,,,,,,,0,,0,,,,,,1,
0,aric,MeasurementObservation,mean corpuscular volume,mcv,1,fL,phv00507197,"string result - mcv [chemistry lab, chem2]",,1,pht012503,phv00506928,,ARIC CHEM2,,,,,,,,,0,,0,,,,1,,,
0,aric,MeasurementObservation,mean corpuscular volume,mcv,1,fL,phv00507198,"result status - mcv [chemistry lab, chem2]",,1,pht012503,phv00506928,,ARIC CHEM2,,,,,,,,,0,,0,,,,1,,,
0,aric,MeasurementObservation,mean corpuscular volume,mcv,1,fL,phv00507199,"units - mcv [chemistry lab, chem2]",,1,pht012503,phv00506928,,ARIC CHEM2,,,,,,,,,0,,0,,,,1,,,
0,aric,MeasurementObservation,mean platelet volume,pmv,1,fL,phv00507213,"string result - mpv [chemistry lab, chem2]",,1,pht012503,phv00506928,,ARIC CHEM2,,,,,,,,,0,,0,,,,1,,no data was collected for this variable,
0,aric,MeasurementObservation,mean platelet volume,pmv,1,fL,phv00507214,"result status - mpv [chemistry lab, chem2]",,1,pht012503,phv00506928,,ARIC CHEM2,,,,,,,,,0,,0,,,,1,,no data was collected for this variable,
0,aric,MeasurementObservation,mean platelet volume,pmv,1,fL,phv00507215,"units - mpv [chemistry lab, chem2]",,1,pht012503,phv00506928,,ARIC CHEM2,,,,,,,,,0,,0,,,,1,,no data was collected for this variable,
0,aric,MeasurementObservation,nt pro bnp,nt_bnp,1,pg/mL,phv00204191,q56af. was pro-bnp measured q56af [hospital abstraction form. hra. version f],,1,pht004053,phv00204295,,ARIC HOSPITAL FORM,,,,,,,,,0,,0,,,,1,,,
0,aric,MeasurementObservation,nt pro bnp,nt_bnp,1,pg/mL,phv00510827,nt-probnp [central lab data],,1,pht006444,phv00296690,,ARIC EXAM 5,,,,,,,,,0,,0,,,,1,,,
0,aric,MeasurementObservation,nt pro bnp,nt_bnp,1,pg/mL,phv00510828,"nt-probnp, freestyle [central lab data]",,1,pht006444,phv00296690,,ARIC EXAM 5,,,,,,,,,0,,0,,,,1,,,
0,aric,MeasurementObservation,platelet count,platelet_ct,1,10*3/uL,phv00207294,platelet count q10 [hematology lab. hmtcv301. visit 3],10*9/L,1,pht004109,phv00207295,,ARIC EXAM 3,,,,,,,,,0,,0,,,,,,1,
0,aric,MeasurementObservation,platelet count,platelet_ct,1,10*3/uL,phv00207306,platelet count. q10 [hematology lab. hmtcv401. visit 4],10*9/L,1,pht004110,phv00207307,,ARIC EXAM 4,,,,,,,,,0,,0,,,,,,1,
0,aric,MeasurementObservation,platelet count,platelet_ct,1,10*3/uL,phv00507180,"plt platelets - numeric value x10e9/l [chemistry lab, chem2]",10*9/L,1,pht012503,phv00506928,,ARIC CHEM2,,,,,,,,,0,,0,,,,,,1,
0,aric,MeasurementObservation,platelet count,platelet_ct,1,10*3/uL,phv00507181,"string result - plt [chemistry lab, chem2]",,1,pht012503,phv00506928,,ARIC CHEM2,,,,,,,,,0,,0,,,,1,,no data was collected for this variable,
0,aric,MeasurementObservation,platelet count,platelet_ct,1,10*3/uL,phv00507182,"result status - plt [chemistry lab, chem2]",,1,pht012503,phv00506928,,ARIC CHEM2,,,,,,,,,0,,0,,,,1,,no data was collected for this variable,
0,aric,MeasurementObservation,platelet count,platelet_ct,1,10*3/uL,phv00507183,"units - plt [chemistry lab, chem2]",,1,pht012503,phv00506928,,ARIC CHEM2,,,,,,,,,0,,0,,,,1,,no data was collected for this variable,
0,aric,MeasurementObservation,potassium in blood,potassium,1,mmol/L,phv00506873,"serum potassium results status (a=alert, n=normal)",,1,pht012502,phv00506823,,ARIC COHORT,,,,,,,,,0,,0,,,,1,,,
0,aric,MeasurementObservation,potassium in blood,potassium,1,mmol/L,phv00511706,"serum potassium results status (a=alert, n=normal)",,1,pht012811,phv00511637,,ARIC COHORT,,,,,,,,,0,,0,,,,1,,,
0,aric,MeasurementObservation,pr interval,pr_ekg,1,ms,phv00215631,pr duration [ecg data. visit 1],ms,1,pht004231,phv00216043,,ARIC EXAM 1,,,,,,,,,0,,0,,,,,,1,
0,aric,MeasurementObservation,pr interval,pr_ekg,1,ms,phv00215740,short pr [ecg data. visit 1],,1,pht004231,phv00216043,,ARIC EXAM 1,,,,,,,,,0,,0,,,,1,,,
0,aric,MeasurementObservation,pr interval,pr_ekg,1,ms,phv00216048,pr duration [ecg data. visit 2],ms,1,pht004232,phv00216460,,ARIC EXAM 2,,,,,,,,,0,,0,,,,,,1,
0,aric,MeasurementObservation,pr interval,pr_ekg,1,ms,phv00216157,short pr [ecg data. visit 2],,1,pht004232,phv00216460,,ARIC EXAM 2,,,,,,,,,0,,0,,,,1,,,
0,aric,MeasurementObservation,pr interval,pr_ekg,1,ms,phv00216465,pr duration [ecg data. visit 3],ms,1,pht004233,phv00216877,,ARIC EXAM 3,,,,,,,,,0,,0,,,,,,1,
0,aric,MeasurementObservation,pr interval,pr_ekg,1,ms,phv00216574,short pr [ecg data. visit 3],,1,pht004233,phv00216877,,ARIC EXAM 3,,,,,,,,,0,,0,,,,1,,,
0,aric,MeasurementObservation,pr interval,pr_ekg,1,ms,phv00216882,pr duration [ecg data. visit 4],ms,1,pht004234,phv00217294,,ARIC EXAM 4,,,,,,,,,0,,0,,,,,,1,
0,aric,MeasurementObservation,pr interval,pr_ekg,1,ms,phv00216991,short pr [ecg data. visit 4],,1,pht004234,phv00217294,,ARIC EXAM 4,,,,,,,,,0,,0,,,,1,,,
0,aric,MeasurementObservation,pr interval,pr_ekg,1,ms,phv00295778,pr duration [ecg machine coding. ecg. visit 5],ms,1,pht006436,phv00295776,,ARIC EXAM 5,,,,,,,,,0,,0,,,,,,1,
0,aric,MeasurementObservation,pr interval,pr_ekg,1,ms,phv00295889,short pr [ecg machine coding. ecg. visit 5],,1,pht006436,phv00295776,,ARIC EXAM 5,,,,,,,,,0,,0,,,,1,,,
0,aric,MeasurementObservation,qrs interval,qrs_ekg,1,ms,phv00205437,qrs interval [ecg machine coding. ecgc. visit 2],ms,1,pht004071,phv00205444,,ARIC EXAM 2,,,,,,,,,0,,0,,,,,,1,
0,aric,MeasurementObservation,qrs interval,qrs_ekg,1,ms,phv00205506,qrs interval [ecg machine coding. ecgd04. visit 3],ms,1,pht004072,phv00205509,,ARIC EXAM 3,,,,,,,,,0,,0,,,,,,1,
0,aric,MeasurementObservation,qrs interval,qrs_ekg,1,ms,phv00205565,qrs interval [ecg machine coding. ecge04. visit 4],ms,1,pht004073,phv00205568,,ARIC EXAM 4,,,,,,,,,0,,0,,,,,,1,
0,aric,MeasurementObservation,qrs interval,qrs_ekg,1,ms,phv00205595,qrs interval [ecg composite 12 lead (with adjudications as needed. ecgma03. visit 1],ms,1,pht004074,phv00205621,,ARIC EXAM 1,,,,,,,,,0,,0,,,,,,1,
0,aric,MeasurementObservation,qrs interval,qrs_ekg,1,ms,phv00205649,qrs interval [ecg composite 12 lead (with adjudications as needed. ecgmb22. visit 2],ms,1,pht004075,phv00205676,,ARIC EXAM 2,,,,,,,,,0,,0,,,,,,1,
0,aric,MeasurementObservation,qrs interval,qrs_ekg,1,ms,phv00205723,qrs interval [ecg composite 12 lead (with adjudications as needed). ecgmc35. visit 3],ms,1,pht004076,phv00205731,,ARIC EXAM 3,,,,,,,,,0,,0,,,,,,1,
0,aric,MeasurementObservation,qrs interval,qrs_ekg,1,ms,phv00205780,qrs interval [ecg composite 12 lead (with adjudications as needed. ecgmd41. visit 4],ms,1,pht004077,phv00205788,,ARIC EXAM 4,,,,,,,,,0,,0,,,,,,1,
0,aric,MeasurementObservation,qrs interval,qrs_ekg,1,ms,phv00205843,qrs interval [ecg machine coding. ecgx02. visit 1],ms,1,pht004078,phv00205844,,ARIC EXAM 1,,,,,,,,,0,,0,,,,,,1,
0,aric,MeasurementObservation,qrs interval,qrs_ekg,1,ms,phv00215632,qrs duration [ecg data. visit 1],ms,1,pht004231,phv00216043,,ARIC EXAM 1,,,,,,,,,0,,0,,,,,,1,
0,aric,MeasurementObservation,qrs interval,qrs_ekg,1,ms,phv00216049,qrs duration [ecg data. visit 2],ms,1,pht004232,phv00216460,,ARIC EXAM 2,,,,,,,,,0,,0,,,,,,1,
0,aric,MeasurementObservation,qrs interval,qrs_ekg,1,ms,phv00216466,qrs duration [ecg data. visit 3],ms,1,pht004233,phv00216877,,ARIC EXAM 3,,,,,,,,,0,,0,,,,,,1,
0,aric,MeasurementObservation,qrs interval,qrs_ekg,1,ms,phv00216883,qrs duration [ecg data. visit 4],ms,1,pht004234,phv00217294,,ARIC EXAM 4,,,,,,,,,0,,0,,,,,,1,
0,aric,MeasurementObservation,qrs interval,qrs_ekg,1,ms,phv00295779,qrs duration [ecg machine coding. ecg. visit 5],ms,1,pht006436,phv00295776,,ARIC EXAM 5,,,,,,,,,0,,0,,,,,,1,
0,aric,MeasurementObservation,qrs interval,qrs_ekg,1,ms,phv00513385,qrs interval [ecg raw epicare. ecgpwav12. visit 1],ms,1,pht012821,phv00512590,,ARIC EXAM 1,,,,,,phv00513388,,,0,,0,,,,,,1,
0,aric,MeasurementObservation,qrs interval,qrs_ekg,1,ms,phv00514210,qrs interval [ecg raw epicare. ecgpwav22. visit 2],ms,1,pht012822,phv00513413,,ARIC EXAM 2,,,,,,phv00514213,,,0,,0,,,,,,1,
0,aric,MeasurementObservation,qrs interval,qrs_ekg,1,ms,phv00515036,qrs interval [ecg raw epicare. ecgpwav32. visit 3],ms,1,pht012823,phv00514239,,ARIC EXAM 3,,,,,,phv00515039,,,0,,0,,,,,,1,
0,aric,MeasurementObservation,qrs interval,qrs_ekg,1,ms,phv00515862,qrs interval [ecg raw epicare. ecgpwav42. visit 4],ms,1,pht012824,phv00515065,,ARIC EXAM 4,,,,,,phv00515865,,,0,,0,,,,,,1,
0,aric,MeasurementObservation,qt interval,qt_ekg,1,ms,phv00215633,qt duration [ecg data. visit 1],ms,1,pht004231,phv00216043,,ARIC EXAM 1,,,,,,,,,0,,0,,,,,,1,
0,aric,MeasurementObservation,qt interval,qt_ekg,1,ms,phv00216050,qt duration [ecg data. visit 2],ms,1,pht004232,phv00216460,,ARIC EXAM 2,,,,,,,,,0,,0,,,,,,1,
0,aric,MeasurementObservation,qt interval,qt_ekg,1,ms,phv00216467,qt duration [ecg data. visit 3],ms,1,pht004233,phv00216877,,ARIC EXAM 3,,,,,,,,,0,,0,,,,,,1,
0,aric,MeasurementObservation,qt interval,qt_ekg,1,ms,phv00216884,qt duration [ecg data. visit 4],ms,1,pht004234,phv00217294,,ARIC EXAM 4,,,,,,,,,0,,0,,,,,,1,
0,aric,MeasurementObservation,qt interval,qt_ekg,1,ms,phv00295780,qt duration [ecg machine coding. ecg. visit 5],ms,1,pht006436,phv00295776,,ARIC EXAM 5,,,,,,,,,0,,0,,,,,,1,
0,aric,MeasurementObservation,red blood cell count,rdbld_ct,1,10*6/uL,phv00207287,red blood count. q3 [hematology lab. hmtcv301. visit 3],10*6/uL,1,pht004109,phv00207295,,ARIC EXAM 3,,,,,,,,,0,,0,,,,,,1,
0,aric,MeasurementObservation,red blood cell count,rdbld_ct,1,10*6/uL,phv00207299,red blood count. q3 [hematology lab. hmtcv401. visit 4],10*6/uL,1,pht004110,phv00207307,,ARIC EXAM 4,,,,,,,,,0,,0,,,,,,1,
0,aric,MeasurementObservation,red blood cell count,rdbld_ct,1,10*6/uL,phv00507188,"rbc - red blood cells - numeric value x10e12/l [chemistry lab, chem2]",10*12/L,1,pht012503,phv00506928,,ARIC CHEM2,,,,,,,,,0,,0,,,,1,,1,no data was collected for this variable
0,aric,MeasurementObservation,red cell distribution width,rdw,1,%,phv00207292,rbc distribution width. q9 [hematology lab. hmtcv301. visit 3],%,1,pht004109,phv00207295,,ARIC EXAM 3,,,,,,,,,0,,0,,,,,,1,
0,aric,MeasurementObservation,red cell distribution width,rdw,1,%,phv00207304,rbc distribution width. q9 [hematology lab. hmtcv401. visit 4],%,1,pht004110,phv00207307,,ARIC EXAM 4,,,,,,,,,0,,0,,,,,,1,
0,aric,MeasurementObservation,systolic blood pressure,bp_systolic,1,mm[Hg],phv00202843,redefined supine ankle systolic blood pressure [ankle brachial bp index. abi04. visit 1],mm[Hg],1,pht004027,phv00202851,,ARIC EXAM 1,,,,,,,,,0,,0,,,,,,1,
0,aric,MeasurementObservation,systolic blood pressure,bp_systolic,1,mm[Hg],phv00202844,redefined supine brachial systolic blood pressure [ankle brachial bp index. abi04. visit 1],mm[Hg],1,pht004027,phv00202851,,ARIC EXAM 1,,,,,,,,,0,,0,,,,,,1,
0,aric,MeasurementObservation,systolic blood pressure,bp_systolic,1,mm[Hg],phv00202852,ankle systolic blood pressure [ankle brachial bp index. abi34. visit 3],mm[Hg],1,pht004028,phv00202861,,ARIC EXAM 3,,,,,,,,,0,,0,,,,,,1,
0,aric,MeasurementObservation,systolic blood pressure,bp_systolic,1,mm[Hg],phv00202853,redefined supine brachial systolic blood pressure [ankle brachial bp index. abi34. visit 3],mm[Hg],1,pht004028,phv00202861,,ARIC EXAM 3,,,,,,,,,0,,0,,,,,,1,
0,aric,MeasurementObservation,systolic blood pressure,bp_systolic,1,mm[Hg],phv00202862,ankle systolic blood pressure [ankle brachial bp index. abi44. visit 4],mm[Hg],1,pht004029,phv00202873,,ARIC EXAM 4,,,,,,,,,0,,0,,,,,,1,
0,aric,MeasurementObservation,systolic blood pressure,bp_systolic,1,mm[Hg],phv00202863,redefined supine brachial systolic blood pressure [ankle brachial bp index. abi44. visit 4],mm[Hg],1,pht004029,phv00202873,,ARIC EXAM 4,,,,,,,,,0,,0,,,,,,1,
0,aric,MeasurementObservation,systolic blood pressure,bp_systolic,1,mm[Hg],phv00203315,1st ankle systolic blood pressure reading [ankle brachial bp (blood pressure - ultrasound work station). visit 1],mm[Hg],1,pht004041,phv00203324,,ARIC EXAM 1,,,,,,,,,0,,0,,,,,,1,
0,aric,MeasurementObservation,systolic blood pressure,bp_systolic,1,mm[Hg],phv00203316,2nd ankle systolic blood pressure reading [ankle brachial bp (blood pressure - ultrasound work station). visit 1],mm[Hg],1,pht004041,phv00203324,,ARIC EXAM 1,,,,,,,,,0,,0,,,,,,1,
0,aric,MeasurementObservation,systolic blood pressure,bp_systolic,1,mm[Hg],phv00203317,3rd ankle systolic blood pressure reading [ankle brachial bp (blood pressure - ultrasound work station). visit 1],mm[Hg],1,pht004041,phv00203324,,ARIC EXAM 1,,,,,,,,,0,,0,,,,,,1,
0,aric,MeasurementObservation,systolic blood pressure,bp_systolic,1,mm[Hg],phv00203318,4th ankle systolic blood pressure reading [ankle brachial bp (blood pressure - ultrasound work station). visit 1],mm[Hg],1,pht004041,phv00203324,,ARIC EXAM 1,,,,,,,,,0,,0,,,,,,1,
0,aric,MeasurementObservation,systolic blood pressure,bp_systolic,1,mm[Hg],phv00203319,1st brachial systolic blood pressure reading [ankle brachial bp (blood pressure - ultrasound work station). visit 1],mm[Hg],1,pht004041,phv00203324,,ARIC EXAM 1,,,,,,,,,0,,0,,,,,,1,
0,aric,MeasurementObservation,systolic blood pressure,bp_systolic,1,mm[Hg],phv00203320,2nd brachial systolic blood pressure reading [ankle brachial bp (blood pressure - ultrasound work station). visit 1],mm[Hg],1,pht004041,phv00203324,,ARIC EXAM 1,,,,,,,,,0,,0,,,,,,1,
0,aric,MeasurementObservation,systolic blood pressure,bp_systolic,1,mm[Hg],phv00203321,average brachial systolic blood pressure [ankle brachial bp (blood pressure - ultrasound work station). visit 1],mm[Hg],1,pht004041,phv00203324,,ARIC EXAM 1,,,,,,,,,0,,0,,,,,,1,
0,aric,MeasurementObservation,systolic blood pressure,bp_systolic,1,mm[Hg],phv00203322,average ankle systolic blood pressure [ankle brachial bp (blood pressure - ultrasound work station). visit 1],mm[Hg],1,pht004041,phv00203324,,ARIC EXAM 1,,,,,,,,,0,,0,,,,,,1,
0,aric,MeasurementObservation,systolic blood pressure,bp_systolic,1,mm[Hg],phv00203334,ankle systolic blood pressure [ankle brachial bp (blood pressure - ultrasound work station). visit 3],mm[Hg],1,pht004042,phv00203348,,ARIC EXAM 3,,,,,,,,,0,,0,,,,,,1,
0,aric,MeasurementObservation,systolic blood pressure,bp_systolic,1,mm[Hg],phv00203336,first arm systolic blood pressure [ankle brachial bp (blood pressure - ultrasound work station). visit 3],mm[Hg],1,pht004042,phv00203348,,ARIC EXAM 3,,,,,,,,,0,,0,,,,,,1,
0,aric,MeasurementObservation,systolic blood pressure,bp_systolic,1,mm[Hg],phv00203338,second arm systolic blood pressure [ankle brachial bp (blood pressure - ultrasound work station). visit 3],mm[Hg],1,pht004042,phv00203348,,ARIC EXAM 3,,,,,,,,,0,,0,,,,,,1,
0,aric,MeasurementObservation,systolic blood pressure,bp_systolic,1,mm[Hg],phv00203340,third arm systolic blood pressure [ankle brachial bp (blood pressure - ultrasound work station). visit 3],mm[Hg],1,pht004042,phv00203348,,ARIC EXAM 3,,,,,,,,,0,,0,,,,,,1,
0,aric,MeasurementObservation,systolic blood pressure,bp_systolic,1,mm[Hg],phv00203342,sitting systolic blood pressure [ankle brachial bp (blood pressure - ultrasound work station). visit 3],mm[Hg],1,pht004042,phv00203348,,ARIC EXAM 3,,,,,,,,,0,,0,,,,,,1,
0,aric,MeasurementObservation,systolic blood pressure,bp_systolic,1,mm[Hg],phv00203344,first standing systolic blood pressure [ankle brachial bp (blood pressure - ultrasound work station). visit 3],mm[Hg],1,pht004042,phv00203348,,ARIC EXAM 3,,,,,,,,,0,,0,,,,,,1,
0,aric,MeasurementObservation,systolic blood pressure,bp_systolic,1,mm[Hg],phv00203346,second standing systolic blood pressure [ankle brachial bp (blood pressure - ultrasound work station). visit 3],mm[Hg],1,pht004042,phv00203348,,ARIC EXAM 3,,,,,,,,,0,,0,,,,,,1,
0,aric,MeasurementObservation,systolic blood pressure,bp_systolic,1,mm[Hg],phv00203358,ankle systolic blood pressure [ankle brachial bp (blood pressure - ultrasound work station). visit 4],mm[Hg],1,pht004043,phv00203372,,ARIC EXAM 4,,,,,,,,,0,,0,,,,,,1,
0,aric,MeasurementObservation,systolic blood pressure,bp_systolic,1,mm[Hg],phv00203360,first arm systolic blood pressure [ankle brachial bp (blood pressure - ultrasound work station). visit 4],mm[Hg],1,pht004043,phv00203372,,ARIC EXAM 4,,,,,,,,,0,,0,,,,,,1,
0,aric,MeasurementObservation,systolic blood pressure,bp_systolic,1,mm[Hg],phv00203362,second arm systolic blood pressure [ankle brachial bp (blood pressure - ultrasound work station). visit 4],mm[Hg],1,pht004043,phv00203372,,ARIC EXAM 4,,,,,,,,,0,,0,,,,,,1,
0,aric,MeasurementObservation,systolic blood pressure,bp_systolic,1,mm[Hg],phv00203364,third arm systolic blood pressure [ankle brachial bp (blood pressure - ultrasound work station). visit 4],mm[Hg],1,pht004043,phv00203372,,ARIC EXAM 4,,,,,,,,,0,,0,,,,,,1,
0,aric,MeasurementObservation,systolic blood pressure,bp_systolic,1,mm[Hg],phv00203366,sitting systolic blood pressure [ankle brachial bp (blood pressure - ultrasound work station). visit 4],mm[Hg],1,pht004043,phv00203372,,ARIC EXAM 4,,,,,,,,,0,,0,,,,,,1,
0,aric,MeasurementObservation,systolic blood pressure,bp_systolic,1,mm[Hg],phv00203368,first standing systolic blood pressure [ankle brachial bp (blood pressure - ultrasound work station). visit 4],mm[Hg],1,pht004043,phv00203372,,ARIC EXAM 4,,,,,,,,,0,,0,,,,,,1,
0,aric,MeasurementObservation,systolic blood pressure,bp_systolic,1,mm[Hg],phv00203370,second standing systolic blood pressure [ankle brachial bp (blood pressure - ultrasound work station). visit 4],mm[Hg],1,pht004043,phv00203372,,ARIC EXAM 4,,,,,,,,,0,,0,,,,,,1,
0,aric,MeasurementObservation,systolic blood pressure,bp_systolic,1,mm[Hg],phv00205847,"systolic blood pressure 7 [cohort (jackson only), exam 3]",mm[Hg],1,pht004079,phv00205920,,ARIC EXAM 3,,,,,,phv00510683,,,0,,0,,,,,,1,
0,aric,MeasurementObservation,systolic blood pressure,bp_systolic,1,mm[Hg],phv00210281,[first blood pressure measurement]. 1st systolic. q12 [siting blood pressure. sbpa. visit 1],mm[Hg],1,pht004192,phv00210296,,ARIC EXAM 1,,,,,,,,,0,,0,,,,,,1,
0,aric,MeasurementObservation,systolic blood pressure,bp_systolic,1,mm[Hg],phv00210284,[second blood pressure measurement]. 2nd systolic. q15 [siting blood pressure. sbpa. visit 1],mm[Hg],1,pht004192,phv00210296,,ARIC EXAM 1,,,,,,,,,0,,0,,,,,,1,
0,aric,MeasurementObservation,systolic blood pressure,bp_systolic,1,mm[Hg],phv00210286,[second blood pressure measurement]. 2nd zero reading. q17 [siting blood pressure. sbpa. visit 1],mm[Hg],1,pht004192,phv00210296,,ARIC EXAM 1,,,,,,,,,0,,0,,,,,,1,
0,aric,MeasurementObservation,systolic blood pressure,bp_systolic,1,mm[Hg],phv00210287,[third blood pressure measurement]. 3rd systolic. q18 [siting blood pressure. sbpa. visit 1],mm[Hg],1,pht004192,phv00210296,,ARIC EXAM 1,,,,,,,,,0,,0,,,,,,1,
0,aric,MeasurementObservation,systolic blood pressure,bp_systolic,1,mm[Hg],phv00210289,[third blood pressure measurement]. 3rd zero reading. q20 [siting blood pressure. sbpa. visit 1],mm[Hg],1,pht004192,phv00210296,,ARIC EXAM 1,,,,,,,,,0,,0,,,,,,1,
0,aric,MeasurementObservation,systolic blood pressure,bp_systolic,1,mm[Hg],phv00210290,[computed net average of second and third blood pressure measurement]. 2nd and 3rd systolic. q21 [siting blood pressure. sbpa. visit 1],mm[Hg],1,pht004192,phv00210296,,ARIC EXAM 1,,,,,,,,,0,,0,,,,,,1,
0,aric,MeasurementObservation,systolic blood pressure,bp_systolic,1,mm[Hg],phv00210307,"first blood pressure measurement, systolic. q12 [sitting blood pressure. sbpb02. visit 2]",mm[Hg],1,pht004193,phv00210321,,ARIC EXAM 2,,,,,,,,,0,,0,,,,,,1,
0,aric,MeasurementObservation,systolic blood pressure,bp_systolic,1,mm[Hg],phv00210310,"second blood pressure measurement, systolic. q15 [sitting blood pressure. sbpb02. visit 2]",mm[Hg],1,pht004193,phv00210321,,ARIC EXAM 2,,,,,,,,,0,,0,,,,,,1,
0,aric,MeasurementObservation,systolic blood pressure,bp_systolic,1,mm[Hg],phv00210313,"third blood pressure measurement, systolic. q18 [sitting blood pressure. sbpb02. visit 2]",mm[Hg],1,pht004193,phv00210321,,ARIC EXAM 2,,,,,,,,,0,,0,,,,,,1,
0,aric,MeasurementObservation,systolic blood pressure,bp_systolic,1,mm[Hg],phv00210316,"computed net average of second and third blood pressure measurements, systolic. q21 [sitting blood pressure. sbpb02. visit 2]",mm[Hg],1,pht004193,phv00210321,,ARIC EXAM 2,,,,,,,,,0,,0,,,,,,1,
0,aric,MeasurementObservation,systolic blood pressure,bp_systolic,1,mm[Hg],phv00210331,"1st systolic blood pressure measurement, systolic. q13 [sitting blood pressure. sbpc04_02. visit 3]",mm[Hg],1,pht004194,phv00210347,,ARIC EXAM 3,,,,,,,,,0,,0,,,,,,1,
0,aric,MeasurementObservation,systolic blood pressure,bp_systolic,1,mm[Hg],phv00210334,"2nd systolic blood pressure measurement, systolic. q16 [sitting blood pressure. sbpc04_02. visit 3]",mm[Hg],1,pht004194,phv00210347,,ARIC EXAM 3,,,,,,,,,0,,0,,,,,,1,
0,aric,MeasurementObservation,systolic blood pressure,bp_systolic,1,mm[Hg],phv00210337,"3rd systolic blood pressure measurement, systolic. q19 [sitting blood pressure. sbpc04_02. visit 3]",mm[Hg],1,pht004194,phv00210347,,ARIC EXAM 3,,,,,,,,,0,,0,,,,,,1,
0,aric,MeasurementObservation,systolic blood pressure,bp_systolic,1,mm[Hg],phv00210340,[computed net average of second and third blood pressure measurements]. 2nd and 3rd systolic blood pressure average. q22 [sitting blood pressure. sbpc04_02. visit 3],mm[Hg],1,pht004194,phv00210347,,ARIC EXAM 3,,,,,,,,,0,,0,,,,,,1,
0,aric,MeasurementObservation,systolic blood pressure,bp_systolic,1,mm[Hg],phv00210357,1st systolic blood pressure measurement. q13 [sitting blood pressure. sbpd04_02. visit 4],mm[Hg],1,pht004195,phv00210370,,ARIC EXAM 4,,,,,,,,,0,,0,,,,,,1,
0,aric,MeasurementObservation,systolic blood pressure,bp_systolic,1,mm[Hg],phv00210360,2nd systolic blood pressure measurement. q16 [sitting blood pressure. sbpd04_02. visit 4],mm[Hg],1,pht004195,phv00210370,,ARIC EXAM 4,,,,,,,,,0,,0,,,,,,1,
0,aric,MeasurementObservation,systolic blood pressure,bp_systolic,1,mm[Hg],phv00210363,1st and 2nd systolic blood pressure average. q19 [sitting blood pressure. sbpd04_02. visit 4],mm[Hg],1,pht004195,phv00210370,,ARIC EXAM 4,,,,,,,,,0,,0,,,,,,1,
0,aric,MeasurementObservation,systolic blood pressure,bp_systolic,1,mm[Hg],phv00215412,systolic blood pressure [bp] 1 [carotid distensibility. udta. visit 1],mm[Hg],1,pht004229,phv00215518,,ARIC EXAM 1,,,,,,,,,0,,0,,,,,,1,
0,aric,MeasurementObservation,systolic blood pressure,bp_systolic,1,mm[Hg],phv00215414,systolic blood pressure [bp] 2 [carotid distensibility. udta. visit 1],mm[Hg],1,pht004229,phv00215518,,ARIC EXAM 1,,,,,,,,,0,,0,,,,,,1,
0,aric,MeasurementObservation,systolic blood pressure,bp_systolic,1,mm[Hg],phv00215416,mean systolic blood pressure [bp] [carotid distensibility. udta. visit 1],mm[Hg],1,pht004229,phv00215518,,ARIC EXAM 1,,,,,,,,,0,,0,,,,,,1,
0,aric,MeasurementObservation,systolic blood pressure,bp_systolic,1,mm[Hg],phv00215520,systolic blood pressure [bp] 1 [carotid distensibility. udtb. visit 2],mm[Hg],1,pht004230,phv00215626,,ARIC EXAM 2,,,,,,,,,0,,0,,,,,,1,
0,aric,MeasurementObservation,systolic blood pressure,bp_systolic,1,mm[Hg],phv00215522,systolic blood pressure [bp] 2 [carotid distensibility. udtb. visit 2],mm[Hg],1,pht004230,phv00215626,,ARIC EXAM 2,,,,,,,,,0,,0,,,,,,1,
0,aric,MeasurementObservation,systolic blood pressure,bp_systolic,1,mm[Hg],phv00215524,mean systolic blood pressure [bp] [carotid distensibility. udtb. visit 2],mm[Hg],1,pht004230,phv00215626,,ARIC EXAM 2,,,,,,,,,0,,0,,,,,,1,
0,aric,MeasurementObservation,systolic blood pressure,bp_systolic,1,mm[Hg],phv00294506,"right brachial systolic blood pressure, rbsys [ankle brachial bp index. abi. visit 5]",mm[Hg],1,pht006414,phv00294489,,ARIC EXAM 5,,,,,,phv00294491,,,0,,0,,,,,,1,
0,aric,MeasurementObservation,systolic blood pressure,bp_systolic,1,mm[Hg],phv00294509,"left brachial systolic blood pressure, lbsys [ankle brachial bp index. abi. visit 5]",mm[Hg],1,pht006414,phv00294489,,ARIC EXAM 5,,,,,,phv00294491,,,0,,0,,,,,,1,
0,aric,MeasurementObservation,systolic blood pressure,bp_systolic,1,mm[Hg],phv00294512,"right ankle systolic blood pressure, rasys [ankle brachial bp index. abi. visit 5]",mm[Hg],1,pht006414,phv00294489,,ARIC EXAM 5,,,,,,phv00294491,,,0,,0,,,,,,1,
0,aric,MeasurementObservation,systolic blood pressure,bp_systolic,1,mm[Hg],phv00294515,"left ankle systolic blood pressure, lasys [ankle brachial bp index. abi. visit 5]",mm[Hg],1,pht006414,phv00294489,,ARIC EXAM 5,,,,,,phv00294491,,,0,,0,,,,,,1,
0,aric,MeasurementObservation,systolic blood pressure,bp_systolic,1,mm[Hg],phv00294568,"right brachial systolic blood pressure, rbsys [ankle brachial index - derived. abi_derv. visit 5]",mm[Hg],1,pht006415,phv00294559,,ARIC EXAM 5,,,,,,phv00294561,,,0,,0,,,,,,1,
0,aric,MeasurementObservation,systolic blood pressure,bp_systolic,1,mm[Hg],phv00294571,"left brachial systolic blood pressure, lbsys [ankle brachial index - derived. abi_derv. visit 5]",mm[Hg],1,pht006415,phv00294559,,ARIC EXAM 5,,,,,,phv00294561,,,0,,0,,,,,,1,
0,aric,MeasurementObservation,systolic blood pressure,bp_systolic,1,mm[Hg],phv00294574,"right ankle systolic blood pressure, rasys [ankle brachial index - derived. abi_derv. visit 5]",mm[Hg],1,pht006415,phv00294559,,ARIC EXAM 5,,,,,,phv00294561,,,0,,0,,,,,,1,
0,aric,MeasurementObservation,systolic blood pressure,bp_systolic,1,mm[Hg],phv00294577,"left ankle systolic blood pressure, lasys [ankle brachial index - derived. abi_derv. visit 5]",mm[Hg],1,pht006415,phv00294559,,ARIC EXAM 5,,,,,,phv00294561,,,0,,0,,,,,,1,
0,aric,MeasurementObservation,total cholesterol in blood,tot_chol_bld,1,mg/dL,phv00204875,total cholesterol in si units [cohort. visit 3],mmol/L,1,pht004064,phv00204919,,ARIC EXAM 3,,,,,,phv00204871,,,0,,0,,,,,,1,
0,aric,MeasurementObservation,total cholesterol in blood,tot_chol_bld,1,mg/dL,phv00507328,total cholesterol in si units [visit 7/ncs derived variable dataset. derive71],mmol/L,1,pht012504,phv00507300,,ARIC EXAM 7,,,,,,phv00507307,,,0,,0,,,,,,1,
0,aric,MeasurementObservation,total cholesterol in blood,tot_chol_bld,1,mg/dL,phv00510816,total cholesterol string [central lab data],,1,pht006444,phv00296690,,ARIC EXAM 5,,,,,,,,,0,,0,,,,1,,,
0,aric,MeasurementObservation,total cholesterol in blood,tot_chol_bld,1,mg/dL,phv00511986,"v4 total cholesterol in si units [derived variable dataset, visit 4]",mmol/L,1,pht012813,phv00511942,,ARIC EXAM 4,,,,,,phv00511996,,,0,,0,,,,,,1,
0,aric,MeasurementObservation,total cholesterol in blood,tot_chol_bld,1,mg/dL,phv00512073,total cholesterol in si units [cohort visit derived variables. visit 5],mmol/L,1,pht012814,phv00512039,,ARIC EXAM 5,,,,,,phv00512050,,,0,,0,,,,,,1,
0,aric,MeasurementObservation,total cholesterol in blood,tot_chol_bld,1,mg/dL,phv00512243,total cholesterol in si units [1.83606 - 12.69726 ( median=4.42206 mean=4.504464 std=1.043148 )] [cohort visit derived variables. derive61. visit 6],mmol/L,1,pht012815,phv00512222,,ARIC EXAM 6,,,,,,phv00512229,,,0,,0,,,,,,1,
0,aric,MeasurementObservation,triglycerides in blood,triglyc_bld,1,mg/dL,phv00204731,triglycerides <= 400 mg/dl [cohort. visit 1],,1,pht004063,phv00204812,,ARIC EXAM 1,,,,,,phv00204712,,,0,,0,,,,1,,,
0,aric,MeasurementObservation,triglycerides in blood,triglyc_bld,1,mg/dL,phv00204876,triglycerides <= 400 mg/dl [cohort. visit 3],,1,pht004064,phv00204919,,ARIC EXAM 3,,,,,,phv00204871,,,0,,0,,,,1,,,
0,aric,MeasurementObservation,triglycerides in blood,triglyc_bld,1,mg/dL,phv00204877,triglycerides in si units [cohort. visit 3],mmol/L,1,pht004064,phv00204919,,ARIC EXAM 3,,,,,,phv00204871,,,0,,0,,,,,,,
0,aric,MeasurementObservation,triglycerides in blood,triglyc_bld,1,mg/dL,phv00207649,triglyceride (value). q2a [lipid lab. lipb. visit 2],mg/dL,1,pht004122,phv00207655,,ARIC EXAM 2,,,,,,,,,0,,0,,,,,,1,
0,aric,MeasurementObservation,triglycerides in blood,triglyc_bld,1,mg/dL,phv00207650,triglyceride (run). q2b [lipid lab. lipb. visit 2],,1,pht004122,phv00207655,,ARIC EXAM 2,,,,,,,,,0,,0,,,,1,,,
0,aric,MeasurementObservation,triglycerides in blood,triglyc_bld,1,mg/dL,phv00207657,triglyceride (run). q2b [lipid lab. lipc04. visit 3],,1,pht004123,phv00207667,,ARIC EXAM 3,,,,,,,,,0,,0,,,,1,,,
0,aric,MeasurementObservation,triglycerides in blood,triglyc_bld,1,mg/dL,phv00207669,triglyceride (run). q2b [lipid lab. lipd04. visit 4],,1,pht004124,phv00207685,,ARIC EXAM 4,,,,,,,,,0,,0,,,,1,,,
0,aric,MeasurementObservation,triglycerides in blood,triglyc_bld,1,mg/dL,phv00207676,triglyceride (value). q2a [lipid lab. lipd04. visit 4],mg/dL,1,pht004124,phv00207685,,ARIC EXAM 4,,,,,,,,,0,,0,,,,,,1,
0,aric,MeasurementObservation,triglycerides in blood,triglyc_bld,1,mg/dL,phv00506878,"triglycerides results status (a=alert, r=referral, n=normal)",,1,pht012502,phv00506823,,ARIC COHORT,,,,,,,,,0,,0,,,,1,,,
0,aric,MeasurementObservation,triglycerides in blood,triglyc_bld,1,mg/dL,phv00507327,triglycerides less than or equal to 400 mg/dl [visit 7/ncs derived variable dataset. derive71],,1,pht012504,phv00507300,,ARIC EXAM 7,,,,,,phv00507307,,,0,,0,,,,1,,,
0,aric,MeasurementObservation,triglycerides in blood,triglyc_bld,1,mg/dL,phv00507331,triglycerides in si units [visit 7/ncs derived variable dataset. derive71],mmol/L,1,pht012504,phv00507300,,ARIC EXAM 7,,,,,,phv00507307,,,0,,0,,,,,,1,
0,aric,MeasurementObservation,triglycerides in blood,triglyc_bld,1,mg/dL,phv00510817,total triglycerides string [central lab data],,1,pht006444,phv00296690,,ARIC EXAM 5,,,,,,,,,0,,0,,,,1,,,
0,aric,MeasurementObservation,triglycerides in blood,triglyc_bld,1,mg/dL,phv00511704,"triglycerides results status (a=alert, r=referral, n=normal)",,1,pht012811,phv00511637,,ARIC COHORT,,,,,,,,,0,,0,,,,1,,,
0,aric,MeasurementObservation,triglycerides in blood,triglyc_bld,1,mg/dL,phv00511989,"v4 triglycerides in si units [derived variable dataset, visit 4]",mmol/L,1,pht012813,phv00511942,,ARIC EXAM 4,,,,,,phv00511996,,,0,,0,,,,,,1,
0,aric,MeasurementObservation,triglycerides in blood,triglyc_bld,1,mg/dL,phv00511997,"triglycerides <= 400 mg/dl [derived variable dataset, visit 4]",,1,pht012813,phv00511942,,ARIC EXAM 4,,,,,,phv00511996,,,0,,0,,,,1,,,
0,aric,MeasurementObservation,triglycerides in blood,triglyc_bld,1,mg/dL,phv00512076,triglycerides in si units [cohort visit derived variables. visit 5],mmol/L,1,pht012814,phv00512039,,ARIC EXAM 5,,,,,,phv00512050,,,0,,0,,,,,,1,
0,aric,MeasurementObservation,triglycerides in blood,triglyc_bld,1,mg/dL,phv00512102,triglycerides less than or equal to 400 mg/dl [cohort visit derived variables. visit 5],,1,pht012814,phv00512039,,ARIC EXAM 5,,,,,,phv00512050,,,0,,0,,,,1,,,
0,aric,MeasurementObservation,triglycerides in blood,triglyc_bld,1,mg/dL,phv00512242,triglycerides less than or equal to 400 mg/dl [cohort visit derived variables. derive61. visit 6],,1,pht012815,phv00512222,,ARIC EXAM 6,,,,,,phv00512229,,,0,,0,,,,1,,,
0,aric,MeasurementObservation,triglycerides in blood,triglyc_bld,1,mg/dL,phv00512246,triglycerides in si units [cohort visit derived variables. derive61. visit 6],mmol/L,1,pht012815,phv00512222,,ARIC EXAM 6,,,,,,phv00512229,,,0,,0,,,,,,,
0,aric,MeasurementObservation,troponin all types,troponin,1,ng/mL,phv00204107,q45m. biomarkers: day one: value: troponin i [hospital abstraction form. hra. version f],ng/mL,1,pht004053,phv00204295,,ARIC HOSPITAL FORM,,,,,,,,,0,,0,,,,1,,1,"out of scope due to being broken into I and T types, see GitHub issue 200"
0,aric,MeasurementObservation,troponin all types,troponin,1,ng/mL,phv00204108,q45o. biomarkers: day one: value: troponin t [hospital abstraction form. hra. version f],ng/mL,1,pht004053,phv00204295,,ARIC HOSPITAL FORM,,,,,,,,,0,,0,,,,1,,1,"out of scope due to being broken into I and T types, see GitHub issue 225"
0,aric,MeasurementObservation,troponin all types,troponin,1,ng/mL,phv00204109,q43u. range 1: upper limit of normal: troponin i [hospital abstraction form. hra. version f],,1,pht004053,phv00204295,,ARIC HOSPITAL FORM,,,,,,,,,0,,0,,,,1,,,"out of scope due to being broken into I and T types, see GitHub issue 224"
0,aric,MeasurementObservation,troponin all types,troponin,1,ng/mL,phv00204110,q43v. range 1: special units: troponin i [hospital abstraction form. hra. version f],,1,pht004053,phv00204295,,ARIC HOSPITAL FORM,,,,,,,,,0,,0,,,,1,,,"out of scope due to being broken into I and T types, see GitHub issue 234"
0,aric,MeasurementObservation,troponin all types,troponin,1,ng/mL,phv00204111,q43w. range 1: upper limit of normal: troponin t [hospital abstraction form. hra. version f],,1,pht004053,phv00204295,,ARIC HOSPITAL FORM,,,,,,,,,0,,0,,,,1,,,"out of scope due to being broken into I and T types, see GitHub issue 239"
0,aric,MeasurementObservation,troponin all types,troponin,1,ng/mL,phv00204112,q43x. range 1: special units: troponin t [hospital abstraction form. hra. version f],,1,pht004053,phv00204295,,ARIC HOSPITAL FORM,,,,,,,,,0,,0,,,,1,,,"out of scope due to being broken into I and T types, see GitHub issue 198"
0,aric,MeasurementObservation,troponin all types,troponin,1,ng/mL,phv00204113,q43bb. range 2: upper limit normal: troponin t [hospital abstraction form. hra. version f],,1,pht004053,phv00204295,,ARIC HOSPITAL FORM,,,,,,,,,0,,0,,,,1,,,"out of scope due to being broken into I and T types, see GitHub issue 238"
0,aric,MeasurementObservation,troponin all types,troponin,1,ng/mL,phv00204114,q43y. range 2: upper limit normal: troponin i [hospital abstraction form. hra. version f],,1,pht004053,phv00204295,,ARIC HOSPITAL FORM,,,,,,,,,0,,0,,,,1,,,"out of scope due to being broken into I and T types, see GitHub issue 213"
0,aric,MeasurementObservation,troponin all types,troponin,1,ng/mL,phv00204115,q43z. range 2: special units: troponin i [hospital abstraction form. hra. version f],,1,pht004053,phv00204295,,ARIC HOSPITAL FORM,,,,,,,,,0,,0,,,,1,,,"out of scope due to being broken into I and T types, see GitHub issue 214"
0,aric,MeasurementObservation,troponin all types,troponin,1,ng/mL,phv00204116,q43aa. range 2: upper limit normal: troponin t [hospital abstraction form. hra. version f],,1,pht004053,phv00204295,,ARIC HOSPITAL FORM,,,,,,,,,0,,0,,,,1,,,"out of scope due to being broken into I and T types, see GitHub issue 223"
0,aric,MeasurementObservation,troponin all types,troponin,1,ng/mL,phv00204117,q45n. biomarkers: day one: range set: troponin i [hospital abstraction form. hra. version f],,1,pht004053,phv00204295,,ARIC HOSPITAL FORM,,,,,,,,,0,,0,,,,1,,,"out of scope due to being broken into I and T types, see GitHub issue 211"
0,aric,MeasurementObservation,troponin all types,troponin,1,ng/mL,phv00204118,q45p. biomarkers: day one: range set: troponin t [hospital abstraction form. hra. version f],,1,pht004053,phv00204295,,ARIC HOSPITAL FORM,,,,,,,,,0,,0,,,,1,,,"out of scope due to being broken into I and T types, see GitHub issue 203"
0,aric,MeasurementObservation,troponin all types,troponin,1,ng/mL,phv00204119,q46m. biomarkers: day one: value: troponin i [hospital abstraction form. hra. version f],ng/mL,1,pht004053,phv00204295,,ARIC HOSPITAL FORM,,,,,,,,,0,,0,,,,1,,1,"out of scope due to being broken into I and T types, see GitHub issue 241"
0,aric,MeasurementObservation,troponin all types,troponin,1,ng/mL,phv00204120,q46o. biomarkers: day one: value: troponin t [hospital abstraction form. hra. version f],ng/mL,1,pht004053,phv00204295,,ARIC HOSPITAL FORM,,,,,,,,,0,,0,,,,1,,1,"out of scope due to being broken into I and T types, see GitHub issue 219"
0,aric,MeasurementObservation,troponin all types,troponin,1,ng/mL,phv00204121,q47m. biomarkers: day one: value: troponin i [hospital abstraction form. hra. version f],ng/mL,1,pht004053,phv00204295,,ARIC HOSPITAL FORM,,,,,,,,,0,,0,,,,1,,1,"out of scope due to being broken into I and T types, see GitHub issue 243"
0,aric,MeasurementObservation,troponin all types,troponin,1,ng/mL,phv00204122,q47o. biomarkers: day one: value: troponin t [hospital abstraction form. hra. version f],ng/mL,1,pht004053,phv00204295,,ARIC HOSPITAL FORM,,,,,,,,,0,,0,,,,1,,1,"out of scope due to being broken into I and T types, see GitHub issue 226"
0,aric,MeasurementObservation,troponin all types,troponin,1,ng/mL,phv00204123,q49m. biomarkers: day two: value: troponin i [hospital abstraction form. hra. version f],ng/mL,1,pht004053,phv00204295,,ARIC HOSPITAL FORM,,,,,,,,,0,,0,,,,1,,1,"out of scope due to being broken into I and T types, see GitHub issue 235"
0,aric,MeasurementObservation,troponin all types,troponin,1,ng/mL,phv00204124,q49o. biomarkers: day two: value: troponin t [hospital abstraction form. hra. version f],ng/mL,1,pht004053,phv00204295,,ARIC HOSPITAL FORM,,,,,,,,,0,,0,,,,1,,1,"out of scope due to being broken into I and T types, see GitHub issue 233"
0,aric,MeasurementObservation,troponin all types,troponin,1,ng/mL,phv00204125,q50m. biomarkers: day two: value: troponin i [hospital abstraction form. hra. version f],ng/mL,1,pht004053,phv00204295,,ARIC HOSPITAL FORM,,,,,,,,,0,,0,,,,1,,1,"out of scope due to being broken into I and T types, see GitHub issue 218"
0,aric,MeasurementObservation,troponin all types,troponin,1,ng/mL,phv00204126,q50o. biomarkers: day two: value: troponin t [hospital abstraction form. hra. version f],ng/mL,1,pht004053,phv00204295,,ARIC HOSPITAL FORM,,,,,,,,,0,,0,,,,1,,1,"out of scope due to being broken into I and T types, see GitHub issue 209"
0,aric,MeasurementObservation,troponin all types,troponin,1,ng/mL,phv00204127,q52m. biomarkers: day three: value: troponin i [hospital abstraction form. hra. version f],ng/mL,1,pht004053,phv00204295,,ARIC HOSPITAL FORM,,,,,,,,,0,,0,,,,1,,1,"out of scope due to being broken into I and T types, see GitHub issue 197"
0,aric,MeasurementObservation,troponin all types,troponin,1,ng/mL,phv00204128,q52o. biomarkers: day three: value: troponin t [hospital abstraction form. hra. version f],ng/mL,1,pht004053,phv00204295,,ARIC HOSPITAL FORM,,,,,,,,,0,,0,,,,1,,1,"out of scope due to being broken into I and T types, see GitHub issue 220"
0,aric,MeasurementObservation,troponin all types,troponin,1,ng/mL,phv00204129,q53m. biomarkers: day three: value: troponin i [hospital abstraction form. hra. version f],ng/mL,1,pht004053,phv00204295,,ARIC HOSPITAL FORM,,,,,,,,,0,,0,,,,1,,1,"out of scope due to being broken into I and T types, see GitHub issue 236"
0,aric,MeasurementObservation,troponin all types,troponin,1,ng/mL,phv00204130,q53o. biomarkers: day three: value: troponin t [hospital abstraction form. hra. version f],ng/mL,1,pht004053,phv00204295,,ARIC HOSPITAL FORM,,,,,,,,,0,,0,,,,1,,1,"out of scope due to being broken into I and T types, see GitHub issue 227"
0,aric,MeasurementObservation,troponin all types,troponin,1,ng/mL,phv00204131,q55m. biomarkers: day four: value: troponin i [hospital abstraction form. hra. version f],ng/mL,1,pht004053,phv00204295,,ARIC HOSPITAL FORM,,,,,,,,,0,,0,,,,1,,1,"out of scope due to being broken into I and T types, see GitHub issue 208"
0,aric,MeasurementObservation,troponin all types,troponin,1,ng/mL,phv00204132,q46n. biomarkers: day one: range set: troponin i [hospital abstraction form. hra. version f],,1,pht004053,phv00204295,,ARIC HOSPITAL FORM,,,,,,,,,0,,0,,,,1,,,"out of scope due to being broken into I and T types, see GitHub issue 195"
0,aric,MeasurementObservation,troponin all types,troponin,1,ng/mL,phv00204133,q46p. biomarkers: day one: range set: troponin t [hospital abstraction form. hra. version f],,1,pht004053,phv00204295,,ARIC HOSPITAL FORM,,,,,,,,,0,,0,,,,1,,,"out of scope due to being broken into I and T types, see GitHub issue 205"
0,aric,MeasurementObservation,troponin all types,troponin,1,ng/mL,phv00204134,q47n. biomarkers: day one: range set: troponin i [hospital abstraction form. hra. version f],,1,pht004053,phv00204295,,ARIC HOSPITAL FORM,,,,,,,,,0,,0,,,,1,,,"out of scope due to being broken into I and T types, see GitHub issue 206"
0,aric,MeasurementObservation,troponin all types,troponin,1,ng/mL,phv00204135,q47p. biomarkers: day one: range set: troponin t [hospital abstraction form. hra. version f],,1,pht004053,phv00204295,,ARIC HOSPITAL FORM,,,,,,,,,0,,0,,,,1,,,"out of scope due to being broken into I and T types, see GitHub issue 202"
0,aric,MeasurementObservation,troponin all types,troponin,1,ng/mL,phv00204136,q49n. biomarkers: day two: range set: troponin i [hospital abstraction form. hra. version f],,1,pht004053,phv00204295,,ARIC HOSPITAL FORM,,,,,,,,,0,,0,,,,1,,,"out of scope due to being broken into I and T types, see GitHub issue 199"
0,aric,MeasurementObservation,troponin all types,troponin,1,ng/mL,phv00204137,q49p. biomarkers: day two: range set: troponin t [hospital abstraction form. hra. version f],,1,pht004053,phv00204295,,ARIC HOSPITAL FORM,,,,,,,,,0,,0,,,,1,,,"out of scope due to being broken into I and T types, see GitHub issue 228"
0,aric,MeasurementObservation,troponin all types,troponin,1,ng/mL,phv00204138,q50n. biomarkers: day two: range set: troponin i [hospital abstraction form. hra. version f],,1,pht004053,phv00204295,,ARIC HOSPITAL FORM,,,,,,,,,0,,0,,,,1,,,"out of scope due to being broken into I and T types, see GitHub issue 215"
0,aric,MeasurementObservation,troponin all types,troponin,1,ng/mL,phv00204139,q50p. biomarkers: day two: range set: troponin t [hospital abstraction form. hra. version f],,1,pht004053,phv00204295,,ARIC HOSPITAL FORM,,,,,,,,,0,,0,,,,1,,,"out of scope due to being broken into I and T types, see GitHub issue 229"
0,aric,MeasurementObservation,troponin all types,troponin,1,ng/mL,phv00204140,q52n. biomarkers: day three: range set: troponin i [hospital abstraction form. hra. version f],,1,pht004053,phv00204295,,ARIC HOSPITAL FORM,,,,,,,,,0,,0,,,,1,,,"out of scope due to being broken into I and T types, see GitHub issue 207"
0,aric,MeasurementObservation,troponin all types,troponin,1,ng/mL,phv00204141,q52p. biomarkers: day three: range set: troponin t [hospital abstraction form. hra. version f],,1,pht004053,phv00204295,,ARIC HOSPITAL FORM,,,,,,,,,0,,0,,,,1,,,"out of scope due to being broken into I and T types, see GitHub issue 210"
0,aric,MeasurementObservation,troponin all types,troponin,1,ng/mL,phv00204142,q53n. biomarkers: day three: range set: troponin i [hospital abstraction form. hra. version f],,1,pht004053,phv00204295,,ARIC HOSPITAL FORM,,,,,,,,,0,,0,,,,1,,,"out of scope due to being broken into I and T types, see GitHub issue 217"
0,aric,MeasurementObservation,troponin all types,troponin,1,ng/mL,phv00204143,q53p. biomarkers: day three: range set: troponin t [hospital abstraction form. hra. version f],,1,pht004053,phv00204295,,ARIC HOSPITAL FORM,,,,,,,,,0,,0,,,,1,,,"out of scope due to being broken into I and T types, see GitHub issue 231"
0,aric,MeasurementObservation,troponin all types,troponin,1,ng/mL,phv00204144,q55n. biomarkers: day four: range set: troponin i [hospital abstraction form. hra. version f],,1,pht004053,phv00204295,,ARIC HOSPITAL FORM,,,,,,,,,0,,0,,,,1,,,"out of scope due to being broken into I and T types, see GitHub issue 196"
0,aric,MeasurementObservation,troponin all types,troponin,1,ng/mL,phv00204145,q55o. biomarkers: day four: value: troponin t [hospital abstraction form. hra. version f],ng/mL,1,pht004053,phv00204295,,ARIC HOSPITAL FORM,,,,,,,,,0,,0,,,,1,,1,"out of scope due to being broken into I and T types, see GitHub issue 216"
0,aric,MeasurementObservation,troponin all types,troponin,1,ng/mL,phv00204146,q56m. biomarkers: day four: value: troponin i [hospital abstraction form. hra. version f],ng/mL,1,pht004053,phv00204295,,ARIC HOSPITAL FORM,,,,,,,,,0,,0,,,,1,,1,"out of scope due to being broken into I and T types, see GitHub issue 230"
0,aric,MeasurementObservation,troponin all types,troponin,1,ng/mL,phv00204147,q56o. biomarkers: day four: value: troponin t [hospital abstraction form. hra. version f],ng/mL,1,pht004053,phv00204295,,ARIC HOSPITAL FORM,,,,,,,,,0,,0,,,,1,,1,"out of scope due to being broken into I and T types, see GitHub issue 221"
0,aric,MeasurementObservation,troponin all types,troponin,1,ng/mL,phv00204148,q55p. biomarkers: day four: range set: troponin t [hospital abstraction form. hra. version f],,1,pht004053,phv00204295,,ARIC HOSPITAL FORM,,,,,,,,,0,,0,,,,1,,,"out of scope due to being broken into I and T types, see GitHub issue 222"
0,aric,MeasurementObservation,troponin all types,troponin,1,ng/mL,phv00204149,q56n. biomarkers: day four: range set: troponin i [hospital abstraction form. hra. version f],,1,pht004053,phv00204295,,ARIC HOSPITAL FORM,,,,,,,,,0,,0,,,,1,,,"out of scope due to being broken into I and T types, see GitHub issue 212"
0,aric,MeasurementObservation,troponin all types,troponin,1,ng/mL,phv00204150,q56p. biomarkers: day four: range set: troponin t [hospital abstraction form. hra. version f],,1,pht004053,phv00204295,,ARIC HOSPITAL FORM,,,,,,,,,0,,0,,,,1,,,"out of scope due to being broken into I and T types, see GitHub issue 194"
0,aric,MeasurementObservation,troponin all types,troponin,1,ng/mL,phv00419812,worst lab troponin t,ng/mL,1,pht009477,phv00419825,,ARIC COHORT,,,,,,phv00419796,,,0,,0,,,,1,,1,"out of scope due to being broken into I and T types, see GitHub issue 201"
0,aric,MeasurementObservation,troponin all types,troponin,1,ng/mL,phv00419813,last lab troponin t,ng/mL,1,pht009477,phv00419825,,ARIC COHORT,,,,,,phv00419796,,,0,,0,,,,1,,1,"out of scope due to being broken into I and T types, see GitHub issue 237"
0,aric,MeasurementObservation,troponin all types,troponin,1,ng/mL,phv00419814,worst lab troponin i,ng/mL,1,pht009477,phv00419825,,ARIC COHORT,,,,,,phv00419796,,,0,,0,,,,1,,1,"out of scope due to being broken into I and T types, see GitHub issue 232"
0,aric,MeasurementObservation,troponin all types,troponin,1,ng/mL,phv00419815,last lab troponin i,ng/mL,1,pht009477,phv00419825,,ARIC COHORT,,,,,,phv00419796,,,0,,0,,,,1,,1,"out of scope due to being broken into I and T types, see GitHub issue 240"
0,aric,MeasurementObservation,troponin all types,troponin,1,ng/mL,phv00510825,high sensitive troponin-t [central lab data],,1,pht006444,phv00296690,,ARIC EXAM 5,,,,,,,,,0,,0,,,,1,,,"out of scope due to being broken into I and T types, see GitHub issue 204"
0,aric,MeasurementObservation,troponin all types,troponin,1,ng/mL,phv00510826,"high sensitive troponin-t, freestyle [central lab data]",,1,pht006444,phv00296690,,ARIC EXAM 5,,,,,,,,,0,,0,,,,1,,,"out of scope due to being broken into I and T types, see GitHub issue 242"
0,aric,MeasurementObservation,von willebrand factor,willeb_fac,1,%{normal},phv00206654,von willebrand factor - antigen value [hemostasis lab. hema. visit 1],%{normal},1,pht004098,phv00206655,,ARIC EXAM 1,,,,,,,,,0,,0,,,,,,1,
0,aric,MeasurementObservation,waist-hip ratio,waist_hip,1,{ratio},phv00204723,waist-to-hip ratio [cohort. visit 1],{ratio},1,pht004063,phv00204812,,ARIC EXAM 1,,,,,,phv00204712,,,0,,0,,,,,,1,
0,aric,MeasurementObservation,waist-hip ratio,waist_hip,1,{ratio},phv00204872,waist-to-hip ratio [cohort. visit 3],{ratio},1,pht004064,phv00204919,,ARIC EXAM 3,,,,,,phv00204871,,,0,,0,,,,,,1,
0,aric,MeasurementObservation,waist-hip ratio,waist_hip,1,{ratio},phv00507315,waist-to-hip ratio [visit 7/ncs derived variable dataset. derive71],{ratio},1,pht012504,phv00507300,,ARIC EXAM 7,,,,,,phv00507307,,,0,,0,,,,,,1,
0,aric,MeasurementObservation,waist-hip ratio,waist_hip,1,{ratio},phv00511974,"waist-to-hip ratio [derived variable dataset, visit 4]",{ratio},1,pht012813,phv00511942,,ARIC EXAM 4,,,,,,phv00511996,,,0,,0,,,,,,1,
0,aric,MeasurementObservation,waist-hip ratio,waist_hip,1,{ratio},phv00512059,waist-to-hip ratio [cohort visit derived variables. visit 5],{ratio},1,pht012814,phv00512039,,ARIC EXAM 5,,,,,,phv00512050,,,0,,0,,,,,,1,
0,aric,MeasurementObservation,waist-hip ratio,waist_hip,1,{ratio},phv00512232,waist-to-hip ratio [cohort visit derived variables. derive61. visit 6],{ratio},1,pht012815,phv00512222,,ARIC EXAM 6,,,,,,phv00512229,,,0,,0,,,,,,1,
0,aric,MeasurementObservation,white blood cell count,whtbld_ct,1,10*3/uL,phv00207286,white blood count. q2 [hematology lab. hmtcv301. visit 3],10*9/L,1,pht004109,phv00207295,,ARIC EXAM 3,,,,,,,,,0,,0,,,,,,1,
0,aric,MeasurementObservation,white blood cell count,whtbld_ct,1,10*3/uL,phv00207298,white blood count. q2 [hematology lab. hmtcv401. visit 4],10*9/L,1,pht004110,phv00207307,,ARIC EXAM 4,,,,,,,,,0,,0,,,,,,1,
0,aric,MeasurementObservation,white blood cell count,whtbld_ct,1,10*3/uL,phv00507184,"wbc - white blood cells - numeric value x10e9/l [chemistry lab, chem2]",10*9/L,1,pht012503,phv00506928,,ARIC CHEM2,,,,,,,,,0,,0,,,,,,1,
0,aric,MeasurementObservation,white blood cell count,whtbld_ct,1,10*3/uL,phv00507185,"string result - wbc [chemistry lab, chem2]",,1,pht012503,phv00506928,,ARIC CHEM2,,,,,,,,,0,,0,,,,1,,,no data collected
0,aric,MeasurementObservation,white blood cell count,whtbld_ct,1,10*3/uL,phv00507186,"result status - wbc [chemistry lab, chem2]",,1,pht012503,phv00506928,,ARIC CHEM2,,,,,,,,,0,,0,,,,1,,,no data collected
